Durumu;Stok Kodu;Stok Adı;Üretim Kodu;Üretim Adı;Planlama Miktarı;Şube Kodu;Kaydeden;Kayıt Tarihi;Değiştiren;Değiştirme Tarihi;Ticari Ünvanı;Teslim Tarihi;Adı Soyadı
Reçete;ST00004;PATATES KIZARTMASI;BUR00001;PATATES KIZARTMASI;1;MERKEZ;MERKEZ;11.08.2025;MERKEZ;22.12.2025;;;
;Stok Kodu;Stok Adı;Miktarı;Fire Miktarı;Birimi;Toplam Miktar;Birimi;Depo Adı;;;;;
;st0000005;FRİTA YAĞI 18 LT;0,025;0;LİTRE;0,025;LİTRE;MERKEZ;;;;;
;st0000001;CAJUN BAHARATI 1000 GR;0,005;0;KİLOGRAM;0,005;KİLOGRAM;MERKEZ;;;;;
;st0000052;TEK KULLANIMLIK KETÇAP;1;0;ADET;1;ADET;MERKEZ;;;;;
;st0000053;TEK KULLANIMLIK MAYONEZ;1;0;ADET;1;ADET;MERKEZ;;;;;
;ST00202;SUPERFRESH 9*9 PATATES (KLASİK);0,16;0;KİLOGRAM;0,16;KİLOGRAM;MERKEZ;;;;;
;;;;;;;;;;;;;
Reçete;ST00008;ÇITIR TAVUKLU SALATA;BUR00008;ÇITIR TAVUKLU SALATA;1;MERKEZ;MERKEZ;12.08.2025;MERKEZ;22.12.2025;;;
;Stok Kodu;Stok Adı;Miktarı;Fire Miktarı;Birimi;Toplam Miktar;Birimi;Depo Adı;;;;;
;ST00007;MEVSİM SALATA;1;0;Adet;1;Adet;MERKEZ;;;;;
;ST00166;ÇITIR TAVUK BONFİLE PARÇALARI;0,1;0;KİLOGRAM;0,1;KİLOGRAM;MERKEZ;;;;;
;st0000005;FRİTA YAĞI 18 LT;0,025;0;LİTRE;0,025;LİTRE;MERKEZ;;;;;
;;;;;;;;;;;;;
Reçete;ST00006;PATSO;BUR00011;PATSO;1;MERKEZ;MERKEZ;13.08.2025;MERKEZ;22.12.2025;;;
;Stok Kodu;Stok Adı;Miktarı;Fire Miktarı;Birimi;Toplam Miktar;Birimi;Depo Adı;;;;;
;st0000001;CAJUN BAHARATI 1000 GR;0,005;0;KİLOGRAM;0,005;KİLOGRAM;MERKEZ;;;;;
;st0000005;FRİTA YAĞI 18 LT;0,025;0;LİTRE;0,025;LİTRE;MERKEZ;;;;;
;st0000431;SANDVİÇ EKMEĞİ BÜFE TİP 6*65 GR;1;0;ADET;0,167;PAKET;MERKEZ;;;;;
;st0000152;PINAR KETÇAP SERVİS 800 GR;0,03;0;KİLOGRAM;0,03;KİLOGRAM;MERKEZ;;;;;
;st0000111;PINAR MAYONEZ SERVİS 700 GR;0,035;0;KİLOGRAM;0,035;KİLOGRAM;MERKEZ;;;;;
;ST00202;SUPERFRESH 9*9 PATATES (KLASİK);0,16;0;KİLOGRAM;0,16;KİLOGRAM;MERKEZ;;;;;
;;;;;;;;;;;;;
Reçete;ST00010;ÇITIR TAVUKLU SANDWİÇ;BUR00013;ÇITIR TAVUKLU SANDWİÇ;1;MERKEZ;MERKEZ;13.08.2025;MERKEZ;22.12.2025;;;
;Stok Kodu;Stok Adı;Miktarı;Fire Miktarı;Birimi;Toplam Miktar;Birimi;Depo Adı;;;;;
;st0000431;SANDVİÇ EKMEĞİ BÜFE TİP 6*65 GR;1;0;ADET;0,167;PAKET;MERKEZ;;;;;
;st0000144;YOĞURT 2 KG;0,02;0;KİLOGRAM;0,02;KİLOGRAM;MERKEZ;;;;;
;st0000001;CAJUN BAHARATI 1000 GR;0,002;0;KİLOGRAM;0,002;KİLOGRAM;MERKEZ;;;;;
;st0000109;KEKİK 1000 GR;0,001;0;KİLOGRAM;0,001;KİLOGRAM;MERKEZ;;;;;
;st0000014;SAF TUZ 750 GR   ;0,002;0;KİLOGRAM;0,002;KİLOGRAM;MERKEZ;;;;;
;ST00182;KÜP KESİM SALATALIK TURŞUSU;0,01;0;KİLOGRAM;0,01;KİLOGRAM;MERKEZ;;;;;
;ST00166;ÇITIR TAVUK BONFİLE PARÇALARI;0,1;0;KİLOGRAM;0,1;KİLOGRAM;MERKEZ;;;;;
;st0000111;PINAR MAYONEZ SERVİS 700 GR;0,015;0;KİLOGRAM;0,015;KİLOGRAM;MERKEZ;;;;;
;st0000336;AKDENİZ SALATASI;0,05;0;KİLOGRAM;0,05;KİLOGRAM;MERKEZ;;;;;
;st0000173;HARUN DİLİM KAŞAR;0,04;0;KİLOGRAM;0,04;KİLOGRAM;MERKEZ;;;;;
;st0000005;FRİTA YAĞI 18 LT;0,025;0;LİTRE;0,025;LİTRE;MERKEZ;;;;;
;;;;;;;;;;;;;
Reçete;ST00183;SANDWİÇ SOSU;BUR00014;SANDWİÇ SOSU;1;MERKEZ;MERKEZ;22.08.2025;MERKEZ;22.12.2025;;;
;Stok Kodu;Stok Adı;Miktarı;Fire Miktarı;Birimi;Toplam Miktar;Birimi;Depo Adı;;;;;
;st0000144;YOĞURT 2 KG;0,02;0;KİLOGRAM;0,02;KİLOGRAM;MERKEZ;;;;;
;st0000109;KEKİK 1000 GR;0,001;0;KİLOGRAM;0,001;KİLOGRAM;MERKEZ;;;;;
;st0000001;CAJUN BAHARATI 1000 GR;0,002;0;KİLOGRAM;0,002;KİLOGRAM;MERKEZ;;;;;
;st0000014;SAF TUZ 750 GR   ;0,002;0;KİLOGRAM;0,002;KİLOGRAM;MERKEZ;;;;;
;st0000111;PINAR MAYONEZ SERVİS 700 GR;0,015;0;KİLOGRAM;0,015;KİLOGRAM;MERKEZ;;;;;
;;;;;;;;;;;;;
Reçete;ST00009;KAŞARLI SOĞUK SANDWİÇ;BUR00016;KAŞARLI SOĞUK SANDWİÇ;1;MERKEZ;MERKEZ;22.08.2025;MERKEZ;22.12.2025;;;
;Stok Kodu;Stok Adı;Miktarı;Fire Miktarı;Birimi;Toplam Miktar;Birimi;Depo Adı;;;;;
;st0000431;SANDVİÇ EKMEĞİ BÜFE TİP 6*65 GR;1;0;ADET;0,167;PAKET;MERKEZ;;;;;
;ST00183;SANDWİÇ SOSU;1;0;KİLOGRAM;1;KİLOGRAM;MERKEZ;;;;;
;st0000306;DOMATES;0,05;0;KİLOGRAM;0,05;KİLOGRAM;MERKEZ;;;;;
;st0000313;SALATALIK;0,05;0;KİLOGRAM;0,05;KİLOGRAM;MERKEZ;;;;;
;st0000191;TEKSEN SİYAH ZEYTİN EZMESİ 5 KG;0,01;0;KİLOGRAM;0,01;KİLOGRAM;MERKEZ;;;;;
;st0000173;HARUN DİLİM KAŞAR;0,04;0;KİLOGRAM;0,04;KİLOGRAM;MERKEZ;;;;;
;st0000336;AKDENİZ SALATASI;0,05;0;KİLOGRAM;0,05;KİLOGRAM;MERKEZ;;;;;
;;;;;;;;;;;;;
Reçete;ST00002;KAŞARLI TOST;BUR00018;KAŞARLI TOST;1;MERKEZ;MERKEZ;22.08.2025;MERKEZ;22.12.2025;;;
;Stok Kodu;Stok Adı;Miktarı;Fire Miktarı;Birimi;Toplam Miktar;Birimi;Depo Adı;;;;;
;ST00202;SUPERFRESH 9*9 PATATES (KLASİK);0,1;0;KİLOGRAM;0,1;KİLOGRAM;MERKEZ;;;;;
;st0000005;FRİTA YAĞI 18 LT;0,025;0;LİTRE;0,025;LİTRE;MERKEZ;;;;;
;st0000001;CAJUN BAHARATI 1000 GR;0,005;0;KİLOGRAM;0,005;KİLOGRAM;MERKEZ;;;;;
;st0000433;TOST EKMEĞİ 1000 GR;1;0;ADET;1;ADET;MERKEZ;;;;;
;st0000004;ÜLKER TEREMYAĞ KG ;0,01;0;KİLOGRAM;0,01;KİLOGRAM;MERKEZ;;;;;
;st0000173;HARUN DİLİM KAŞAR;0,04;0;KİLOGRAM;0,04;KİLOGRAM;MERKEZ;;;;;
;st0000052;TEK KULLANIMLIK KETÇAP;1;0;ADET;1;ADET;MERKEZ;;;;;
;st0000053;TEK KULLANIMLIK MAYONEZ;1;0;ADET;1;ADET;MERKEZ;;;;;
;;;;;;;;;;;;;
Reçete;ST00003;KARIŞIK SICAK TABAK;BUR00019;KARIŞIK SICAK TABAK;1;MERKEZ;MERKEZ;22.08.2025;MERKEZ;22.12.2025;;;
;Stok Kodu;Stok Adı;Miktarı;Fire Miktarı;Birimi;Toplam Miktar;Birimi;Depo Adı;;;;;
;st0000448;GEDİK PL. KOKT. SOSİS 1KG*8;0,08;0;KİLOGRAM;0,08;KİLOGRAM;MERKEZ;;;;;
;st0000009;PEKMEZCİ SİGARA BÖREĞİ (KALEM);0,05;0;KİLOGRAM;0,05;KİLOGRAM;MERKEZ;;;;;
;st0000001;CAJUN BAHARATI 1000 GR;0,005;0;KİLOGRAM;0,005;KİLOGRAM;MERKEZ;;;;;
;st0000005;FRİTA YAĞI 18 LT;0,05;0;LİTRE;0,05;LİTRE;MERKEZ;;;;;
;ST00202;SUPERFRESH 9*9 PATATES (KLASİK);0,13;0;KİLOGRAM;0,13;KİLOGRAM;MERKEZ;;;;;
;ST00166;ÇITIR TAVUK BONFİLE PARÇALARI;0,1;0;KİLOGRAM;0,1;KİLOGRAM;MERKEZ;;;;;
;st0000052;TEK KULLANIMLIK KETÇAP;2;0;ADET;2;ADET;MERKEZ;;;;;
;st0000053;TEK KULLANIMLIK MAYONEZ;2;0;ADET;2;ADET;MERKEZ;;;;;
;;;;;;;;;;;;;
Reçete;ST00005;FIRIN MAKARNA;BUR00022;FIRIN MAKARNA;1;MERKEZ;MERKEZ;22.08.2025;MERKEZ;22.12.2025;;;
;Stok Kodu;Stok Adı;Miktarı;Fire Miktarı;Birimi;Toplam Miktar;Birimi;Depo Adı;;;;;
;st0000160;FIRIN MAKARNA;0,06;0;KİLOGRAM;0,06;KİLOGRAM;MERKEZ;;;;;
;st0000020;OVA UN ;0,015;0;KİLOGRAM;0,015;KİLOGRAM;MERKEZ;;;;;
;st0000439;SÜT YARIM YAĞLI 1 LT;0,06;0;LİTRE;0,06;LİTRE;MERKEZ;;;;;
;st0000083;AYÇİÇEK YAĞI  LT;0,012;0;LİTRE;0,012;LİTRE;MERKEZ;;;;;
;st0000014;SAF TUZ 750 GR   ;0,003;0;KİLOGRAM;0,003;KİLOGRAM;MERKEZ;;;;;
;st0000030;RENDE MOZARELLA PEYNİR;0,012;0;KİLOGRAM;0,012;KİLOGRAM;MERKEZ;;;;;
;st0000382;YUMURTA 30 LU;1;0;ADET;1;ADET;MERKEZ;;;;;
;st0000015;KARABİBER 1000GR;0,003;0;KİLOGRAM;0,003;KİLOGRAM;MERKEZ;;;;;
;st0000110;TOZ BİBER;0,003;0;KİLOGRAM;0,003;KİLOGRAM;MERKEZ;;;;;
;ST00184;LOR PEYNİRİ;0,006;0;KİLOGRAM;0,006;KİLOGRAM;MERKEZ;;;;;
;;;;;;;;;;;;;
Reçete;ST00185;SALATA SOSU;BUR00023;SALATA SOSU;1;MERKEZ;MERKEZ;22.08.2025;MERKEZ;15.12.2025;;;
;Stok Kodu;Stok Adı;Miktarı;Fire Miktarı;Birimi;Toplam Miktar;Birimi;Depo Adı;;;;;
;st0000218;OLIOVILLA SIZMA Z.YAĞI LT;0,03;0;LİTRE;0,03;LİTRE;MERKEZ;;;;;
;st0000177;LİMON SOSU;0,01;0;LİTRE;0,01;LİTRE;MERKEZ;;;;;
;st0000014;SAF TUZ 750 GR   ;0,002;0;KİLOGRAM;0,002;KİLOGRAM;MERKEZ;;;;;
;st0000078;TOZ ŞEKER 50 KG;0,004;0;KİLOGRAM;0,004;KİLOGRAM;MERKEZ;;;;;
;;;;;;;;;;;;;
Reçete;ST00036;PATAT;BUR00024;PATAT;1;MERKEZ;MERKEZ;22.08.2025;MERKEZ;22.12.2025;;;
;Stok Kodu;Stok Adı;Miktarı;Fire Miktarı;Birimi;Toplam Miktar;Birimi;Depo Adı;;;;;
;st0000001;CAJUN BAHARATI 1000 GR;0,005;0;KİLOGRAM;0,005;KİLOGRAM;MERKEZ;;;;;
;st0000005;FRİTA YAĞI 18 LT;0,025;0;LİTRE;0,025;LİTRE;MERKEZ;;;;;
;st0000038;KARTON KÜLAH;1;0;ADET;1;ADET;MERKEZ;;;;;
;st0000152;PINAR KETÇAP SERVİS 800 GR;0,035;0;KİLOGRAM;0,035;KİLOGRAM;MERKEZ;;;;;
;st0000111;PINAR MAYONEZ SERVİS 700 GR;0,035;0;KİLOGRAM;0,035;KİLOGRAM;MERKEZ;;;;;
;ST00202;SUPERFRESH 9*9 PATATES (KLASİK);0,16;0;KİLOGRAM;0,16;KİLOGRAM;MERKEZ;;;;;
;;;;;;;;;;;;;
Reçete;ST00037;ÇITIR TAVUKLU PATAT;BUR00025;ÇITIR TAVUKLU PATAT;1;MERKEZ;MERKEZ;22.08.2025;MERKEZ;22.12.2025;;;
;Stok Kodu;Stok Adı;Miktarı;Fire Miktarı;Birimi;Toplam Miktar;Birimi;Depo Adı;;;;;
;st0000005;FRİTA YAĞI 18 LT;0,035;0;LİTRE;0,035;LİTRE;MERKEZ;;;;;
;st0000001;CAJUN BAHARATI 1000 GR;0,005;0;KİLOGRAM;0,005;KİLOGRAM;MERKEZ;;;;;
;st0000038;KARTON KÜLAH;1;0;ADET;1;ADET;MERKEZ;;;;;
;ST00166;ÇITIR TAVUK BONFİLE PARÇALARI;0,1;0;KİLOGRAM;0,1;KİLOGRAM;MERKEZ;;;;;
;st0000111;PINAR MAYONEZ SERVİS 700 GR;0,035;0;KİLOGRAM;0,035;KİLOGRAM;MERKEZ;;;;;
;st0000152;PINAR KETÇAP SERVİS 800 GR;0,035;0;KİLOGRAM;0,035;KİLOGRAM;MERKEZ;;;;;
;ST00202;SUPERFRESH 9*9 PATATES (KLASİK);0,13;0;KİLOGRAM;0,13;KİLOGRAM;MERKEZ;;;;;
;;;;;;;;;;;;;
Reçete;ST00015;KALBURABASTI;BUR00026;KALBURABASTI;50;MERKEZ;MERKEZ;22.08.2025;MERKEZ;9.12.2025;;;
;Stok Kodu;Stok Adı;Miktarı;Fire Miktarı;Birimi;Toplam Miktar;Birimi;Depo Adı;;;;;
;st0000083;AYÇİÇEK YAĞI  LT;2,3;0;LİTRE;2,3;LİTRE;MERKEZ;;;;;
;st0000439;SÜT YARIM YAĞLI 1 LT;1;0;LİTRE;1;LİTRE;MERKEZ;;;;;
;st0000062;PUDRA ŞEKERİ DÖKME;0,14;0;KİLOGRAM;0,14;KİLOGRAM;MERKEZ;;;;;
;st0000159;KABARTMA TOZU 1 KG;0,06;0;KİLOGRAM;0,06;KİLOGRAM;MERKEZ;;;;;
;st0000079;DR OETKER VANILYA 1 KG;0,03;0;KİLOGRAM;0,03;KİLOGRAM;MERKEZ;;;;;
;st0000020;OVA UN ;1,5;0;KİLOGRAM;1,5;KİLOGRAM;MERKEZ;;;;;
;st0000061;CEVİZ İÇİ;0,5;0;KİLOGRAM;0,5;KİLOGRAM;MERKEZ;;;;;
;st0000021;NİŞASTA 10 KG ;0,1;0;KİLOGRAM;0,1;KİLOGRAM;MERKEZ;;;;;
;st0000078;TOZ ŞEKER 50 KG;4;0;KİLOGRAM;4;KİLOGRAM;MERKEZ;;;;;
;ST00198;DAMACANA SU 1 LT;5;0;LİTRE;5;LİTRE;MERKEZ;;;;;
;;;;;;;;;;;;;
Reçete;ST00035;HOTDOG;BUR00027;HOTDOG;1;MERKEZ;MERKEZ;22.08.2025;MERKEZ;22.12.2025;;;
;Stok Kodu;Stok Adı;Miktarı;Fire Miktarı;Birimi;Toplam Miktar;Birimi;Depo Adı;;;;;
;st0000431;SANDVİÇ EKMEĞİ BÜFE TİP 6*65 GR;1;0;ADET;0,167;PAKET;MERKEZ;;;;;
;st0000013;SALÇA;0,035;0;KİLOGRAM;0,035;KİLOGRAM;MERKEZ;;;;;
;st0000083;AYÇİÇEK YAĞI  LT;0,005;0;LİTRE;0,005;LİTRE;MERKEZ;;;;;
;st0000014;SAF TUZ 750 GR   ;0,05;0;KİLOGRAM;0,05;KİLOGRAM;MERKEZ;;;;;
;st0000015;KARABİBER 1000GR;0,02;0;KİLOGRAM;0,02;KİLOGRAM;MERKEZ;;;;;
;st0000078;TOZ ŞEKER 50 KG;0,08;0;KİLOGRAM;0,08;KİLOGRAM;MERKEZ;;;;;
;st0000039;SANDIVIÇ KAĞIT HAMUR;0,002;0;KİLOGRAM;0,002;KİLOGRAM;MERKEZ;;;;;
;st0000050;KARTON KUMPİR 100'LÜ PAKET;1;0;ADET;1;ADET;MERKEZ;;;;;
;ST00206;PINAR SOSİS SERVİS 460 GR.;0,084;0;KİLOGRAM;0,084;KİLOGRAM;MERKEZ;;;;;
;;;;;;;;;;;;;
Reçete;ST00012;FRAMBUAZLI PUDİNG;BUR00028;FRAMBUAZLI PUDİNG;1;MERKEZ;MERKEZ;27.08.2025;MERKEZ;27.08.2025;;;
;Stok Kodu;Stok Adı;Miktarı;Fire Miktarı;Birimi;Toplam Miktar;Birimi;Depo Adı;;;;;
;st0000439;SÜT YARIM YAĞLI 1 LT;0,133;0;LİTRE;0,133;LİTRE;MERKEZ;;;;;
;st0000021;NİŞASTA 10 KG ;0,024;0;KİLOGRAM;0,024;KİLOGRAM;MERKEZ;;;;;
;st0000078;TOZ ŞEKER 50 KG;0,05;0;KİLOGRAM;0,05;KİLOGRAM;MERKEZ;;;;;
;st0000079;DR OETKER VANILYA 1 KG;0,009;0;KİLOGRAM;0,009;KİLOGRAM;MERKEZ;;;;;
;st0000130;ALBA SADE 10KG;0,001;0;KİLOGRAM;0,001;KİLOGRAM;MERKEZ;;;;;
;st0000215;FO TOPING FRAMBUAZ;0,019;0;KİLOGRAM;0,019;KİLOGRAM;MERKEZ;;;;;
;ST00197;FO ŞURUP NARLI 700 ML;0,004;0;ADET;0,004;ADET;MERKEZ;;;;;
;st0000089;FINDIK KIRIK 1 KG;0,003;0;KİLOGRAM;0,003;KİLOGRAM;MERKEZ;;;;;
;st0000164;SUB KASE;1;0;ADET;1;ADET;MERKEZ;;;;;
;;;;;;;;;;;;;
Reçete;ST00224;ETLİ TÜRLÜ;BUR00029;ETLİ TÜRLÜ;120;MERKEZ;MERKEZ;15.09.2025;MERKEZ;26.12.2025;;;
;Stok Kodu;Stok Adı;Miktarı;Fire Miktarı;Birimi;Toplam Miktar;Birimi;Depo Adı;;;;;
;st0000327;PATATES;15;0;KİLOGRAM;15;KİLOGRAM;MERKEZ;;;;;
;st0000329;KABAK;10;0;KİLOGRAM;10;KİLOGRAM;MERKEZ;;;;;
;st0000312;PATLICAN;15;0;KİLOGRAM;15;KİLOGRAM;MERKEZ;;;;;
;st0000306;DOMATES;3;0;KİLOGRAM;3;KİLOGRAM;MERKEZ;;;;;
;st0000308;YEŞİL BİBER;3;0;KİLOGRAM;3;KİLOGRAM;MERKEZ;;;;;
;st0000102;KUŞBAŞI;5;0;KİLOGRAM;5;KİLOGRAM;MERKEZ;;;;;
;st0000303;HAVUÇ;3;0;KİLOGRAM;3;KİLOGRAM;MERKEZ;;;;;
;st0000321;SOĞAN;2,5;0;KİLOGRAM;2,5;KİLOGRAM;MERKEZ;;;;;
;st0000013;SALÇA;1,5;0;KİLOGRAM;1,5;KİLOGRAM;MERKEZ;;;;;
;st0000083;AYÇİÇEK YAĞI  LT;1,5;0;LİTRE;1,5;LİTRE;MERKEZ;;;;;
;st0000014;SAF TUZ 750 GR   ;0,2;0;KİLOGRAM;0,2;KİLOGRAM;MERKEZ;;;;;
;st0000015;KARABİBER 1000GR;0,05;0;KİLOGRAM;0,05;KİLOGRAM;MERKEZ;;;;;
;st0000099;ÖNCÜ PUL BİBER 1 KG;0,05;0;KİLOGRAM;0,05;KİLOGRAM;MERKEZ;;;;;
;;;;;;;;;;;;;
Reçete;ST00225;ARPA ŞEHRİYE PİLAVI;BUR00030;ARPA ŞEHRİYE PİLAVI;120;MERKEZ;MERKEZ;15.09.2025;MERKEZ;24.12.2025;;;
;Stok Kodu;Stok Adı;Miktarı;Fire Miktarı;Birimi;Toplam Miktar;Birimi;Depo Adı;;;;;
;st0000158;ARPA ŞEHRİYE DÖKME KG;10;0;KİLOGRAM;10;KİLOGRAM;MERKEZ;;;;;
;st0000004;ÜLKER TEREMYAĞ KG ;0,4;0;KİLOGRAM;0,4;KİLOGRAM;MERKEZ;;;;;
;st0000083;AYÇİÇEK YAĞI  LT;2;0;LİTRE;2;LİTRE;MERKEZ;;;;;
;st0000014;SAF TUZ 750 GR   ;0,2;0;KİLOGRAM;0,2;KİLOGRAM;MERKEZ;;;;;
;st0000015;KARABİBER 1000GR;0,05;0;KİLOGRAM;0,05;KİLOGRAM;MERKEZ;;;;;
;st0000110;TOZ BİBER;0,05;0;KİLOGRAM;0,05;KİLOGRAM;MERKEZ;;;;;
;st0000099;ÖNCÜ PUL BİBER 1 KG;0,05;0;KİLOGRAM;0,05;KİLOGRAM;MERKEZ;;;;;
;;;;;;;;;;;;;
Reçete;ST00226;CACIK;BUR00031;CACIK;120;MERKEZ;MERKEZ;15.09.2025;MERKEZ;23.12.2025;;;
;Stok Kodu;Stok Adı;Miktarı;Fire Miktarı;Birimi;Toplam Miktar;Birimi;Depo Adı;;;;;
;st0000313;SALATALIK;3;0;KİLOGRAM;3;KİLOGRAM;MERKEZ;;;;;
;ST00227;KURU NANE;0,05;0;KİLOGRAM;0,05;KİLOGRAM;MERKEZ;;;;;
;st0000099;ÖNCÜ PUL BİBER 1 KG;0,05;0;KİLOGRAM;0,05;KİLOGRAM;MERKEZ;;;;;
;st0000218;OLIOVILLA SIZMA Z.YAĞI LT;0,1;0;LİTRE;0,1;LİTRE;MERKEZ;;;;;
;st0000014;SAF TUZ 750 GR   ;0,2;0;KİLOGRAM;0,2;KİLOGRAM;MERKEZ;;;;;
;st0000437;KAYMAKSIZ YOĞURT KOVA KG;20;0;KİLOGRAM;20;KİLOGRAM;MERKEZ;;;;;
;;;;;;;;;;;;;
Reçete;ST00229;DOMATES ÇORBASI;BUR00032;DOMATES ÇORBASI;120;MERKEZ;MERKEZ;15.09.2025;MERKEZ;23.12.2025;;;
;Stok Kodu;Stok Adı;Miktarı;Fire Miktarı;Birimi;Toplam Miktar;Birimi;Depo Adı;;;;;
;st0000020;OVA UN ;4;0;KG;4;KG;MERKEZ;;;;;
;st0000083;AYÇİÇEK YAĞI  LT;2;0;LİTRE;2;LİTRE;MERKEZ;;;;;
;st0000004;ÜLKER TEREMYAĞ KG ;0,5;0;KİLOGRAM;0,5;KİLOGRAM;MERKEZ;;;;;
;st0000013;SALÇA;2;0;KİLOGRAM;2;KİLOGRAM;MERKEZ;;;;;
;st0000014;SAF TUZ 750 GR   ;0,2;0;KİLOGRAM;0,2;KİLOGRAM;MERKEZ;;;;;
;st0000015;KARABİBER 1000GR;0,05;0;KİLOGRAM;0,05;KİLOGRAM;MERKEZ;;;;;
;st0000110;TOZ BİBER;0,2;0;KİLOGRAM;0,2;KİLOGRAM;MERKEZ;;;;;
;st0000030;RENDE MOZARELLA PEYNİR;0,5;0;KİLOGRAM;0,5;KİLOGRAM;MERKEZ;;;;;
;st0000002;KREMA;1;0;LİTRE;1;LİTRE;MERKEZ;;;;;
;;;;;;;;;;;;;
Reçete;ST00254;ETLİ TAZE FASULYE YEMEĞİ;BUR00033;ETLİ TAZE FASULYE YEMEĞİ;120;MERKEZ;MERKEZ;8.10.2025;MERKEZ;23.12.2025;;;
;Stok Kodu;Stok Adı;Miktarı;Fire Miktarı;Birimi;Toplam Miktar;Birimi;Depo Adı;;;;;
;st0000468;DONUK TAZE FASÜLYE;30;0;KİLOGRAM;30;KİLOGRAM;MERKEZ;;;;;
;st0000102;KUŞBAŞI;5;0;KİLOGRAM;5;KİLOGRAM;MERKEZ;;;;;
;st0000321;SOĞAN;2;0;KİLOGRAM;2;KİLOGRAM;MERKEZ;;;;;
;st0000306;DOMATES;3;0;KİLOGRAM;3;KİLOGRAM;MERKEZ;;;;;
;st0000013;SALÇA;1,5;0;KİLOGRAM;1,5;KİLOGRAM;MERKEZ;;;;;
;st0000083;AYÇİÇEK YAĞI  LT;1,5;0;LİTRE;1,5;LİTRE;MERKEZ;;;;;
;st0000014;SAF TUZ 750 GR   ;0,2;0;KİLOGRAM;0,2;KİLOGRAM;MERKEZ;;;;;
;st0000015;KARABİBER 1000GR;0,05;0;KİLOGRAM;0,05;KİLOGRAM;MERKEZ;;;;;
;st0000099;ÖNCÜ PUL BİBER 1 KG;0,05;0;KİLOGRAM;0,05;KİLOGRAM;MERKEZ;;;;;
;;;;;;;;;;;;;
Reçete;ST00255;GARNİTÜRLÜ PİRİNÇ PİLAVI;BUR00034;GARNİTÜRLÜ PİRİNÇ PİLAVI;1;MERKEZ;MERKEZ;8.10.2025;MERKEZ;15.12.2025;;;
;Stok Kodu;Stok Adı;Miktarı;Fire Miktarı;Birimi;Toplam Miktar;Birimi;Depo Adı;;;;;
;st0000058;PİRİNÇ;0,083;0;KİLOGRAM;0,083;KİLOGRAM;MERKEZ;;;;;
;st0000004;ÜLKER TEREMYAĞ KG ;0,002;0;KİLOGRAM;0,002;KİLOGRAM;MERKEZ;;;;;
;st0000017;TRAKYAĞ SIVIYAĞ LT;0,008;0;LİTRE;0,008;LİTRE;MERKEZ;;;;;
;ST00256;GARNİTÜR;0,017;0;KİLOGRAM;0,017;KİLOGRAM;MERKEZ;;;;;
;;;;;;;;;;;;;
Reçete;ST00257;SAKIZLI MUHALLEBİ;BUR00035;SAKIZLI MUHALLEBİ;1;MERKEZ;MERKEZ;8.10.2025;MERKEZ;15.12.2025;;;
;Stok Kodu;Stok Adı;Miktarı;Fire Miktarı;Birimi;Toplam Miktar;Birimi;Depo Adı;;;;;
;st0000439;SÜT YARIM YAĞLI 1 LT;0,133;0;LİTRE;0,133;LİTRE;MERKEZ;;;;;
;ST00258;SAKIZ;0,001;0;GRAM;0,001;GRAM;MERKEZ;;;;;
;st0000078;TOZ ŞEKER 50 KG;0,025;0;KİLOGRAM;0,025;KİLOGRAM;MERKEZ;;;;;
;st0000079;DR OETKER VANILYA 1 KG;0,006;0;KİLOGRAM;0,006;KİLOGRAM;MERKEZ;;;;;
;st0000021;NİŞASTA 10 KG ;0,01;0;KİLOGRAM;0,01;KİLOGRAM;MERKEZ;;;;;
;;;;;;;;;;;;;
Reçete;ST00282;ELMALI KURABİYE;BUR00036;ELMALI KURABİYE;30;MERKEZ;MERKEZ;10.11.2025;MERKEZ;23.12.2025;;;
;Stok Kodu;Stok Adı;Miktarı;Fire Miktarı;Birimi;Toplam Miktar;Birimi;Depo Adı;;;;;
;st0000130;ALBA SADE 10KG;0,25;0;KİLOGRAM;0,25;KİLOGRAM;MERKEZ;;;;;
;st0000083;AYÇİÇEK YAĞI  LT;0,115;0;LİTRE;0,115;LİTRE;MERKEZ;;;;;
;st0000439;SÜT YARIM YAĞLI 1 LT;0,1;0;LİTRE;0,1;LİTRE;MERKEZ;;;;;
;st0000382;YUMURTA 30 LU;2;0;ADET;2;ADET;MERKEZ;;;;;
;st0000159;KABARTMA TOZU 1 KG;0,015;0;KİLOGRAM;0,015;KİLOGRAM;MERKEZ;;;;;
;st0000079;DR OETKER VANILYA 1 KG;0,01;0;KİLOGRAM;0,01;KİLOGRAM;MERKEZ;;;;;
;st0000021;NİŞASTA 10 KG ;0,05;0;KİLOGRAM;0,05;KİLOGRAM;MERKEZ;;;;;
;st0000062;PUDRA ŞEKERİ DÖKME;0,11;0;KİLOGRAM;0,11;KİLOGRAM;MERKEZ;;;;;
;st0000020;OVA UN ;0,5;0;KG;0,5;KG;MERKEZ;;;;;
;st0000326;ELMA İTHAL;1,1;0,33;KİLOGRAM;1,43;KİLOGRAM;MERKEZ;;;;;
;st0000078;TOZ ŞEKER 50 KG;0,185;0;KİLOGRAM;0,185;KİLOGRAM;MERKEZ;;;;;
;st0000179;TARÇIN;0,013;0;KİLOGRAM;0,013;KİLOGRAM;MERKEZ;;;;;
;st0000089;FINDIK KIRIK 1 KG;0,06;0;KİLOGRAM;0,06;KİLOGRAM;MERKEZ;;;;;
;;;;;;;;;;;;;
Reçete;ST00279;TEKLİ PİŞİ;BUR00038;TEKLİ PİŞİ;20;MERKEZ;MERKEZ;20.11.2025;MERKEZ;19.12.2025;;;
;Stok Kodu;Stok Adı;Miktarı;Fire Miktarı;Birimi;Toplam Miktar;Birimi;Depo Adı;;;;;
;st0000020;OVA UN ;1;0;KG;1;KG;MERKEZ;;;;;
;ST00289;KURU MAYA;0,02;0;KİLOGRAM;0,02;KİLOGRAM;MERKEZ;;;;;
;st0000014;SAF TUZ 750 GR   ;0,021;0;KİLOGRAM;0,021;KİLOGRAM;MERKEZ;;;;;
;ST00198;DAMACANA SU 1 LT;0,6;0;ADET;0,6;ADET;MERKEZ;;;;;
;st0000005;FRİTA YAĞI 18 LT;0,24;0;LİTRE;0,24;LİTRE;MERKEZ;;;;;
;;;;;;;;;;;;;
Reçete;ST00278;PİŞİ TABAĞI;BUR00040;PİŞİ TABAĞI;1;MERKEZ;MERKEZ;24.11.2025;MERKEZ;15.12.2025;;;
;Stok Kodu;Stok Adı;Miktarı;Fire Miktarı;Birimi;Toplam Miktar;Birimi;Depo Adı;;;;;
;ST00279;TEKLİ PİŞİ;4;0;ADET;4;ADET;MERKEZ;;;;;
;ST00281;PİKNİK ZEYTİN;1;0;ADET;1;ADET;MERKEZ;;;;;
;ST00280;ÜÇGEN PEYNİR;2;0;ADET;2;ADET;MERKEZ;;;;;
;;;;;;;;;;;;;
Reçete;ST00290;ELMALI KURABİYE HARCI;BUR00042;;1;MERKEZ;MERKEZ;24.11.2025;MERKEZ;15.12.2025;;;
;Stok Kodu;Stok Adı;Miktarı;Fire Miktarı;Birimi;Toplam Miktar;Birimi;Depo Adı;;;;;
;st0000326;ELMA İTHAL;75;22,5;KİLOGRAM;97,5;KİLOGRAM;MERKEZ;;;;;
;st0000078;TOZ ŞEKER 50 KG;6;0;KİLOGRAM;6;KİLOGRAM;MERKEZ;;;;;
;st0000179;TARÇIN;0,5;0;KİLOGRAM;0,5;KİLOGRAM;MERKEZ;;;;;
;st0000017;TRAKYAĞ SIVIYAĞ LT;0,2;0;LİTRE;0,2;LİTRE;MERKEZ;;;;;
;;;;;;;;;;;;;
Reçete;ST00246;KAKAOLU CUPCAKE;BUR00043;KAKAOLU CAPCAKE;58;MERKEZ;MERKEZ;24.11.2025;MERKEZ;15.12.2025;;;
;Stok Kodu;Stok Adı;Miktarı;Fire Miktarı;Birimi;Toplam Miktar;Birimi;Depo Adı;;;;;
;st0000382;YUMURTA 30 LU;15;0;ADET;15;ADET;MERKEZ;;;;;
;st0000078;TOZ ŞEKER 50 KG;2;0;KİLOGRAM;2;KİLOGRAM;MERKEZ;;;;;
;st0000083;AYÇİÇEK YAĞI  LT;1,49;0;LİTRE;1,49;LİTRE;MERKEZ;;;;;
;st0000439;SÜT YARIM YAĞLI 1 LT;1,75;0;LİTRE;1,75;LİTRE;MERKEZ;;;;;
;st0000159;KABARTMA TOZU 1 KG;0,132;0;KİLOGRAM;0,132;KİLOGRAM;MERKEZ;;;;;
;st0000079;DR OETKER VANILYA 1 KG;0,097;0;KİLOGRAM;0,097;KİLOGRAM;MERKEZ;;;;;
;st0000088;KAKAO 1 KG;0,5;0;KİLOGRAM;0,5;KİLOGRAM;MERKEZ;;;;;
;st0000020;OVA UN ;3,1;0;KG;3,1;KG;MERKEZ;;;;;
;st0000166;DAMLA DROP BİTTER KİLOLUK;0,925;0;KİLOGRAM;0,925;KİLOGRAM;MERKEZ;;;;;
;st0000089;FINDIK KIRIK 1 KG;0,27;0;KİLOGRAM;0,27;KİLOGRAM;MERKEZ;;;;;
;;;;;;;;;;;;;
Reçete;ST00017;HAVUÇLU CUPCAKE;BUR00045;HAVUÇLU CAPCAKE;58;MERKEZ;MERKEZ;24.11.2025;MERKEZ;15.12.2025;;;
;Stok Kodu;Stok Adı;Miktarı;Fire Miktarı;Birimi;Toplam Miktar;Birimi;Depo Adı;;;;;
;st0000382;YUMURTA 30 LU;15;0;ADET;15;ADET;MERKEZ;;;;;
;st0000078;TOZ ŞEKER 50 KG;2;0;KİLOGRAM;2;KİLOGRAM;MERKEZ;;;;;
;st0000079;DR OETKER VANILYA 1 KG;0,097;0;KİLOGRAM;0,097;KİLOGRAM;MERKEZ;;;;;
;st0000017;TRAKYAĞ SIVIYAĞ LT;1,49;0;LİTRE;1,49;LİTRE;MERKEZ;;;;;
;st0000439;SÜT YARIM YAĞLI 1 LT;1,75;0;LİTRE;1,75;LİTRE;MERKEZ;;;;;
;st0000159;KABARTMA TOZU 1 KG;0,132;0;KİLOGRAM;0,132;KİLOGRAM;MERKEZ;;;;;
;st0000020;OVA UN ;3,1;0;KG;3,1;KG;MERKEZ;;;;;
;st0000303;HAVUÇ;0,315;0;KİLOGRAM;0,315;KİLOGRAM;MERKEZ;;;;;
;st0000061;CEVİZ İÇİ;0,254;0;KİLOGRAM;0,254;KİLOGRAM;MERKEZ;;;;;
;st0000179;TARÇIN;0,06;0;KİLOGRAM;0,06;KİLOGRAM;MERKEZ;;;;;
;st0000089;FINDIK KIRIK 1 KG;0,27;0;KİLOGRAM;0,27;KİLOGRAM;MERKEZ;;;;;
;;;;;;;;;;;;;
Reçete;ST00011;ÇİKOLATALI PUDİNG;BUR00047;ÇİKOLATALI PUDİNG;45;MERKEZ;MERKEZ;24.11.2025;MERKEZ;15.12.2025;;;
;Stok Kodu;Stok Adı;Miktarı;Fire Miktarı;Birimi;Toplam Miktar;Birimi;Depo Adı;;;;;
;st0000439;SÜT YARIM YAĞLI 1 LT;6;0;LİTRE;6;LİTRE;MERKEZ;;;;;
;st0000021;NİŞASTA 10 KG ;1,071;0;KİLOGRAM;1,071;KİLOGRAM;MERKEZ;;;;;
;st0000078;TOZ ŞEKER 50 KG;2,26;0;KİLOGRAM;2,26;KİLOGRAM;MERKEZ;;;;;
;st0000088;KAKAO 1 KG;0,54;0;KİLOGRAM;0,54;KİLOGRAM;MERKEZ;;;;;
;st0000079;DR OETKER VANILYA 1 KG;0,04;0;KİLOGRAM;0,04;KİLOGRAM;MERKEZ;;;;;
;st0000004;ÜLKER TEREMYAĞ KG ;0,05;0;KİLOGRAM;0,05;KİLOGRAM;MERKEZ;;;;;
;st0000164;SUB KASE;1;0;ADET;1;ADET;MERKEZ;;;;;
;;;;;;;;;;;;;
Reçete;ST00291;ÇİKOLATA SOS ;BUR00049;ÇİKOLATA SOS;20;MERKEZ;MERKEZ;25.11.2025;MERKEZ;15.12.2025;;;
;Stok Kodu;Stok Adı;Miktarı;Fire Miktarı;Birimi;Toplam Miktar;Birimi;Depo Adı;;;;;
;st0000439;SÜT YARIM YAĞLI 1 LT;1;0;LİTRE;1;LİTRE;MERKEZ;;;;;
;st0000002;KREMA;0,2;0;LİTRE;0,2;LİTRE;MERKEZ;;;;;
;st0000021;NİŞASTA 10 KG ;0,07;0;KİLOGRAM;0,07;KİLOGRAM;MERKEZ;;;;;
;st0000020;OVA UN ;0,07;0;KG;0,07;KG;MERKEZ;;;;;
;st0000078;TOZ ŞEKER 50 KG;0,15;0;KİLOGRAM;0,15;KİLOGRAM;MERKEZ;;;;;
;st0000088;KAKAO 1 KG;0,1;0;KİLOGRAM;0,1;KİLOGRAM;MERKEZ;;;;;
;st0000290;NESTLE 1927 SÜTLÜ KUVERTÜR 2,5KG;0,2;0;KİLOGRAM;0,2;KİLOGRAM;MERKEZ;;;;;
;;;;;;;;;;;;;
Reçete;ST00292;PROFİTEROL HAMURU;BUR00052;PROFİTEROL HAMURU;40;MERKEZ;MERKEZ;25.11.2025;MERKEZ;15.12.2025;;;
;Stok Kodu;Stok Adı;Miktarı;Fire Miktarı;Birimi;Toplam Miktar;Birimi;Depo Adı;;;;;
;ST00198;DAMACANA SU 1 LT;0,37;0;ADET;0,37;ADET;MERKEZ;;;;;
;st0000020;OVA UN ;0,25;0;KG;0,25;KG;MERKEZ;;;;;
;st0000382;YUMURTA 30 LU;6;0;ADET;6;ADET;MERKEZ;;;;;
;st0000078;TOZ ŞEKER 50 KG;0,01;0;KİLOGRAM;0,01;KİLOGRAM;MERKEZ;;;;;
;st0000014;SAF TUZ 750 GR   ;0,006;0;KİLOGRAM;0,006;KİLOGRAM;MERKEZ;;;;;
;st0000130;ALBA SADE 10KG;0,2;0;KİLOGRAM;0,2;KİLOGRAM;MERKEZ;;;;;
;;;;;;;;;;;;;
Reçete;ST00293;PASTACI KREMASI;BUR00054;PASTACI KREMASI;40;MERKEZ;MERKEZ;25.11.2025;MERKEZ;31.12.2025;;;
;Stok Kodu;Stok Adı;Miktarı;Fire Miktarı;Birimi;Toplam Miktar;Birimi;Depo Adı;;;;;
;st0000439;SÜT YARIM YAĞLI 1 LT;1;0;LİTRE;1;LİTRE;MERKEZ;;;;;
;st0000020;OVA UN ;0,07;0;KG;0,07;KG;MERKEZ;;;;;
;st0000021;NİŞASTA 10 KG ;0,07;0;KİLOGRAM;0,07;KİLOGRAM;MERKEZ;;;;;
;st0000382;YUMURTA 30 LU;1;0;ADET;1;ADET;MERKEZ;;;;;
;st0000078;TOZ ŞEKER 50 KG;0,15;0;KİLOGRAM;0,15;KİLOGRAM;MERKEZ;;;;;
;ST00297;BEYAZ ÇİKOLATA KUVERTÜR;0,12;0;KİLOGRAM;0,12;KİLOGRAM;MERKEZ;;;;;
;ST00365;TATLILAR İÇİN  KREMA 1 LT;0,2;0;LİTRE;0,2;LİTRE;MERKEZ;;;;;
;;;;;;;;;;;;;
Reçete;ST00294;PROFİTEROL CUP;BUR00057;PROFİTEROL CUP;1;MERKEZ;MERKEZ;25.11.2025;MERKEZ;31.12.2025;;;
;Stok Kodu;Stok Adı;Miktarı;Fire Miktarı;Birimi;Toplam Miktar;Birimi;Depo Adı;;;;;
;ST00292;PROFİTEROL HAMURU;2;0;ADET;2;ADET;MERKEZ;;;;;
;ST00291;ÇİKOLATA SOS ;1;0;ADET;1;ADET;MERKEZ;;;;;
;ST00293;PASTACI KREMASI;2;0;ADET;2;ADET;MERKEZ;;;;;
;;;;;;;;;;;;;
Reçete;ST00298;TİRAMİSU CUP;BUR00060;TİRAMİSU CUP;10;MERKEZ;MERKEZ;25.11.2025;MERKEZ;25.11.2025;;;
;Stok Kodu;Stok Adı;Miktarı;Fire Miktarı;Birimi;Toplam Miktar;Birimi;Depo Adı;;;;;
;st0000439;SÜT YARIM YAĞLI 1 LT;1;0;LİTRE;1;LİTRE;MERKEZ;;;;;
;ST00297;BEYAZ ÇİKOLATA KUVERTÜR;0,05;0;KİLOGRAM;0,05;KİLOGRAM;MERKEZ;;;;;
;st0000020;OVA UN ;0,03;0;KG;0,03;KG;MERKEZ;;;;;
;st0000021;NİŞASTA 10 KG ;0,02;0;KİLOGRAM;0,02;KİLOGRAM;MERKEZ;;;;;
;st0000382;YUMURTA 30 LU;1;0;ADET;1;ADET;MERKEZ;;;;;
;st0000078;TOZ ŞEKER 50 KG;0,15;0;KİLOGRAM;0,15;KİLOGRAM;MERKEZ;;;;;
;ST00295;LABNE;0,4;0;KİLOGRAM;0,4;KİLOGRAM;MERKEZ;;;;;
;ST00296;KEDİ DİLİ;0,2;0;KİLOGRAM;0,2;KİLOGRAM;MERKEZ;;;;;
;st0000275;NESCAFE INTENSE;0,035;0;KİLOGRAM;0,035;KİLOGRAM;MERKEZ;;;;;
;st0000088;KAKAO 1 KG;0,05;0;KİLOGRAM;0,05;KİLOGRAM;MERKEZ;;;;;
;;;;;;;;;;;;;
Reçete;ST00301;MAGNOLİA;BUR00062;ÇİLEKLİ MAGNOLİA;10;MERKEZ;MERKEZ;25.11.2025;MERKEZ;31.12.2025;;;
;Stok Kodu;Stok Adı;Miktarı;Fire Miktarı;Birimi;Toplam Miktar;Birimi;Depo Adı;;;;;
;st0000439;SÜT YARIM YAĞLI 1 LT;1;0;LİTRE;1;LİTRE;MERKEZ;;;;;
;st0000020;OVA UN ;0,06;0;KG;0,06;KG;MERKEZ;;;;;
;st0000021;NİŞASTA 10 KG ;0,05;0;KİLOGRAM;0,05;KİLOGRAM;MERKEZ;;;;;
;st0000382;YUMURTA 30 LU;1;0;ADET;1;ADET;MERKEZ;;;;;
;st0000078;TOZ ŞEKER 50 KG;0,16;0;KİLOGRAM;0,16;KİLOGRAM;MERKEZ;;;;;
;ST00297;BEYAZ ÇİKOLATA KUVERTÜR;0,15;0;KİLOGRAM;0,15;KİLOGRAM;MERKEZ;;;;;
;ST00299;ETİ BURÇAK;0,1;0;ADET;0,1;ADET;MERKEZ;;;;;
;ST00300;CİCİ BEBE;0,1;0;KİLOGRAM;0,1;KİLOGRAM;MERKEZ;;;;;
;st0000330;ÇİLEK;0,3;0;KİLOGRAM;0,3;KİLOGRAM;MERKEZ;;;;;
;ST00365;TATLILAR İÇİN  KREMA 1 LT;0,2;0;LİTRE;0,2;LİTRE;MERKEZ;;;;;
;;;;;;;;;;;;;
Reçete;ST00302;MUZLU MAGNOLİA;BUR00064;MUZLU MAGNOLİA;10;MERKEZ;MERKEZ;25.11.2025;MERKEZ;31.12.2025;;;
;Stok Kodu;Stok Adı;Miktarı;Fire Miktarı;Birimi;Toplam Miktar;Birimi;Depo Adı;;;;;
;st0000439;SÜT YARIM YAĞLI 1 LT;1;0;LİTRE;1;LİTRE;MERKEZ;;;;;
;st0000020;OVA UN ;0,06;0;KG;0,06;KG;MERKEZ;;;;;
;st0000021;NİŞASTA 10 KG ;0,05;0;KİLOGRAM;0,05;KİLOGRAM;MERKEZ;;;;;
;st0000382;YUMURTA 30 LU;1;0;ADET;1;ADET;MERKEZ;;;;;
;st0000078;TOZ ŞEKER 50 KG;0,16;0;KİLOGRAM;0,16;KİLOGRAM;MERKEZ;;;;;
;ST00297;BEYAZ ÇİKOLATA KUVERTÜR;0,15;0;KİLOGRAM;0,15;KİLOGRAM;MERKEZ;;;;;
;ST00299;ETİ BURÇAK;0,1;0;ADET;0,1;ADET;MERKEZ;;;;;
;ST00300;CİCİ BEBE;0,1;0;KİLOGRAM;0,1;KİLOGRAM;MERKEZ;;;;;
;st0000317;MUZ İTHAL;0,3;0;KİLOGRAM;0,3;KİLOGRAM;MERKEZ;;;;;
;ST00365;TATLILAR İÇİN  KREMA 1 LT;0,2;0;LİTRE;0,2;LİTRE;MERKEZ;;;;;
;;;;;;;;;;;;;
Reçete;ST00303;PİZZA TABANI;BUR00067;PİZZA HAMURU;80;MERKEZ;MERKEZ;26.11.2025;MERKEZ;15.12.2025;;;
;Stok Kodu;Stok Adı;Miktarı;Fire Miktarı;Birimi;Toplam Miktar;Birimi;Depo Adı;;;;;
;st0000014;SAF TUZ 750 GR   ;0,525;0;KİLOGRAM;0,525;KİLOGRAM;MERKEZ;;;;;
;st0000078;TOZ ŞEKER 50 KG;0,525;0;KİLOGRAM;0,525;KİLOGRAM;MERKEZ;;;;;
;ST00289;KURU MAYA;0,075;0;KİLOGRAM;0,075;KİLOGRAM;MERKEZ;;;;;
;st0000218;OLIOVILLA SIZMA Z.YAĞI LT;0,45;0;LİTRE;0,45;LİTRE;MERKEZ;;;;;
;st0000083;AYÇİÇEK YAĞI  LT;0,9;0;LİTRE;0,9;LİTRE;MERKEZ;;;;;
;st0000439;SÜT YARIM YAĞLI 1 LT;2,25;0;LİTRE;2,25;LİTRE;MERKEZ;;;;;
;st0000020;OVA UN ;20,65;0;KG;20,65;KG;MERKEZ;;;;;
;ST00198;DAMACANA SU 1 LT;9;0;LİTRE;9;LİTRE;MERKEZ;;;;;
;;;;;;;;;;;;;
Reçete;ST00305;DOMATES SOS;BUR00070;DOMATES SOS;134;MERKEZ;MERKEZ;1.12.2025;MERKEZ;15.12.2025;;;
;Stok Kodu;Stok Adı;Miktarı;Fire Miktarı;Birimi;Toplam Miktar;Birimi;Depo Adı;;;;;
;st0000023;DOĞRANMIŞ DOMATES;24,3;0;KİLOGRAM;24,3;KİLOGRAM;MERKEZ;;;;;
;st0000321;SOĞAN;1,3;0;KİLOGRAM;1,3;KİLOGRAM;MERKEZ;;;;;
;st0000014;SAF TUZ 750 GR   ;0,075;0;KİLOGRAM;0,075;KİLOGRAM;MERKEZ;;;;;
;st0000078;TOZ ŞEKER 50 KG;0,075;0;KİLOGRAM;0,075;KİLOGRAM;MERKEZ;;;;;
;;;;;;;;;;;;;
Reçete;ST00045;PENNE NAPOLİTAN;BUR00072;PENNE NAPOLİTAN;1;MERKEZ;MERKEZ;1.12.2025;MERKEZ;15.12.2025;;;
;Stok Kodu;Stok Adı;Miktarı;Fire Miktarı;Birimi;Toplam Miktar;Birimi;Depo Adı;;;;;
;st0000027;N73(BÜYÜK) PENNE BARİLLA 2 KG;0,17;0;ADET;0,17;ADET;MERKEZ;;;;;
;ST00305;DOMATES SOS;0,15;0;KİLOGRAM;0,15;KİLOGRAM;MERKEZ;;;;;
;st0000117;DONUK SARIMSAK SOYULMUŞ;0,01;0;KİLOGRAM;0,01;KİLOGRAM;MERKEZ;;;;;
;st0000022;SOYA SOSU;0,03;0;ADET;0,03;ADET;MERKEZ;;;;;
;st0000307;FESLEĞEN;0,015;0;ADET;0,015;ADET;MERKEZ;;;;;
;st0000014;SAF TUZ 750 GR   ;0,015;0;KİLOGRAM;0,015;KİLOGRAM;MERKEZ;;;;;
;st0000015;KARABİBER 1000GR;0,005;0;KİLOGRAM;0,005;KİLOGRAM;MERKEZ;;;;;
;st0000108;KİMYON;0,005;0;KİLOGRAM;0,005;KİLOGRAM;MERKEZ;;;;;
;st0000109;KEKİK 1000 GR;0,003;0;KİLOGRAM;0,003;KİLOGRAM;MERKEZ;;;;;
;st0000099;ÖNCÜ PUL BİBER 1 KG;0,003;0;KİLOGRAM;0,003;KİLOGRAM;MERKEZ;;;;;
;st0000030;RENDE MOZARELLA PEYNİR;0,04;0;KİLOGRAM;0,04;KİLOGRAM;MERKEZ;;;;;
;;;;;;;;;;;;;
Reçete;ST00044;KREMALI MANTARLI PENNE;BUR00074;KREMALI MANTARLI PENNE;1;MERKEZ;MERKEZ;1.12.2025;MERKEZ;15.12.2025;;;
;Stok Kodu;Stok Adı;Miktarı;Fire Miktarı;Birimi;Toplam Miktar;Birimi;Depo Adı;;;;;
;st0000301;MANTAR;0,1;0;KİLOGRAM;0,1;KİLOGRAM;MERKEZ;;;;;
;st0000002;KREMA;0,15;0;LİTRE;0,15;LİTRE;MERKEZ;;;;;
;st0000117;DONUK SARIMSAK SOYULMUŞ;0,01;0;KİLOGRAM;0,01;KİLOGRAM;MERKEZ;;;;;
;st0000022;SOYA SOSU;0,03;0;ADET;0,03;ADET;MERKEZ;;;;;
;st0000307;FESLEĞEN;0,015;0;ADET;0,015;ADET;MERKEZ;;;;;
;st0000014;SAF TUZ 750 GR   ;0,005;0;KİLOGRAM;0,005;KİLOGRAM;MERKEZ;;;;;
;st0000015;KARABİBER 1000GR;0,005;0;KİLOGRAM;0,005;KİLOGRAM;MERKEZ;;;;;
;st0000108;KİMYON;0,005;0;KİLOGRAM;0,005;KİLOGRAM;MERKEZ;;;;;
;st0000109;KEKİK 1000 GR;0,003;0;KİLOGRAM;0,003;KİLOGRAM;MERKEZ;;;;;
;st0000099;ÖNCÜ PUL BİBER 1 KG;0,003;0;KİLOGRAM;0,003;KİLOGRAM;MERKEZ;;;;;
;st0000027;N73(BÜYÜK) PENNE BARİLLA 2 KG;0,17;0;ADET;0,17;ADET;MERKEZ;;;;;
;st0000065;TEREYAĞI 1 KG;0,03;0;KİLOGRAM;0,03;KİLOGRAM;MERKEZ;;;;;
;st0000030;RENDE MOZARELLA PEYNİR;0,04;0;KİLOGRAM;0,04;KİLOGRAM;MERKEZ;;;;;
;;;;;;;;;;;;;
Reçete;ST00046;TAVUKLU MANTARLI PENNE;BUR00076;TAVUKLU MANTARLI PENNE;1;MERKEZ;MERKEZ;1.12.2025;MERKEZ;15.12.2025;;;
;Stok Kodu;Stok Adı;Miktarı;Fire Miktarı;Birimi;Toplam Miktar;Birimi;Depo Adı;;;;;
;st0000301;MANTAR;0,065;0;KİLOGRAM;0,065;KİLOGRAM;MERKEZ;;;;;
;st0000002;KREMA;0,15;0;LİTRE;0,15;LİTRE;MERKEZ;;;;;
;st0000117;DONUK SARIMSAK SOYULMUŞ;0,01;0;KİLOGRAM;0,01;KİLOGRAM;MERKEZ;;;;;
;st0000022;SOYA SOSU;0,03;0;ADET;0,03;ADET;MERKEZ;;;;;
;st0000307;FESLEĞEN;0,015;0;ADET;0,015;ADET;MERKEZ;;;;;
;st0000014;SAF TUZ 750 GR   ;0,005;0;KİLOGRAM;0,005;KİLOGRAM;MERKEZ;;;;;
;st0000015;KARABİBER 1000GR;0,005;0;KİLOGRAM;0,005;KİLOGRAM;MERKEZ;;;;;
;st0000108;KİMYON;0,005;0;KİLOGRAM;0,005;KİLOGRAM;MERKEZ;;;;;
;st0000109;KEKİK 1000 GR;0,003;0;KİLOGRAM;0,003;KİLOGRAM;MERKEZ;;;;;
;st0000099;ÖNCÜ PUL BİBER 1 KG;0,003;0;KİLOGRAM;0,003;KİLOGRAM;MERKEZ;;;;;
;st0000027;N73(BÜYÜK) PENNE BARİLLA 2 KG;0,17;0;ADET;0,17;ADET;MERKEZ;;;;;
;st0000065;TEREYAĞI 1 KG;0,03;0;KİLOGRAM;0,03;KİLOGRAM;MERKEZ;;;;;
;st0000030;RENDE MOZARELLA PEYNİR;0,04;0;KİLOGRAM;0,04;KİLOGRAM;MERKEZ;;;;;
;ST00307;TAVUK IZGARA ÇİĞ;0,1;0;KİLOGRAM;0,1;KİLOGRAM;MERKEZ;;;;;
;;;;;;;;;;;;;
Reçete;ST00047;TAVUK IZGARA;BUR00078;TAVUK IZGARA;1;MERKEZ;MERKEZ;1.12.2025;MERKEZ;30.12.2025;;;
;Stok Kodu;Stok Adı;Miktarı;Fire Miktarı;Birimi;Toplam Miktar;Birimi;Depo Adı;;;;;
;ST00307;TAVUK IZGARA ÇİĞ;0,27;0;KİLOGRAM;0,27;KİLOGRAM;MERKEZ;;;;;
;st0000314;ÇERY DOMATES;0,03;0;KİLOGRAM;0,03;KİLOGRAM;MERKEZ;;;;;
;ST00040;PATATES KIZARTMASI;0,5;0;Adet;0,5;Adet;MERKEZ;;;;;
;ST00045;PENNE NAPOLİTAN;0,33;0;Adet;0,33;Adet;MERKEZ;;;;;
;st0000323;KAPYA BİBER;0,003;0;KİLOGRAM;0,003;KİLOGRAM;MERKEZ;;;;;
;st0000014;SAF TUZ 750 GR   ;0,005;0;KİLOGRAM;0,005;KİLOGRAM;MERKEZ;;;;;
;st0000015;KARABİBER 1000GR;0,003;0;KİLOGRAM;0,003;KİLOGRAM;MERKEZ;;;;;
;st0000108;KİMYON;0,003;0;KİLOGRAM;0,003;KİLOGRAM;MERKEZ;;;;;
;st0000309;LİMON;0,03;0;KİLOGRAM;0,03;KİLOGRAM;MERKEZ;;;;;
;st0000311;ICEBERG;0,05;0;ADET;0,05;ADET;MERKEZ;;;;;
;st0000310;LOLOROSO ADET ;0,05;0;ADET;0,05;ADET;MERKEZ;;;;;
;ST00304;ROKA;0,05;0;ADET;0,05;ADET;MERKEZ;;;;;
;;;;;;;;;;;;;
Reçete;ST00048;KÖRİ SOSLU TAVUK ;BUR00080;KÖRİ SOSLU TAVUK;1;MERKEZ;MERKEZ;1.12.2025;MERKEZ;30.12.2025;;;
;Stok Kodu;Stok Adı;Miktarı;Fire Miktarı;Birimi;Toplam Miktar;Birimi;Depo Adı;;;;;
;st0000381;TAVUK BONFİLE;0,18;0;KİLOGRAM;0,18;KİLOGRAM;MERKEZ;;;;;
;st0000314;ÇERY DOMATES;0,03;0;KİLOGRAM;0,03;KİLOGRAM;MERKEZ;;;;;
;ST00040;PATATES KIZARTMASI;0,5;0;Adet;0,5;Adet;MERKEZ;;;;;
;ST00045;PENNE NAPOLİTAN;0,33;0;Adet;0,33;Adet;MERKEZ;;;;;
;ST00212;KÖRİ TOZU;0,01;0;KİLOGRAM;0,01;KİLOGRAM;MERKEZ;;;;;
;st0000021;NİŞASTA 10 KG ;0,01;0;KİLOGRAM;0,01;KİLOGRAM;MERKEZ;;;;;
;st0000002;KREMA;0,15;0;LİTRE;0,15;LİTRE;MERKEZ;;;;;
;st0000001;CAJUN BAHARATI 1000 GR;0,005;0;ADET;0,005;ADET;MERKEZ;;;;;
;ST00248;ZERDEÇAL TOZ;0,005;0;KİLOGRAM;0,005;KİLOGRAM;MERKEZ;;;;;
;st0000109;KEKİK 1000 GR;0,003;0;KİLOGRAM;0,003;KİLOGRAM;MERKEZ;;;;;
;st0000015;KARABİBER 1000GR;0,003;0;KİLOGRAM;0,003;KİLOGRAM;MERKEZ;;;;;
;st0000108;KİMYON;0,003;0;KİLOGRAM;0,003;KİLOGRAM;MERKEZ;;;;;
;st0000309;LİMON;0,03;0;KİLOGRAM;0,03;KİLOGRAM;MERKEZ;;;;;
;st0000311;ICEBERG;0,05;0;ADET;0,05;ADET;MERKEZ;;;;;
;st0000310;LOLOROSO ADET ;0,05;0;ADET;0,05;ADET;MERKEZ;;;;;
;ST00304;ROKA;0,05;0;ADET;0,05;ADET;MERKEZ;;;;;
;;;;;;;;;;;;;
Reçete;ST00050;MANTAR SOSLU TAVUK;BUR00082;MANTAR SOSLU TAVUK;1;MERKEZ;MERKEZ;1.12.2025;MERKEZ;30.12.2025;;;
;Stok Kodu;Stok Adı;Miktarı;Fire Miktarı;Birimi;Toplam Miktar;Birimi;Depo Adı;;;;;
;st0000381;TAVUK BONFİLE;0,18;0;KİLOGRAM;0,18;KİLOGRAM;MERKEZ;;;;;
;st0000314;ÇERY DOMATES;0,03;0;KİLOGRAM;0,03;KİLOGRAM;MERKEZ;;;;;
;ST00040;PATATES KIZARTMASI;0,5;0;Adet;0,5;Adet;MERKEZ;;;;;
;ST00045;PENNE NAPOLİTAN;0,33;0;Adet;0,33;Adet;MERKEZ;;;;;
;st0000301;MANTAR;0,05;0;KİLOGRAM;0,05;KİLOGRAM;MERKEZ;;;;;
;st0000021;NİŞASTA 10 KG ;0,01;0;KİLOGRAM;0,01;KİLOGRAM;MERKEZ;;;;;
;st0000002;KREMA;0,15;0;LİTRE;0,15;LİTRE;MERKEZ;;;;;
;st0000022;SOYA SOSU;0,005;0;ADET;0,005;ADET;MERKEZ;;;;;
;st0000014;SAF TUZ 750 GR   ;0,005;0;KİLOGRAM;0,005;KİLOGRAM;MERKEZ;;;;;
;st0000020;OVA UN ;0,01;0;KG;0,01;KG;MERKEZ;;;;;
;st0000109;KEKİK 1000 GR;0,003;0;KİLOGRAM;0,003;KİLOGRAM;MERKEZ;;;;;
;st0000015;KARABİBER 1000GR;0,003;0;KİLOGRAM;0,003;KİLOGRAM;MERKEZ;;;;;
;st0000108;KİMYON;0,003;0;KİLOGRAM;0,003;KİLOGRAM;MERKEZ;;;;;
;st0000309;LİMON;0,03;0;KİLOGRAM;0,03;KİLOGRAM;MERKEZ;;;;;
;st0000311;ICEBERG;0,05;0;ADET;0,05;ADET;MERKEZ;;;;;
;st0000310;LOLOROSO ADET ;0,05;0;ADET;0,05;ADET;MERKEZ;;;;;
;ST00304;ROKA;0,05;0;ADET;0,05;ADET;MERKEZ;;;;;
;;;;;;;;;;;;;
Reçete;ST00049;KÖFTE DÜRÜM;BUR00084;KÖFTE DÜRÜM;1;MERKEZ;MERKEZ;4.12.2025;MERKEZ;15.12.2025;;;
;Stok Kodu;Stok Adı;Miktarı;Fire Miktarı;Birimi;Toplam Miktar;Birimi;Depo Adı;;;;;
;st0000454;KÖFTE;0,12;0;KİLOGRAM;0,12;KİLOGRAM;MERKEZ;;;;;
;st0000057;TORTİLLA LAVAŞ 12 Lİ;1;0;ADET;1;ADET;MERKEZ;;;;;
;st0000314;ÇERY DOMATES;0,03;0;KİLOGRAM;0,03;KİLOGRAM;MERKEZ;;;;;
;st0000311;ICEBERG;0,05;0;ADET;0,05;ADET;MERKEZ;;;;;
;st0000310;LOLOROSO ADET ;0,05;0;ADET;0,05;ADET;MERKEZ;;;;;
;ST00304;ROKA;0,05;0;ADET;0,05;ADET;MERKEZ;;;;;
;ST00040;PATATES KIZARTMASI;0,5;0;Adet;0,5;Adet;MERKEZ;;;;;
;st0000302;MAYDONOZ;0,05;0;ADET;0,05;ADET;MERKEZ;;;;;
;st0000443;BURGER PEYNİRİ 1000 G;0,015;0;KİLOGRAM;0,015;KİLOGRAM;MERKEZ;;;;;
;st0000030;RENDE MOZARELLA PEYNİR;0,02;0;KİLOGRAM;0,02;KİLOGRAM;MERKEZ;;;;;
;st0000306;DOMATES;0,06;0;KİLOGRAM;0,06;KİLOGRAM;MERKEZ;;;;;
;;;;;;;;;;;;;
Reçete;ST00040;PATATES KIZARTMASI;BUR00085;PATATES KIZARTMASI;1;MERKEZ;MERKEZ;4.12.2025;MERKEZ;15.12.2025;;;
;Stok Kodu;Stok Adı;Miktarı;Fire Miktarı;Birimi;Toplam Miktar;Birimi;Depo Adı;;;;;
;ST00202;SUPERFRESH 9*9 PATATES (KLASİK);0,3;0;KİLOGRAM;0,3;KİLOGRAM;MERKEZ;;;;;
;st0000005;FRİTA YAĞI 18 LT;0,045;0;LİTRE;0,045;LİTRE;MERKEZ;;;;;
;st0000001;CAJUN BAHARATI 1000 GR;0,007;0;ADET;0,007;ADET;MERKEZ;;;;;
;st0000006;HEINZ KETÇAP P.P SACHET;1;0;ADET;1;ADET;MERKEZ;;;;;
;st0000007;HEINZ MAYONEZ P.P SACHET;1;0;ADET;1;ADET;MERKEZ;;;;;
;;;;;;;;;;;;;
Reçete;ST00053;IZGARA KÖFTE;BUR00088;IZGARA KÖFTE;1;MERKEZ;MERKEZ;4.12.2025;MERKEZ;30.12.2025;;;
;Stok Kodu;Stok Adı;Miktarı;Fire Miktarı;Birimi;Toplam Miktar;Birimi;Depo Adı;;;;;
;st0000454;KÖFTE;0,16;0;KİLOGRAM;0,16;KİLOGRAM;MERKEZ;;;;;
;ST00040;PATATES KIZARTMASI;0,5;0;Adet;0,5;Adet;MERKEZ;;;;;
;ST00045;PENNE NAPOLİTAN;0,33;0;Adet;0,33;Adet;MERKEZ;;;;;
;st0000308;YEŞİL BİBER;0,05;0;KİLOGRAM;0,05;KİLOGRAM;MERKEZ;;;;;
;st0000314;ÇERY DOMATES;0,025;0;KİLOGRAM;0,025;KİLOGRAM;MERKEZ;;;;;
;st0000311;ICEBERG;0,025;0;ADET;0,025;ADET;MERKEZ;;;;;
;ST00304;ROKA;0,05;0;ADET;0,05;ADET;MERKEZ;;;;;
;st0000014;SAF TUZ 750 GR   ;0,005;0;KİLOGRAM;0,005;KİLOGRAM;MERKEZ;;;;;
;st0000015;KARABİBER 1000GR;0,003;0;KİLOGRAM;0,003;KİLOGRAM;MERKEZ;;;;;
;st0000108;KİMYON;0,003;0;KİLOGRAM;0,003;KİLOGRAM;MERKEZ;;;;;
;st0000099;ÖNCÜ PUL BİBER 1 KG;0,003;0;KİLOGRAM;0,003;KİLOGRAM;MERKEZ;;;;;
;st0000309;LİMON;0,03;0;KİLOGRAM;0,03;KİLOGRAM;MERKEZ;;;;;
;;;;;;;;;;;;;
Reçete;ST00072;PEYNİRLİ TOST;BUR00090;PEYNİRLİ TOST;1;MERKEZ;MERKEZ;4.12.2025;MERKEZ;30.12.2025;;;
;Stok Kodu;Stok Adı;Miktarı;Fire Miktarı;Birimi;Toplam Miktar;Birimi;Depo Adı;;;;;
;st0000433;TOST EKMEĞİ 1000 GR;1;0;ADET;1;ADET;MERKEZ;;;;;
;ST00040;PATATES KIZARTMASI;0,5;0;Adet;0,5;Adet;MERKEZ;;;;;
;st0000438;SÜTAŞ TOST PEYNİRİ DİLİMLİ KG ;0,045;0;ADET;0,045;ADET;MERKEZ;;;;;
;;;;;;;;;;;;;
Reçete;ST00074;SUCUKLU KAŞARLI TOST;BUR00092;SUCUKLU KAŞARLI TOST;1;MERKEZ;MERKEZ;4.12.2025;MERKEZ;30.12.2025;;;
;Stok Kodu;Stok Adı;Miktarı;Fire Miktarı;Birimi;Toplam Miktar;Birimi;Depo Adı;;;;;
;st0000433;TOST EKMEĞİ 1000 GR;1;0;ADET;1;ADET;MERKEZ;;;;;
;ST00308;SUCUK;0,03;0;KİLOGRAM;0,03;KİLOGRAM;MERKEZ;;;;;
;ST00040;PATATES KIZARTMASI;0,5;0;Adet;0,5;Adet;MERKEZ;;;;;
;st0000438;SÜTAŞ TOST PEYNİRİ DİLİMLİ KG ;0,03;0;ADET;0,03;ADET;MERKEZ;;;;;
;;;;;;;;;;;;;
Reçete;ST00071;KARIŞIK TOST;BUR00094;KARIŞIK TOST;1;MERKEZ;MERKEZ;4.12.2025;MERKEZ;30.12.2025;;;
;Stok Kodu;Stok Adı;Miktarı;Fire Miktarı;Birimi;Toplam Miktar;Birimi;Depo Adı;;;;;
;st0000433;TOST EKMEĞİ 1000 GR;1;0;ADET;1;ADET;MERKEZ;;;;;
;ST00309;SALAM;0,01;0;KİLOGRAM;0,01;KİLOGRAM;MERKEZ;;;;;
;ST00308;SUCUK;0,03;0;KİLOGRAM;0,03;KİLOGRAM;MERKEZ;;;;;
;ST00040;PATATES KIZARTMASI;0,5;0;Adet;0,5;Adet;MERKEZ;;;;;
;st0000438;SÜTAŞ TOST PEYNİRİ DİLİMLİ KG ;0,03;0;ADET;0,03;ADET;MERKEZ;;;;;
;;;;;;;;;;;;;
Reçete;ST00043;HAMBURGER;BUR00097;HAMBURGER;1;MERKEZ;MERKEZ;5.12.2025;MERKEZ;15.12.2025;;;
;Stok Kodu;Stok Adı;Miktarı;Fire Miktarı;Birimi;Toplam Miktar;Birimi;Depo Adı;;;;;
;st0000432;HAMBURGER EKMEĞİ BÜFE TİP 6*85 GR;1;0;PAKET;1;PAKET;MERKEZ;;;;;
;st0000281;BURGER BÜFE 90 GR;0,09;0;KİLOGRAM;0,09;KİLOGRAM;MERKEZ;;;;;
;st0000311;ICEBERG;0,05;0;ADET;0,05;ADET;MERKEZ;;;;;
;st0000306;DOMATES;0,08;0;KİLOGRAM;0,08;KİLOGRAM;MERKEZ;;;;;
;st0000227;NO 2 TURŞU;0,03;0;KİLOGRAM;0,03;KİLOGRAM;MERKEZ;;;;;
;ST00040;PATATES KIZARTMASI;0,5;0;Adet;0,5;Adet;MERKEZ;;;;;
;;;;;;;;;;;;;
Reçete;ST00052;PİZZA MARGARİTA;BUR00099;PİZZA MARGARİTA;1;MERKEZ;MERKEZ;5.12.2025;MERKEZ;15.12.2025;;;
;Stok Kodu;Stok Adı;Miktarı;Fire Miktarı;Birimi;Toplam Miktar;Birimi;Depo Adı;;;;;
;ST00303;PİZZA TABANI;1;0;ADET;1;ADET;MERKEZ;;;;;
;ST00305;DOMATES SOS;0,15;0;KİLOGRAM;0,15;KİLOGRAM;MERKEZ;;;;;
;st0000030;RENDE MOZARELLA PEYNİR;0,2;0;KİLOGRAM;0,2;KİLOGRAM;MERKEZ;;;;;
;st0000306;DOMATES;0,1;0;KİLOGRAM;0,1;KİLOGRAM;MERKEZ;;;;;
;;;;;;;;;;;;;
Reçete;ST00051;KARIŞIK PİZZA;BUR00101;KARIŞIK PİZZA;1;MERKEZ;MERKEZ;5.12.2025;MERKEZ;15.12.2025;;;
;Stok Kodu;Stok Adı;Miktarı;Fire Miktarı;Birimi;Toplam Miktar;Birimi;Depo Adı;;;;;
;ST00303;PİZZA TABANI;1;0;ADET;1;ADET;MERKEZ;;;;;
;ST00305;DOMATES SOS;0,15;0;KİLOGRAM;0,15;KİLOGRAM;MERKEZ;;;;;
;st0000030;RENDE MOZARELLA PEYNİR;0,15;0;KİLOGRAM;0,15;KİLOGRAM;MERKEZ;;;;;
;st0000308;YEŞİL BİBER;0,03;0;KİLOGRAM;0,03;KİLOGRAM;MERKEZ;;;;;
;ST00308;SUCUK;0,03;0;KİLOGRAM;0,03;KİLOGRAM;MERKEZ;;;;;
;ST00186; DANA SOSİS;0,04;0;KİLOGRAM;0,04;KİLOGRAM;MERKEZ;;;;;
;ST00309;SALAM;0,02;0;KİLOGRAM;0,02;KİLOGRAM;MERKEZ;;;;;
;st0000301;MANTAR;0,06;0;KİLOGRAM;0,06;KİLOGRAM;MERKEZ;;;;;
;st0000028;DONUK MISIR;0,02;0;KİLOGRAM;0,02;KİLOGRAM;MERKEZ;;;;;
;st0000157;DİLİM YEŞİL ZEYTİN ;0,02;0;KİLOGRAM;0,02;KİLOGRAM;MERKEZ;;;;;
;;;;;;;;;;;;;
Reçete;ST00056;PİZZA MENÜ;BUR00104;PİZZA MENÜ;1;MERKEZ;MERKEZ;5.12.2025;MERKEZ;15.12.2025;;;
;Stok Kodu;Stok Adı;Miktarı;Fire Miktarı;Birimi;Toplam Miktar;Birimi;Depo Adı;;;;;
;ST00303;PİZZA TABANI;1;0;ADET;1;ADET;MERKEZ;;;;;
;st0000030;RENDE MOZARELLA PEYNİR;0,15;0;KİLOGRAM;0,15;KİLOGRAM;MERKEZ;;;;;
;ST00186; DANA SOSİS;0,06;0;KİLOGRAM;0,06;KİLOGRAM;MERKEZ;;;;;
;st0000301;MANTAR;0,08;0;KİLOGRAM;0,08;KİLOGRAM;MERKEZ;;;;;
;ST00305;DOMATES SOS;0,15;0;KİLOGRAM;0,15;KİLOGRAM;MERKEZ;;;;;
;ST00040;PATATES KIZARTMASI;0,5;0;Adet;0,5;Adet;MERKEZ;;;;;
;st0000344;COCA-COLA KUTU;1;0;ADET;1;ADET;MERKEZ;;;;;
;;;;;;;;;;;;;
Reçete;ST00041;MEVSİM SALATA;BUR00107;MEVSİM SALATA;8;MERKEZ;MERKEZ;5.12.2025;MERKEZ;15.12.2025;;;
;Stok Kodu;Stok Adı;Miktarı;Fire Miktarı;Birimi;Toplam Miktar;Birimi;Depo Adı;;;;;
;st0000311;ICEBERG;1;0;ADET;1;ADET;MERKEZ;;;;;
;st0000310;LOLOROSO ADET ;1;0;ADET;1;ADET;MERKEZ;;;;;
;st0000302;MAYDONOZ;1;0;ADET;1;ADET;MERKEZ;;;;;
;ST00304;ROKA;1;0;ADET;1;ADET;MERKEZ;;;;;
;st0000303;HAVUÇ;0,4;0;KİLOGRAM;0,4;KİLOGRAM;MERKEZ;;;;;
;st0000306;DOMATES;0,65;0;KİLOGRAM;0,65;KİLOGRAM;MERKEZ;;;;;
;st0000313;SALATALIK;0,48;0;KİLOGRAM;0,48;KİLOGRAM;MERKEZ;;;;;
;st0000221;TANE MISIR KONS 340 GR;0,4;0;KİLOGRAM;0,4;KİLOGRAM;MERKEZ;;;;;
;st0000309;LİMON;0,3;0;KİLOGRAM;0,3;KİLOGRAM;MERKEZ;;;;;
;st0000218;OLIOVILLA SIZMA Z.YAĞI LT;0,4;0;LİTRE;0,4;LİTRE;MERKEZ;;;;;
;;;;;;;;;;;;;
Reçete;ST00310;ETLİ KURU FASÜLYE;BUR00109;ETLİ KURU FASÜLYE;120;MERKEZ;MERKEZ;8.12.2025;MERKEZ;15.12.2025;;;
;Stok Kodu;Stok Adı;Miktarı;Fire Miktarı;Birimi;Toplam Miktar;Birimi;Depo Adı;;;;;
;st0000084;KURU FASÜLYE;10;0;KİLOGRAM;10;KİLOGRAM;MERKEZ;;;;;
;st0000102;KUŞBAŞI;4;0;KİLOGRAM;4;KİLOGRAM;MERKEZ;;;;;
;st0000321;SOĞAN;2;0;KİLOGRAM;2;KİLOGRAM;MERKEZ;;;;;
;st0000083;AYÇİÇEK YAĞI  LT;2;0;LİTRE;2;LİTRE;MERKEZ;;;;;
;st0000013;SALÇA;2;0;KİLOGRAM;2;KİLOGRAM;MERKEZ;;;;;
;st0000004;ÜLKER TEREMYAĞ KG ;0,5;0;KİLOGRAM;0,5;KİLOGRAM;MERKEZ;;;;;
;st0000306;DOMATES;3;0;KİLOGRAM;3;KİLOGRAM;MERKEZ;;;;;
;st0000308;YEŞİL BİBER;2;0;KİLOGRAM;2;KİLOGRAM;MERKEZ;;;;;
;st0000014;SAF TUZ 750 GR   ;0,2;0;KİLOGRAM;0,2;KİLOGRAM;MERKEZ;;;;;
;st0000015;KARABİBER 1000GR;0,05;0;KİLOGRAM;0,05;KİLOGRAM;MERKEZ;;;;;
;st0000099;ÖNCÜ PUL BİBER 1 KG;0,05;0;KİLOGRAM;0,05;KİLOGRAM;MERKEZ;;;;;
;;;;;;;;;;;;;
Reçete;ST00311;PİRİNÇ PİLAVI;BUR00111;PİRİNÇ PİLAVI;120;MERKEZ;MERKEZ;8.12.2025;MERKEZ;8.12.2025;;;
;Stok Kodu;Stok Adı;Miktarı;Fire Miktarı;Birimi;Toplam Miktar;Birimi;Depo Adı;;;;;
;st0000058;PİRİNÇ;10;0;KİLOGRAM;10;KİLOGRAM;MERKEZ;;;;;
;st0000004;ÜLKER TEREMYAĞ KG ;0,4;0;KİLOGRAM;0,4;KİLOGRAM;MERKEZ;;;;;
;st0000083;AYÇİÇEK YAĞI  LT;2;0;LİTRE;2;LİTRE;MERKEZ;;;;;
;st0000014;SAF TUZ 750 GR   ;0,2;0;KİLOGRAM;0,2;KİLOGRAM;MERKEZ;;;;;
;st0000184;KNORR BULYON 5 KG TAVUK;0,08;0;KİLOGRAM;0,08;KİLOGRAM;MERKEZ;;;;;
;;;;;;;;;;;;;
Reçete;ST00312;KALPLİ BEYAZ KURABİYE;BUR00122;KALPLİ BEYAZ KURABİYE;250;MERKEZ;MERKEZ;9.12.2025;MERKEZ;9.12.2025;;;
;Stok Kodu;Stok Adı;Miktarı;Fire Miktarı;Birimi;Toplam Miktar;Birimi;Depo Adı;;;;;
;st0000130;ALBA SADE 10KG;0,75;0;KİLOGRAM;0,75;KİLOGRAM;MERKEZ;;;;;
;st0000017;TRAKYAĞ SIVIYAĞ LT;0,46;0;LİTRE;0,46;LİTRE;MERKEZ;;;;;
;st0000062;PUDRA ŞEKERİ DÖKME;0,6;0;KİLOGRAM;0,6;KİLOGRAM;MERKEZ;;;;;
;st0000021;NİŞASTA 10 KG ;0,6;0;KİLOGRAM;0,6;KİLOGRAM;MERKEZ;;;;;
;st0000079;DR OETKER VANILYA 1 KG;0,054;0;KİLOGRAM;0,054;KİLOGRAM;MERKEZ;;;;;
;st0000020;OVA UN ;2;0;KG;2;KG;MERKEZ;;;;;
;;;;;;;;;;;;;
Reçete;ST00313;KALPLİ ÇİKOLATALI KURABİYE;BUR00124;KALPLİ ÇİKOLATALI KURABİYE;260;MERKEZ;MERKEZ;9.12.2025;;;;;
;Stok Kodu;Stok Adı;Miktarı;Fire Miktarı;Birimi;Toplam Miktar;Birimi;Depo Adı;;;;;
;st0000130;ALBA SADE 10KG;0,75;0;KİLOGRAM;0,75;KİLOGRAM;MERKEZ;;;;;
;st0000017;TRAKYAĞ SIVIYAĞ LT;0,46;0;LİTRE;0,46;LİTRE;MERKEZ;;;;;
;st0000062;PUDRA ŞEKERİ DÖKME;0,6;0;KİLOGRAM;0,6;KİLOGRAM;MERKEZ;;;;;
;st0000021;NİŞASTA 10 KG ;0,6;0;KİLOGRAM;0,6;KİLOGRAM;MERKEZ;;;;;
;st0000079;DR OETKER VANILYA 1 KG;0,054;0;KİLOGRAM;0,054;KİLOGRAM;MERKEZ;;;;;
;st0000020;OVA UN ;2;0;KG;2;KG;MERKEZ;;;;;
;st0000089;FINDIK KIRIK 1 KG;0,25;0;KİLOGRAM;0,25;KİLOGRAM;MERKEZ;;;;;
;st0000088;KAKAO 1 KG;0,2;0;KİLOGRAM;0,2;KİLOGRAM;MERKEZ;;;;;
;;;;;;;;;;;;;
Reçete;ST00314;CEVİZLİ ÜZÜMLÜ KURABİYE;BUR00126;CEVİZLİ ÜZÜMLÜ KURABİYE;68;MERKEZ;MERKEZ;9.12.2025;MERKEZ;16.12.2025;;;
;Stok Kodu;Stok Adı;Miktarı;Fire Miktarı;Birimi;Toplam Miktar;Birimi;Depo Adı;;;;;
;st0000130;ALBA SADE 10KG;0,25;0;KİLOGRAM;0,25;KİLOGRAM;MERKEZ;;;;;
;st0000017;TRAKYAĞ SIVIYAĞ LT;0,15;0;LİTRE;0,15;LİTRE;MERKEZ;;;;;
;st0000062;PUDRA ŞEKERİ DÖKME;0,16;0;KİLOGRAM;0,16;KİLOGRAM;MERKEZ;;;;;
;st0000021;NİŞASTA 10 KG ;0,13;0;KİLOGRAM;0,13;KİLOGRAM;MERKEZ;;;;;
;st0000079;DR OETKER VANILYA 1 KG;0,02;0;KİLOGRAM;0,02;KİLOGRAM;MERKEZ;;;;;
;st0000020;OVA UN ;0,7;0;KG;0,7;KG;MERKEZ;;;;;
;st0000382;YUMURTA 30 LU;2;0;ADET;2;ADET;MERKEZ;;;;;
;st0000061;CEVİZ İÇİ;0,1;0;KİLOGRAM;0,1;KİLOGRAM;MERKEZ;;;;;
;st0000086;ÜZÜM NO 10 MM;0,113;0;KİLOGRAM;0,113;KİLOGRAM;MERKEZ;;;;;
;st0000159;KABARTMA TOZU 1 KG;0,01;0;KİLOGRAM;0,01;KİLOGRAM;MERKEZ;;;;;
;;;;;;;;;;;;;
Reçete;ST00315;FINDIKLI YUVARLAK KURABİYE;BUR00128;FINDIKLI YUVARLAK KURABİYE;250;MERKEZ;MERKEZ;9.12.2025;MERKEZ;15.12.2025;;;
;Stok Kodu;Stok Adı;Miktarı;Fire Miktarı;Birimi;Toplam Miktar;Birimi;Depo Adı;;;;;
;st0000004;ÜLKER TEREMYAĞ KG ;0,5;0;KİLOGRAM;0,5;KİLOGRAM;MERKEZ;;;;;
;st0000062;PUDRA ŞEKERİ DÖKME;0,28;0;KİLOGRAM;0,28;KİLOGRAM;MERKEZ;;;;;
;st0000382;YUMURTA 30 LU;4;0;ADET;4;ADET;MERKEZ;;;;;
;st0000014;SAF TUZ 750 GR   ;0,002;0;KİLOGRAM;0,002;KİLOGRAM;MERKEZ;;;;;
;st0000159;KABARTMA TOZU 1 KG;0,02;0;KİLOGRAM;0,02;KİLOGRAM;MERKEZ;;;;;
;st0000079;DR OETKER VANILYA 1 KG;0,015;0;KİLOGRAM;0,015;KİLOGRAM;MERKEZ;;;;;
;st0000021;NİŞASTA 10 KG ;0,2;0;KİLOGRAM;0,2;KİLOGRAM;MERKEZ;;;;;
;st0000089;FINDIK KIRIK 1 KG;0,25;0;KİLOGRAM;0,25;KİLOGRAM;MERKEZ;;;;;
;st0000020;OVA UN ;1,5;0;KG;1,5;KG;MERKEZ;;;;;
;;;;;;;;;;;;;
Reçete;ST00316;PEYNİRLİ POĞAÇA;BUR00130;PEYNİRLİ POĞAÇA;840;MERKEZ;MERKEZ;9.12.2025;;;;;
;Stok Kodu;Stok Adı;Miktarı;Fire Miktarı;Birimi;Toplam Miktar;Birimi;Depo Adı;;;;;
;st0000017;TRAKYAĞ SIVIYAĞ LT;2,07;0;LİTRE;2,07;LİTRE;MERKEZ;;;;;
;st0000130;ALBA SADE 10KG;2,25;0;KİLOGRAM;2,25;KİLOGRAM;MERKEZ;;;;;
;st0000439;SÜT YARIM YAĞLI 1 LT;1,8;0;LİTRE;1,8;LİTRE;MERKEZ;;;;;
;st0000382;YUMURTA 30 LU;24;0;ADET;24;ADET;MERKEZ;;;;;
;st0000014;SAF TUZ 750 GR   ;0,06;0;KİLOGRAM;0,06;KİLOGRAM;MERKEZ;;;;;
;st0000020;OVA UN ;2,5;0;KG;2,5;KG;MERKEZ;;;;;
;ST00184;LOR PEYNİRİ;5;0;KİLOGRAM;5;KİLOGRAM;MERKEZ;;;;;
;st0000218;OLIOVILLA SIZMA Z.YAĞI LT;0,4;0;LİTRE;0,4;LİTRE;MERKEZ;;;;;
;st0000437;KAYMAKSIZ YOĞURT KOVA KG;0,3;0;ADET;0,3;ADET;MERKEZ;;;;;
;ST00252;SUSAM;0,2;0;KİLOGRAM;0,2;KİLOGRAM;MERKEZ;;;;;
;;;;;;;;;;;;;
Reçete;ST00317;TUZLU KURABİYE;BUR00131;TUZLU KURABİYE;120;MERKEZ;MERKEZ;9.12.2025;MERKEZ;10.12.2025;;;
;Stok Kodu;Stok Adı;Miktarı;Fire Miktarı;Birimi;Toplam Miktar;Birimi;Depo Adı;;;;;
;st0000130;ALBA SADE 10KG;1;0;KİLOGRAM;1;KİLOGRAM;MERKEZ;;;;;
;st0000017;TRAKYAĞ SIVIYAĞ LT;0,4;0;LİTRE;0,4;LİTRE;MERKEZ;;;;;
;st0000014;SAF TUZ 750 GR   ;0,05;0;KİLOGRAM;0,05;KİLOGRAM;MERKEZ;;;;;
;st0000078;TOZ ŞEKER 50 KG;0,15;0;KİLOGRAM;0,15;KİLOGRAM;MERKEZ;;;;;
;st0000020;OVA UN ;1,6;0;KG;1,6;KG;MERKEZ;;;;;
;st0000159;KABARTMA TOZU 1 KG;0,03;0;KİLOGRAM;0,03;KİLOGRAM;MERKEZ;;;;;
;st0000382;YUMURTA 30 LU;7;0;ADET;7;ADET;MERKEZ;;;;;
;ST00252;SUSAM;0,15;0;KİLOGRAM;0,15;KİLOGRAM;MERKEZ;;;;;
;st0000021;NİŞASTA 10 KG ;0,5;0;KİLOGRAM;0,5;KİLOGRAM;MERKEZ;;;;;
;st0000205;MAHLEP;0,2;0;KİLOGRAM;0,2;KİLOGRAM;MERKEZ;;;;;
;;;;;;;;;;;;;
Reçete;ST00318;KANEPE SOSU;BUR00135;;220;MERKEZ;MERKEZ;10.12.2025;MERKEZ;10.12.2025;;;
;Stok Kodu;Stok Adı;Miktarı;Fire Miktarı;Birimi;Toplam Miktar;Birimi;Depo Adı;;;;;
;st0000437;KAYMAKSIZ YOĞURT KOVA KG;0,5;0;ADET;0,5;ADET;MERKEZ;;;;;
;st0000011;MAYONEZ KİLOLUK;0,2;0;KİLOGRAM;0,2;KİLOGRAM;MERKEZ;;;;;
;st0000109;KEKİK 1000 GR;0,01;0;KİLOGRAM;0,01;KİLOGRAM;MERKEZ;;;;;
;st0000099;ÖNCÜ PUL BİBER 1 KG;0,01;0;KİLOGRAM;0,01;KİLOGRAM;MERKEZ;;;;;
;st0000014;SAF TUZ 750 GR   ;0,01;0;KİLOGRAM;0,01;KİLOGRAM;MERKEZ;;;;;
;st0000015;KARABİBER 1000GR;0,005;0;KİLOGRAM;0,005;KİLOGRAM;MERKEZ;;;;;
;st0000108;KİMYON;0,005;0;KİLOGRAM;0,005;KİLOGRAM;MERKEZ;;;;;
;;;;;;;;;;;;;
Reçete;ST00319;KÖZ BİBERLİ SOS;BUR00137;KÖZ BİBERLİ SOS;110;MERKEZ;MERKEZ;10.12.2025;;;;;
;Stok Kodu;Stok Adı;Miktarı;Fire Miktarı;Birimi;Toplam Miktar;Birimi;Depo Adı;;;;;
;st0000099;ÖNCÜ PUL BİBER 1 KG;0,025;0;KİLOGRAM;0,025;KİLOGRAM;MERKEZ;;;;;
;st0000109;KEKİK 1000 GR;0,015;0;KİLOGRAM;0,015;KİLOGRAM;MERKEZ;;;;;
;st0000108;KİMYON;0,01;0;KİLOGRAM;0,01;KİLOGRAM;MERKEZ;;;;;
;st0000014;SAF TUZ 750 GR   ;0,01;0;KİLOGRAM;0,01;KİLOGRAM;MERKEZ;;;;;
;st0000001;CAJUN BAHARATI 1000 GR;0,025;0;ADET;0,025;ADET;MERKEZ;;;;;
;st0000110;TOZ BİBER;0,03;0;KİLOGRAM;0,03;KİLOGRAM;MERKEZ;;;;;
;st0000218;OLIOVILLA SIZMA Z.YAĞI LT;0,2;0;LİTRE;0,2;LİTRE;MERKEZ;;;;;
;st0000060;KÖZLENMİŞ PATLICAN;0,75;0;KİLOGRAM;0,75;KİLOGRAM;MERKEZ;;;;;
;st0000201;KÖZLENMİŞ KAPYA BİBER;0,75;0;KİLOGRAM;0,75;KİLOGRAM;MERKEZ;;;;;
;;;;;;;;;;;;;
Reçete;ST00320;HAYDARİ;BUR00139;HAYDARİ;110;MERKEZ;MERKEZ;10.12.2025;;;;;
;Stok Kodu;Stok Adı;Miktarı;Fire Miktarı;Birimi;Toplam Miktar;Birimi;Depo Adı;;;;;
;st0000442;SÜZME YOĞURT;0,5;0;KİLOGRAM;0,5;KİLOGRAM;MERKEZ;;;;;
;st0000218;OLIOVILLA SIZMA Z.YAĞI LT;0,15;0;LİTRE;0,15;LİTRE;MERKEZ;;;;;
;st0000334;SARIMSAK;0,01;0;KİLOGRAM;0,01;KİLOGRAM;MERKEZ;;;;;
;ST00227;KURU NANE;0,02;0;KİLOGRAM;0,02;KİLOGRAM;MERKEZ;;;;;
;st0000014;SAF TUZ 750 GR   ;0,01;0;KİLOGRAM;0,01;KİLOGRAM;MERKEZ;;;;;
;;;;;;;;;;;;;
Reçete;ST00321;SOSLU SOSİS;BUR00141;SOSLU SOSİS;110;MERKEZ;MERKEZ;10.12.2025;MERKEZ;15.12.2025;;;
;Stok Kodu;Stok Adı;Miktarı;Fire Miktarı;Birimi;Toplam Miktar;Birimi;Depo Adı;;;;;
;st0000012;KETÇAP KİLOLUK;0,1;0;KİLOGRAM;0,1;KİLOGRAM;MERKEZ;;;;;
;st0000013;SALÇA;0,025;0;KİLOGRAM;0,025;KİLOGRAM;MERKEZ;;;;;
;st0000109;KEKİK 1000 GR;0,005;0;KİLOGRAM;0,005;KİLOGRAM;MERKEZ;;;;;
;st0000014;SAF TUZ 750 GR   ;0,005;0;KİLOGRAM;0,005;KİLOGRAM;MERKEZ;;;;;
;st0000108;KİMYON;0,005;0;KİLOGRAM;0,005;KİLOGRAM;MERKEZ;;;;;
;st0000099;ÖNCÜ PUL BİBER 1 KG;0,005;0;KİLOGRAM;0,005;KİLOGRAM;MERKEZ;;;;;
;st0000017;TRAKYAĞ SIVIYAĞ LT;0,05;0;LİTRE;0,05;LİTRE;MERKEZ;;;;;
;ST00186; DANA SOSİS;0,3;0;KİLOGRAM;0,3;KİLOGRAM;MERKEZ;;;;;
;;;;;;;;;;;;;
Reçete;ST00333;RUS SALATASI;BUR00143;RUS SALATASI;110;MERKEZ;MERKEZ;10.12.2025;MERKEZ;15.12.2025;;;
;Stok Kodu;Stok Adı;Miktarı;Fire Miktarı;Birimi;Toplam Miktar;Birimi;Depo Adı;;;;;
;ST00256;GARNİTÜR;0,7;0;KİLOGRAM;0,7;KİLOGRAM;MERKEZ;;;;;
;st0000221;TANE MISIR KONS 340 GR;0,15;0;KİLOGRAM;0,15;KİLOGRAM;MERKEZ;;;;;
;st0000011;MAYONEZ KİLOLUK;0,5;0;KİLOGRAM;0,5;KİLOGRAM;MERKEZ;;;;;
;st0000014;SAF TUZ 750 GR   ;0,05;0;KİLOGRAM;0,05;KİLOGRAM;MERKEZ;;;;;
;ST00182;KÜP KESİM SALATALIK TURŞUSU;0,15;0;KİLOGRAM;0,15;KİLOGRAM;MERKEZ;;;;;
;;;;;;;;;;;;;
Reçete;ST00334;MENÜ 1 ALKOLSÜZ (100 KİŞİ);BUR00145;MENÜ 1 ALKOLSÜZ (100 KİŞİ);100;MERKEZ;MERKEZ;10.12.2025;MERKEZ;11.12.2025;;;
;Stok Kodu;Stok Adı;Miktarı;Fire Miktarı;Birimi;Toplam Miktar;Birimi;Depo Adı;;;;;
;ST00322;FINDIK (ÇEREZ);0,75;0;KİLOGRAM;0,75;KİLOGRAM;MERKEZ;;;;;
;ST00323;BADEM (ÇEREZ);0,75;0;KİLOGRAM;0,75;KİLOGRAM;MERKEZ;;;;;
;ST00324;FISTIK (ÇEREZ);0,75;0;KİLOGRAM;0,75;KİLOGRAM;MERKEZ;;;;;
;ST00325;KAJU (ÇEREZ);0,75;0;KİLOGRAM;0,75;KİLOGRAM;MERKEZ;;;;;
;ST00327;DORİTOS TACO MEGA;4;0;ADET;4;ADET;MERKEZ;;;;;
;ST00328;LAYS KLASİK MEGA;4;0;ADET;4;ADET;MERKEZ;;;;;
;st0000313;SALATALIK;3;0;KİLOGRAM;3;KİLOGRAM;MERKEZ;;;;;
;st0000303;HAVUÇ;3;0;KİLOGRAM;3;KİLOGRAM;MERKEZ;;;;;
;st0000177;LİMON SOSU;1;0;LİTRE;1;LİTRE;MERKEZ;;;;;
;st0000455;ANANAS;11;0;ADET;11;ADET;MERKEZ;;;;;
;st0000330;ÇİLEK;3;0;KİLOGRAM;3;KİLOGRAM;MERKEZ;;;;;
;st0000325;PORTAKAL ;4;0;KİLOGRAM;4;KİLOGRAM;MERKEZ;;;;;
;st0000335;KİVİ;3;0;KİLOGRAM;3;KİLOGRAM;MERKEZ;;;;;
;ST00336;KÜP MOZERELLA;2;0;KİLOGRAM;2;KİLOGRAM;MERKEZ;;;;;
;ST00335;KOKTEYL ZEYTİN;2;0;KİLOGRAM;2;KİLOGRAM;MERKEZ;;;;;
;st0000433;TOST EKMEĞİ 1000 GR;22;0;ADET;22;ADET;MERKEZ;;;;;
;st0000149;POLONEZ DANA DİLİMLİ TOST JAMBON;0,4;0;KİLOGRAM;0,4;KİLOGRAM;MERKEZ;;;;;
;st0000191;TEKSEN SİYAH ZEYTİN EZMESİ 5 KG;1;0;KİLOGRAM;1;KİLOGRAM;MERKEZ;;;;;
;st0000173;HARUN DİLİM KAŞAR;1;0;KİLOGRAM;1;KİLOGRAM;MERKEZ;;;;;
;st0000227;NO 2 TURŞU;0,75;0;KİLOGRAM;0,75;KİLOGRAM;MERKEZ;;;;;
;st0000148;YAĞDA KURUTULMUŞ DOMATES 3 KG;0,75;0;KİLOGRAM;0,75;KİLOGRAM;MERKEZ;;;;;
;ST00337;MİNİ TARTOLET;220;0;ADET;220;ADET;MERKEZ;;;;;
;ST00319;KÖZ BİBERLİ SOS;110;0;ADET;110;ADET;MERKEZ;;;;;
;ST00320;HAYDARİ;110;0;ADET;110;ADET;MERKEZ;;;;;
;ST00333;RUS SALATASI;110;0;ADET;110;ADET;MERKEZ;;;;;
;ST00321;SOSLU SOSİS;110;0;ADET;110;ADET;MERKEZ;;;;;
;ST00338;KOKTEYL KURU PASTA;4;0;KİLOGRAM;4;KİLOGRAM;MERKEZ;;;;;
;ST00329;MEYVE SUYU 1 LT PORTAKAL;5;0;LİTRE;5;LİTRE;MERKEZ;;;;;
;ST328;MEYVE SUYU 1 LT;25;0;LİTRE;25;LİTRE;MERKEZ;;;;;
;ST00330;COCA COLA 2,5 LT;3;0;ADET;3;ADET;MERKEZ;;;;;
;ST00331;FANTA 2,5 LT;1;0;ADET;1;ADET;MERKEZ;;;;;
;ST00332;SPRİTE 2,5 LT ;1;0;ADET;1;ADET;MERKEZ;;;;;
;st0000161;BARDAK SU;100;0;ADET;100;ADET;MERKEZ;;;;;
;ST00067;SODA ÇEŞİTLERİ;12;0;Adet;12;Adet;MERKEZ;;;;;
;st0000128;KILIÇ KÜRDAN;1000;0;ADET;1000;ADET;MERKEZ;;;;;
;;;;;;;;;;;;;
Reçete;ST00340;MENÜ 2 ALKOLSÜZ (100 KİŞİ);BUR00147;MENÜ 2 ALKOLSÜZ (100 KİŞİ);100;MERKEZ;MERKEZ;11.12.2025;MERKEZ;15.12.2025;;;
;Stok Kodu;Stok Adı;Miktarı;Fire Miktarı;Birimi;Toplam Miktar;Birimi;Depo Adı;;;;;
;ST00339;YAPRAK SARMA;5;0;KİLOGRAM;5;KİLOGRAM;MERKEZ;;;;;
;ST00323;BADEM (ÇEREZ);0,75;0;KİLOGRAM;0,75;KİLOGRAM;MERKEZ;;;;;
;ST00322;FINDIK (ÇEREZ);0,75;0;KİLOGRAM;0,75;KİLOGRAM;MERKEZ;;;;;
;ST00324;FISTIK (ÇEREZ);0,75;0;KİLOGRAM;0,75;KİLOGRAM;MERKEZ;;;;;
;ST00325;KAJU (ÇEREZ);0,75;0;KİLOGRAM;0,75;KİLOGRAM;MERKEZ;;;;;
;ST00327;DORİTOS TACO MEGA;4;0;ADET;4;ADET;MERKEZ;;;;;
;ST00328;LAYS KLASİK MEGA;4;0;ADET;4;ADET;MERKEZ;;;;;
;st0000313;SALATALIK;3;0;KİLOGRAM;3;KİLOGRAM;MERKEZ;;;;;
;st0000303;HAVUÇ;3;0;KİLOGRAM;3;KİLOGRAM;MERKEZ;;;;;
;st0000177;LİMON SOSU;1;0;LİTRE;1;LİTRE;MERKEZ;;;;;
;st0000455;ANANAS;11;0;ADET;11;ADET;MERKEZ;;;;;
;ST00336;KÜP MOZERELLA;2;0;KİLOGRAM;2;KİLOGRAM;MERKEZ;;;;;
;ST00335;KOKTEYL ZEYTİN;2;0;KİLOGRAM;2;KİLOGRAM;MERKEZ;;;;;
;st0000330;ÇİLEK;3;0;KİLOGRAM;3;KİLOGRAM;MERKEZ;;;;;
;st0000325;PORTAKAL ;4;0;KİLOGRAM;4;KİLOGRAM;MERKEZ;;;;;
;st0000335;KİVİ;3;0;KİLOGRAM;3;KİLOGRAM;MERKEZ;;;;;
;st0000433;TOST EKMEĞİ 1000 GR;22;0;ADET;22;ADET;MERKEZ;;;;;
;st0000149;POLONEZ DANA DİLİMLİ TOST JAMBON;0,4;0;KİLOGRAM;0,4;KİLOGRAM;MERKEZ;;;;;
;st0000191;TEKSEN SİYAH ZEYTİN EZMESİ 5 KG;1;0;KİLOGRAM;1;KİLOGRAM;MERKEZ;;;;;
;st0000173;HARUN DİLİM KAŞAR;1;0;KİLOGRAM;1;KİLOGRAM;MERKEZ;;;;;
;st0000227;NO 2 TURŞU;0,75;0;KİLOGRAM;0,75;KİLOGRAM;MERKEZ;;;;;
;st0000148;YAĞDA KURUTULMUŞ DOMATES 3 KG;0,75;0;KİLOGRAM;0,75;KİLOGRAM;MERKEZ;;;;;
;ST00318;KANEPE SOSU;220;0;ADET;220;ADET;MERKEZ;;;;;
;ST00337;MİNİ TARTOLET;220;0;ADET;220;ADET;MERKEZ;;;;;
;ST00319;KÖZ BİBERLİ SOS;110;0;ADET;110;ADET;MERKEZ;;;;;
;ST00333;RUS SALATASI;110;0;ADET;110;ADET;MERKEZ;;;;;
;ST00320;HAYDARİ;110;0;ADET;110;ADET;MERKEZ;;;;;
;ST00321;SOSLU SOSİS;110;0;ADET;110;ADET;MERKEZ;;;;;
;ST00329;MEYVE SUYU 1 LT PORTAKAL;5;0;LİTRE;5;LİTRE;MERKEZ;;;;;
;ST328;MEYVE SUYU 1 LT;25;0;LİTRE;25;LİTRE;MERKEZ;;;;;
;ST00330;COCA COLA 2,5 LT;3;0;ADET;3;ADET;MERKEZ;;;;;
;ST00331;FANTA 2,5 LT;1;0;ADET;1;ADET;MERKEZ;;;;;
;ST00332;SPRİTE 2,5 LT ;1;0;ADET;1;ADET;MERKEZ;;;;;
;st0000161;BARDAK SU;100;0;ADET;100;ADET;MERKEZ;;;;;
;ST00067;SODA ÇEŞİTLERİ;12;0;Adet;12;Adet;MERKEZ;;;;;
;st0000128;KILIÇ KÜRDAN;1000;0;ADET;1000;ADET;MERKEZ;;;;;
;;;;;;;;;;;;;
Reçete;ST00341;MENÜ 3 ALKOLSÜZ ;BUR00149;MENÜ 3 ALKOLSÜZ;100;MERKEZ;MERKEZ;11.12.2025;MERKEZ;12.12.2025;;;
;Stok Kodu;Stok Adı;Miktarı;Fire Miktarı;Birimi;Toplam Miktar;Birimi;Depo Adı;;;;;
;ST00340;MENÜ 2 ALKOLSÜZ (100 KİŞİ);100;0;ADET;100;ADET;MERKEZ;;;;;
;st0000009;PEKMEZCİ SİGARA BÖREĞİ (KALEM);2,5;0;KİLOGRAM;2,5;KİLOGRAM;MERKEZ;;;;;
;ST00283;PİLİÇ NUGGET;2,5;0;KİLOGRAM;2,5;KİLOGRAM;MERKEZ;;;;;
;st0000220;KROKET PATATES;7,5;0;KİLOGRAM;7,5;KİLOGRAM;MERKEZ;;;;;
;st0000145;TURYAĞ 18 LT (FRİTÖZ YAĞI);7;0;LİTRE;7;LİTRE;MERKEZ;;;;;
;;;;;;;;;;;;;
Reçete;ST00346;MENÜ 1 ALKOLLÜ;BUR00151;MENÜ 1 ALKOLLÜ;100;MERKEZ;MERKEZ;11.12.2025;MERKEZ;12.12.2025;;;
;Stok Kodu;Stok Adı;Miktarı;Fire Miktarı;Birimi;Toplam Miktar;Birimi;Depo Adı;;;;;
;ST00342;YENİ RAKI 1 LT;3;0;LİTRE;3;LİTRE;MERKEZ;;;;;
;3500343;İSTANBLUE VODKA 1 LT;1;0;LİTRE;1;LİTRE;MERKEZ;;;;;
;ST00344;KIRMIZI ŞARAP;4,5;0;LİTRE;4,5;LİTRE;MERKEZ;;;;;
;ST00345;BEYAZ ŞARAP;4,5;0;LİTRE;4,5;LİTRE;MERKEZ;;;;;
;ST00327;DORİTOS TACO MEGA;4;0;ADET;4;ADET;MERKEZ;;;;;
;ST00328;LAYS KLASİK MEGA;4;0;ADET;4;ADET;MERKEZ;;;;;
;st0000313;SALATALIK;3;0;KİLOGRAM;3;KİLOGRAM;MERKEZ;;;;;
;st0000303;HAVUÇ;3;0;KİLOGRAM;3;KİLOGRAM;MERKEZ;;;;;
;st0000455;ANANAS;11;0;ADET;11;ADET;MERKEZ;;;;;
;ST00336;KÜP MOZERELLA;2;0;KİLOGRAM;2;KİLOGRAM;MERKEZ;;;;;
;st0000177;LİMON SOSU;1;0;LİTRE;1;LİTRE;MERKEZ;;;;;
;ST00335;KOKTEYL ZEYTİN;2;0;KİLOGRAM;2;KİLOGRAM;MERKEZ;;;;;
;st0000330;ÇİLEK;3;0;KİLOGRAM;3;KİLOGRAM;MERKEZ;;;;;
;st0000325;PORTAKAL ;4;0;KİLOGRAM;4;KİLOGRAM;MERKEZ;;;;;
;st0000335;KİVİ;3;0;KİLOGRAM;3;KİLOGRAM;MERKEZ;;;;;
;st0000433;TOST EKMEĞİ 1000 GR;22;0;ADET;22;ADET;MERKEZ;;;;;
;st0000149;POLONEZ DANA DİLİMLİ TOST JAMBON;0,4;0;KİLOGRAM;0,4;KİLOGRAM;MERKEZ;;;;;
;st0000191;TEKSEN SİYAH ZEYTİN EZMESİ 5 KG;1;0;KİLOGRAM;1;KİLOGRAM;MERKEZ;;;;;
;st0000173;HARUN DİLİM KAŞAR;1;0;KİLOGRAM;1;KİLOGRAM;MERKEZ;;;;;
;st0000227;NO 2 TURŞU;0,75;0;KİLOGRAM;0,75;KİLOGRAM;MERKEZ;;;;;
;st0000148;YAĞDA KURUTULMUŞ DOMATES 3 KG;0,75;0;KİLOGRAM;0,75;KİLOGRAM;MERKEZ;;;;;
;ST00318;KANEPE SOSU;220;0;ADET;220;ADET;MERKEZ;;;;;
;ST00337;MİNİ TARTOLET;220;0;ADET;220;ADET;MERKEZ;;;;;
;ST00319;KÖZ BİBERLİ SOS;110;0;ADET;110;ADET;MERKEZ;;;;;
;ST00333;RUS SALATASI;110;0;ADET;110;ADET;MERKEZ;;;;;
;ST00320;HAYDARİ;110;0;ADET;110;ADET;MERKEZ;;;;;
;ST00321;SOSLU SOSİS;110;0;ADET;110;ADET;MERKEZ;;;;;
;ST00329;MEYVE SUYU 1 LT PORTAKAL;5;0;LİTRE;5;LİTRE;MERKEZ;;;;;
;ST328;MEYVE SUYU 1 LT;10;0;LİTRE;10;LİTRE;MERKEZ;;;;;
;ST00330;COCA COLA 2,5 LT;2;0;ADET;2;ADET;MERKEZ;;;;;
;ST00331;FANTA 2,5 LT;1;0;ADET;1;ADET;MERKEZ;;;;;
;ST00332;SPRİTE 2,5 LT ;1;0;ADET;1;ADET;MERKEZ;;;;;
;st0000161;BARDAK SU;100;0;ADET;100;ADET;MERKEZ;;;;;
;ST00067;SODA ÇEŞİTLERİ;12;0;Adet;12;Adet;MERKEZ;;;;;
;st0000128;KILIÇ KÜRDAN;1000;0;ADET;1000;ADET;MERKEZ;;;;;
;ST00323;BADEM (ÇEREZ);0,75;0;KİLOGRAM;0,75;KİLOGRAM;MERKEZ;;;;;
;ST00322;FINDIK (ÇEREZ);0,75;0;KİLOGRAM;0,75;KİLOGRAM;MERKEZ;;;;;
;ST00324;FISTIK (ÇEREZ);0,75;0;KİLOGRAM;0,75;KİLOGRAM;MERKEZ;;;;;
;ST00325;KAJU (ÇEREZ);0,75;0;KİLOGRAM;0,75;KİLOGRAM;MERKEZ;;;;;
;;;;;;;;;;;;;
Reçete;ST00347;MENÜ 1 ŞARAPLI;BUR00153;MENÜ 1 ŞARAPLI;100;MERKEZ;MERKEZ;12.12.2025;MERKEZ;15.12.2025;;;
;Stok Kodu;Stok Adı;Miktarı;Fire Miktarı;Birimi;Toplam Miktar;Birimi;Depo Adı;;;;;
;ST00323;BADEM (ÇEREZ);0,75;0;KİLOGRAM;0,75;KİLOGRAM;MERKEZ;;;;;
;ST00325;KAJU (ÇEREZ);0,75;0;KİLOGRAM;0,75;KİLOGRAM;MERKEZ;;;;;
;ST00324;FISTIK (ÇEREZ);0,75;0;KİLOGRAM;0,75;KİLOGRAM;MERKEZ;;;;;
;ST00322;FINDIK (ÇEREZ);0,75;0;KİLOGRAM;0,75;KİLOGRAM;MERKEZ;;;;;
;ST00327;DORİTOS TACO MEGA;4;0;ADET;4;ADET;MERKEZ;;;;;
;ST00328;LAYS KLASİK MEGA;4;0;ADET;4;ADET;MERKEZ;;;;;
;st0000313;SALATALIK;3;0;KİLOGRAM;3;KİLOGRAM;MERKEZ;;;;;
;st0000303;HAVUÇ;3;0;KİLOGRAM;3;KİLOGRAM;MERKEZ;;;;;
;st0000177;LİMON SOSU;1;0;LİTRE;1;LİTRE;MERKEZ;;;;;
;st0000455;ANANAS;11;0;ADET;11;ADET;MERKEZ;;;;;
;ST00336;KÜP MOZERELLA;2;0;KİLOGRAM;2;KİLOGRAM;MERKEZ;;;;;
;ST00335;KOKTEYL ZEYTİN;2;0;KİLOGRAM;2;KİLOGRAM;MERKEZ;;;;;
;st0000330;ÇİLEK;3;0;KİLOGRAM;3;KİLOGRAM;MERKEZ;;;;;
;st0000325;PORTAKAL ;4;0;KİLOGRAM;4;KİLOGRAM;MERKEZ;;;;;
;st0000335;KİVİ;3;0;KİLOGRAM;3;KİLOGRAM;MERKEZ;;;;;
;st0000433;TOST EKMEĞİ 1000 GR;22;0;ADET;22;ADET;MERKEZ;;;;;
;st0000149;POLONEZ DANA DİLİMLİ TOST JAMBON;0,4;0;KİLOGRAM;0,4;KİLOGRAM;MERKEZ;;;;;
;st0000191;TEKSEN SİYAH ZEYTİN EZMESİ 5 KG;1;0;KİLOGRAM;1;KİLOGRAM;MERKEZ;;;;;
;st0000173;HARUN DİLİM KAŞAR;1;0;KİLOGRAM;1;KİLOGRAM;MERKEZ;;;;;
;st0000227;NO 2 TURŞU;0,75;0;KİLOGRAM;0,75;KİLOGRAM;MERKEZ;;;;;
;st0000148;YAĞDA KURUTULMUŞ DOMATES 3 KG;0,75;0;KİLOGRAM;0,75;KİLOGRAM;MERKEZ;;;;;
;ST00318;KANEPE SOSU;220;0;ADET;220;ADET;MERKEZ;;;;;
;ST00337;MİNİ TARTOLET;220;0;ADET;220;ADET;MERKEZ;;;;;
;ST00319;KÖZ BİBERLİ SOS;110;0;ADET;110;ADET;MERKEZ;;;;;
;ST00333;RUS SALATASI;110;0;ADET;110;ADET;MERKEZ;;;;;
;ST00320;HAYDARİ;110;0;ADET;110;ADET;MERKEZ;;;;;
;ST00321;SOSLU SOSİS;110;0;ADET;110;ADET;MERKEZ;;;;;
;ST00329;MEYVE SUYU 1 LT PORTAKAL;5;0;LİTRE;5;LİTRE;MERKEZ;;;;;
;ST328;MEYVE SUYU 1 LT;10;0;LİTRE;10;LİTRE;MERKEZ;;;;;
;ST00330;COCA COLA 2,5 LT;2;0;ADET;2;ADET;MERKEZ;;;;;
;ST00331;FANTA 2,5 LT;1;0;ADET;1;ADET;MERKEZ;;;;;
;ST00332;SPRİTE 2,5 LT ;1;0;ADET;1;ADET;MERKEZ;;;;;
;st0000161;BARDAK SU;100;0;ADET;100;ADET;MERKEZ;;;;;
;ST00067;SODA ÇEŞİTLERİ;12;0;Adet;12;Adet;MERKEZ;;;;;
;ST00344;KIRMIZI ŞARAP;9;0;LİTRE;9;LİTRE;MERKEZ;;;;;
;ST00345;BEYAZ ŞARAP;9;0;LİTRE;9;LİTRE;MERKEZ;;;;;
;st0000128;KILIÇ KÜRDAN;1000;0;ADET;1000;ADET;MERKEZ;;;;;
;;;;;;;;;;;;;
Reçete;ST00348;ÇİĞ KÖFTE;BUR00155;ÇİĞ KÖFTE;1;MERKEZ;MERKEZ;12.12.2025;MERKEZ;15.12.2025;;;
;Stok Kodu;Stok Adı;Miktarı;Fire Miktarı;Birimi;Toplam Miktar;Birimi;Depo Adı;;;;;
;st0000473;İNCE BULGUR;1,3;0;KİLOGRAM;1,3;KİLOGRAM;MERKEZ;;;;;
;st0000013;SALÇA;0,091;0;KİLOGRAM;0,091;KİLOGRAM;MERKEZ;;;;;
;st0000147;ÖNCÜ BİBER SALÇA;0,091;0;KİLOGRAM;0,091;KİLOGRAM;MERKEZ;;;;;
;st0000321;SOĞAN;0,13;0;KİLOGRAM;0,13;KİLOGRAM;MERKEZ;;;;;
;st0000306;DOMATES;0,13;0;KİLOGRAM;0,13;KİLOGRAM;MERKEZ;;;;;
;ST00349;İSOT;0,039;0;KİLOGRAM;0,039;KİLOGRAM;MERKEZ;;;;;
;st0000099;ÖNCÜ PUL BİBER 1 KG;0,039;0;KİLOGRAM;0,039;KİLOGRAM;MERKEZ;;;;;
;st0000014;SAF TUZ 750 GR   ;0,052;0;KİLOGRAM;0,052;KİLOGRAM;MERKEZ;;;;;
;st0000108;KİMYON;0,039;0;KİLOGRAM;0,039;KİLOGRAM;MERKEZ;;;;;
;st0000015;KARABİBER 1000GR;0,039;0;KİLOGRAM;0,039;KİLOGRAM;MERKEZ;;;;;
;st0000189;NAR EKŞİLİ SOS;0,65;0;LİTRE;0,65;LİTRE;MERKEZ;;;;;
;st0000309;LİMON;1;0;KİLOGRAM;1;KİLOGRAM;MERKEZ;;;;;
;;;;;;;;;;;;;
Reçete;ST00350;MENÜ 2 ALKOLLÜ;BUR00157;MENÜ 2 ALKOLLÜ;100;MERKEZ;MERKEZ;12.12.2025;MERKEZ;15.12.2025;;;
;Stok Kodu;Stok Adı;Miktarı;Fire Miktarı;Birimi;Toplam Miktar;Birimi;Depo Adı;;;;;
;ST00346;MENÜ 1 ALKOLLÜ;100;0;ADET;100;ADET;MERKEZ;;;;;
;ST00348;ÇİĞ KÖFTE;1;0;ADET;1;ADET;MERKEZ;;;;;
;st0000311;ICEBERG;2;0;ADET;2;ADET;MERKEZ;;;;;
;st0000057;TORTİLLA LAVAŞ 12 Lİ;12;0;ADET;12;ADET;MERKEZ;;;;;
;st0000234;EZİNE BEYAZ PEYNİR KG VAKUM;1,5;0;KİLOGRAM;1,5;KİLOGRAM;MERKEZ;;;;;
;ST00351;TATLI LOR PEYNİRİ;0,5;0;KİLOGRAM;0,5;KİLOGRAM;MERKEZ;;;;;
;ST00352;KURU KAYISI;0,2;0;KİLOGRAM;0,2;KİLOGRAM;MERKEZ;;;;;
;ST00353;KURU İNCİR;0,2;0;KİLOGRAM;0,2;KİLOGRAM;MERKEZ;;;;;
;st0000110;TOZ BİBER;0,2;0;KİLOGRAM;0,2;KİLOGRAM;MERKEZ;;;;;
;st0000001;CAJUN BAHARATI 1000 GR;0,1;0;ADET;0,1;ADET;MERKEZ;;;;;
;ST00252;SUSAM;0,3;0;KİLOGRAM;0,3;KİLOGRAM;MERKEZ;;;;;
;st0000302;MAYDONOZ;2;0;ADET;2;ADET;MERKEZ;;;;;
;st0000172;DEREOTU;1;0;ADET;1;ADET;MERKEZ;;;;;
;;;;;;;;;;;;;
Reçete;ST00354;MENÜ 3 ALKOLLÜ;BUR00162;MENÜ 3 ALKOLLÜ;100;MERKEZ;MERKEZ;12.12.2025;;;;;
;Stok Kodu;Stok Adı;Miktarı;Fire Miktarı;Birimi;Toplam Miktar;Birimi;Depo Adı;;;;;
;ST00323;BADEM (ÇEREZ);0,75;0;KİLOGRAM;0,75;KİLOGRAM;MERKEZ;;;;;
;ST00322;FINDIK (ÇEREZ);0,75;0;KİLOGRAM;0,75;KİLOGRAM;MERKEZ;;;;;
;ST00324;FISTIK (ÇEREZ);0,75;0;KİLOGRAM;0,75;KİLOGRAM;MERKEZ;;;;;
;ST00325;KAJU (ÇEREZ);0,75;0;KİLOGRAM;0,75;KİLOGRAM;MERKEZ;;;;;
;ST00327;DORİTOS TACO MEGA;4;0;ADET;4;ADET;MERKEZ;;;;;
;ST00328;LAYS KLASİK MEGA;4;0;ADET;4;ADET;MERKEZ;;;;;
;st0000313;SALATALIK;3;0;KİLOGRAM;3;KİLOGRAM;MERKEZ;;;;;
;st0000303;HAVUÇ;3;0;KİLOGRAM;3;KİLOGRAM;MERKEZ;;;;;
;st0000177;LİMON SOSU;1;0;LİTRE;1;LİTRE;MERKEZ;;;;;
;st0000455;ANANAS;11;0;ADET;11;ADET;MERKEZ;;;;;
;ST00336;KÜP MOZERELLA;2;0;KİLOGRAM;2;KİLOGRAM;MERKEZ;;;;;
;ST00335;KOKTEYL ZEYTİN;2;0;KİLOGRAM;2;KİLOGRAM;MERKEZ;;;;;
;st0000330;ÇİLEK;3;0;KİLOGRAM;3;KİLOGRAM;MERKEZ;;;;;
;st0000325;PORTAKAL ;4;0;KİLOGRAM;4;KİLOGRAM;MERKEZ;;;;;
;st0000335;KİVİ;3;0;KİLOGRAM;3;KİLOGRAM;MERKEZ;;;;;
;st0000009;PEKMEZCİ SİGARA BÖREĞİ (KALEM);2,5;0;KİLOGRAM;2,5;KİLOGRAM;MERKEZ;;;;;
;ST00283;PİLİÇ NUGGET;2,5;0;KİLOGRAM;2,5;KİLOGRAM;MERKEZ;;;;;
;st0000220;KROKET PATATES;7,5;0;KİLOGRAM;7,5;KİLOGRAM;MERKEZ;;;;;
;st0000005;FRİTA YAĞI 18 LT;7;0;LİTRE;7;LİTRE;MERKEZ;;;;;
;ST00348;ÇİĞ KÖFTE;1;0;ADET;1;ADET;MERKEZ;;;;;
;st0000311;ICEBERG;2;0;ADET;2;ADET;MERKEZ;;;;;
;st0000057;TORTİLLA LAVAŞ 12 Lİ;12;0;ADET;12;ADET;MERKEZ;;;;;
;st0000234;EZİNE BEYAZ PEYNİR KG VAKUM;1,5;0;KİLOGRAM;1,5;KİLOGRAM;MERKEZ;;;;;
;ST00351;TATLI LOR PEYNİRİ;0,5;0;KİLOGRAM;0,5;KİLOGRAM;MERKEZ;;;;;
;ST00352;KURU KAYISI;0,2;0;KİLOGRAM;0,2;KİLOGRAM;MERKEZ;;;;;
;ST00353;KURU İNCİR;0,2;0;KİLOGRAM;0,2;KİLOGRAM;MERKEZ;;;;;
;st0000110;TOZ BİBER;0,2;0;KİLOGRAM;0,2;KİLOGRAM;MERKEZ;;;;;
;st0000001;CAJUN BAHARATI 1000 GR;0,1;0;ADET;0,1;ADET;MERKEZ;;;;;
;ST00252;SUSAM;0,3;0;KİLOGRAM;0,3;KİLOGRAM;MERKEZ;;;;;
;st0000302;MAYDONOZ;2;0;ADET;2;ADET;MERKEZ;;;;;
;st0000172;DEREOTU;1;0;ADET;1;ADET;MERKEZ;;;;;
;st0000433;TOST EKMEĞİ 1000 GR;22;0;ADET;22;ADET;MERKEZ;;;;;
;st0000149;POLONEZ DANA DİLİMLİ TOST JAMBON;0,4;0;KİLOGRAM;0,4;KİLOGRAM;MERKEZ;;;;;
;st0000191;TEKSEN SİYAH ZEYTİN EZMESİ 5 KG;1;0;KİLOGRAM;1;KİLOGRAM;MERKEZ;;;;;
;st0000173;HARUN DİLİM KAŞAR;1;0;KİLOGRAM;1;KİLOGRAM;MERKEZ;;;;;
;st0000227;NO 2 TURŞU;0,75;0;KİLOGRAM;0,75;KİLOGRAM;MERKEZ;;;;;
;st0000148;YAĞDA KURUTULMUŞ DOMATES 3 KG;0,75;0;KİLOGRAM;0,75;KİLOGRAM;MERKEZ;;;;;
;ST00318;KANEPE SOSU;220;0;ADET;220;ADET;MERKEZ;;;;;
;ST00337;MİNİ TARTOLET;220;0;ADET;220;ADET;MERKEZ;;;;;
;ST00319;KÖZ BİBERLİ SOS;110;0;ADET;110;ADET;MERKEZ;;;;;
;ST00333;RUS SALATASI;110;0;ADET;110;ADET;MERKEZ;;;;;
;ST00320;HAYDARİ;110;0;ADET;110;ADET;MERKEZ;;;;;
;ST00321;SOSLU SOSİS;110;0;ADET;110;ADET;MERKEZ;;;;;
;ST328;MEYVE SUYU 1 LT;10;0;LİTRE;10;LİTRE;MERKEZ;;;;;
;ST00329;MEYVE SUYU 1 LT PORTAKAL;5;0;LİTRE;5;LİTRE;MERKEZ;;;;;
;ST00330;COCA COLA 2,5 LT;2;0;ADET;2;ADET;MERKEZ;;;;;
;ST00331;FANTA 2,5 LT;1;0;ADET;1;ADET;MERKEZ;;;;;
;ST00332;SPRİTE 2,5 LT ;1;0;ADET;1;ADET;MERKEZ;;;;;
;st0000161;BARDAK SU;100;0;ADET;100;ADET;MERKEZ;;;;;
;ST00067;SODA ÇEŞİTLERİ;12;0;Adet;12;Adet;MERKEZ;;;;;
;ST00342;YENİ RAKI 1 LT;3;0;LİTRE;3;LİTRE;MERKEZ;;;;;
;3500343;İSTANBLUE VODKA 1 LT;1;0;LİTRE;1;LİTRE;MERKEZ;;;;;
;ST00344;KIRMIZI ŞARAP;4,5;0;LİTRE;4,5;LİTRE;MERKEZ;;;;;
;ST00345;BEYAZ ŞARAP;4,5;0;LİTRE;4,5;LİTRE;MERKEZ;;;;;
;st0000128;KILIÇ KÜRDAN;1000;0;ADET;1000;ADET;MERKEZ;;;;;
;;;;;;;;;;;;;
Reçete;ST00355;MENÜ 2 ŞARAPLI;BUR00164;MENÜ 2 ŞARAPLI;100;MERKEZ;MERKEZ;15.12.2025;MERKEZ;15.12.2025;;;
;Stok Kodu;Stok Adı;Miktarı;Fire Miktarı;Birimi;Toplam Miktar;Birimi;Depo Adı;;;;;
;ST00347;MENÜ 1 ŞARAPLI;100;0;ADET;100;ADET;MERKEZ;;;;;
;ST00348;ÇİĞ KÖFTE;1;0;ADET;1;ADET;MERKEZ;;;;;
;st0000057;TORTİLLA LAVAŞ 12 Lİ;12;0;ADET;12;ADET;MERKEZ;;;;;
;st0000311;ICEBERG;2;0;ADET;2;ADET;MERKEZ;;;;;
;st0000234;EZİNE BEYAZ PEYNİR KG VAKUM;1,5;0;KİLOGRAM;1,5;KİLOGRAM;MERKEZ;;;;;
;ST00351;TATLI LOR PEYNİRİ;0,5;0;KİLOGRAM;0,5;KİLOGRAM;MERKEZ;;;;;
;ST00352;KURU KAYISI;0,2;0;KİLOGRAM;0,2;KİLOGRAM;MERKEZ;;;;;
;ST00353;KURU İNCİR;0,2;0;KİLOGRAM;0,2;KİLOGRAM;MERKEZ;;;;;
;st0000110;TOZ BİBER;0,2;0;KİLOGRAM;0,2;KİLOGRAM;MERKEZ;;;;;
;st0000001;CAJUN BAHARATI 1000 GR;0,1;0;ADET;0,1;ADET;MERKEZ;;;;;
;ST00252;SUSAM;0,3;0;KİLOGRAM;0,3;KİLOGRAM;MERKEZ;;;;;
;st0000302;MAYDONOZ;2;0;ADET;2;ADET;MERKEZ;;;;;
;st0000172;DEREOTU;1;0;ADET;1;ADET;MERKEZ;;;;;
;;;;;;;;;;;;;
Reçete;ST00356;MENÜ 3 ŞARAPLI;BUR00166;MENÜ 3 ŞARAPLI;100;MERKEZ;MERKEZ;15.12.2025;MERKEZ;15.12.2025;;;
;Stok Kodu;Stok Adı;Miktarı;Fire Miktarı;Birimi;Toplam Miktar;Birimi;Depo Adı;;;;;
;ST00355;MENÜ 2 ŞARAPLI;100;0;ADET;100;ADET;MERKEZ;;;;;
;st0000009;PEKMEZCİ SİGARA BÖREĞİ (KALEM);2,5;0;KİLOGRAM;2,5;KİLOGRAM;MERKEZ;;;;;
;ST00283;PİLİÇ NUGGET;2,5;0;KİLOGRAM;2,5;KİLOGRAM;MERKEZ;;;;;
;st0000220;KROKET PATATES;7,5;0;KİLOGRAM;7,5;KİLOGRAM;MERKEZ;;;;;
;st0000005;FRİTA YAĞI 18 LT;7;0;LİTRE;7;LİTRE;MERKEZ;;;;;
;;;;;;;;;;;;;
Reçete;ST00357;CAFFEE BREAK;BUR00168;CAFFEE BREAK;100;MERKEZ;MERKEZ;15.12.2025;MERKEZ;15.12.2025;;;
;Stok Kodu;Stok Adı;Miktarı;Fire Miktarı;Birimi;Toplam Miktar;Birimi;Depo Adı;;;;;
;ST00338;KOKTEYL KURU PASTA;10;0;KİLOGRAM;10;KİLOGRAM;MERKEZ;;;;;
;ST00198;DAMACANA SU 1 LT;38;0;LİTRE;38;LİTRE;MERKEZ;;;;;
;st0000031;KARIŞTIRICI;0,5;0;ADET;0,5;ADET;MERKEZ;;;;;
;st0000019;TEKLİ SARMA ŞEKER;0,5;0;KOLİ;0,5;KOLİ;MERKEZ;;;;;
;st0000048;7 OZ KARTON BARDAK;300;0;KOLİ;300;KOLİ;MERKEZ;;;;;
;st0000161;BARDAK SU;144;0;ADET;144;ADET;MERKEZ;;;;;
;st0000054;TBT JUMBO DEMLİK 30 GR OFÇAY ( 30 ADET);1;0;KİLOGRAM;1;KİLOGRAM;MERKEZ;;;;;
;st0000277;NESCAFE GOLD 10 100X2G;30;0;ADET;30;ADET;MERKEZ;;;;;
;st0000279;NESCAFE 2IN1 12 56X10G;35;0;ADET;35;ADET;MERKEZ;;;;;
;st0000278;NESCAFE 3İN1 72X17,5;35;0;ADET;35;ADET;MERKEZ;;;;;
;;;;;;;;;;;;;
Reçete;ST00358;TABAK KAHVALTI MENÜ 1;BUR00170;TABAK KAHVALTI MENÜ 1;100;MERKEZ;MERKEZ;15.12.2025;MERKEZ;15.12.2025;;;
;Stok Kodu;Stok Adı;Miktarı;Fire Miktarı;Birimi;Toplam Miktar;Birimi;Depo Adı;;;;;
;st0000234;EZİNE BEYAZ PEYNİR KG VAKUM;3,5;0;KİLOGRAM;3,5;KİLOGRAM;MERKEZ;;;;;
;ST00359;TULUM PEYNİRİ;3,5;0;KİLOGRAM;3,5;KİLOGRAM;MERKEZ;;;;;
;st0000306;DOMATES;5;0;KİLOGRAM;5;KİLOGRAM;MERKEZ;;;;;
;st0000313;SALATALIK;5;0;KİLOGRAM;5;KİLOGRAM;MERKEZ;;;;;
;st0000202;CEM DOĞAL YAĞLI SELE SİYAH ZEYTİN;2,5;0;KİLOGRAM;2,5;KİLOGRAM;MERKEZ;;;;;
;ST00360;YEŞİL KIRMA ZEYTİN;2,5;0;KİLOGRAM;2,5;KİLOGRAM;MERKEZ;;;;;
;st0000308;YEŞİL BİBER;3;0;KİLOGRAM;3;KİLOGRAM;MERKEZ;;;;;
;st0000382;YUMURTA 30 LU;100;0;ADET;100;ADET;MERKEZ;;;;;
;st0000379;BOYOZ;100;0;ADET;100;ADET;MERKEZ;;;;;
;st0000378;GEVREK;100;0;ADET;100;ADET;MERKEZ;;;;;
;st0000429;ROLL EKMEĞİ SADE 40 GR;150;0;ADET;150;ADET;MERKEZ;;;;;
;st0000430;ROLL EKMEĞİ KEPEKLİ 40 GR;150;0;ADET;150;ADET;MERKEZ;;;;;
;;;;;;;;;;;;;
Reçete;ST00361;TABAK KAHVALTI MENÜ 2;BUR00172;TABAK KAHVALTI MENÜ 2;100;MERKEZ;MERKEZ;15.12.2025;MERKEZ;15.12.2025;;;
;Stok Kodu;Stok Adı;Miktarı;Fire Miktarı;Birimi;Toplam Miktar;Birimi;Depo Adı;;;;;
;ST00247;BAL;3;0;KİLOGRAM;3;KİLOGRAM;MERKEZ;;;;;
;st0000065;TEREYAĞI 1 KG;2;0;KİLOGRAM;2;KİLOGRAM;MERKEZ;;;;;
;st0000302;MAYDONOZ;20;0;ADET;20;ADET;MERKEZ;;;;;
;ST00304;ROKA;25;0;ADET;25;ADET;MERKEZ;;;;;
;ST00358;TABAK KAHVALTI MENÜ 1;100;0;ADET;100;ADET;MERKEZ;;;;;
;st0000309;LİMON;2,5;0;KİLOGRAM;2,5;KİLOGRAM;MERKEZ;;;;;
;;;;;;;;;;;;;
Reçete;ST00362;TABAK KAHVALTI MENÜ 3;BUR00176;TABAK KAHVALTI MENÜ 3;100;MERKEZ;MERKEZ;15.12.2025;MERKEZ;19.12.2025;;;
;Stok Kodu;Stok Adı;Miktarı;Fire Miktarı;Birimi;Toplam Miktar;Birimi;Depo Adı;;;;;
;ST00361;TABAK KAHVALTI MENÜ 2;100;0;ADET;100;ADET;MERKEZ;;;;;
;ST00351;TATLI LOR PEYNİRİ;2;0;KİLOGRAM;2;KİLOGRAM;MERKEZ;;;;;
;st0000163;SEĞMEN KARADUT 5KG;3,5;0;KİLOGRAM;3,5;KİLOGRAM;MERKEZ;;;;;
;ST00363;KAYMAK;1;0;KİLOGRAM;1;KİLOGRAM;MERKEZ;;;;;
;st0000013;SALÇA;1,25;0;KİLOGRAM;1,25;KİLOGRAM;MERKEZ;;;;;
;st0000147;ÖNCÜ BİBER SALÇA;1,25;0;KİLOGRAM;1,25;KİLOGRAM;MERKEZ;;;;;
;st0000061;CEVİZ İÇİ;0,5;0;KİLOGRAM;0,5;KİLOGRAM;MERKEZ;;;;;
;st0000218;OLIOVILLA SIZMA Z.YAĞI LT;0,25;0;LİTRE;0,25;LİTRE;MERKEZ;;;;;
;st0000109;KEKİK 1000 GR;0,1;0;KİLOGRAM;0,1;KİLOGRAM;MERKEZ;;;;;
;st0000099;ÖNCÜ PUL BİBER 1 KG;0,1;0;KİLOGRAM;0,1;KİLOGRAM;MERKEZ;;;;;
;st0000015;KARABİBER 1000GR;0,075;0;KİLOGRAM;0,075;KİLOGRAM;MERKEZ;;;;;
;st0000014;SAF TUZ 750 GR   ;0,05;0;KİLOGRAM;0,05;KİLOGRAM;MERKEZ;;;;;
;st0000001;CAJUN BAHARATI 1000 GR;0,1;0;ADET;0,1;ADET;MERKEZ;;;;;
;ST00227;KURU NANE;0,025;0;KİLOGRAM;0,025;KİLOGRAM;MERKEZ;;;;;
;;;;;;;;;;;;;
Reçete;ST00364;PORTAKALLI KURABİYE;BUR00178;PORTAKALLI KURABİYE;55;MERKEZ;MERKEZ;16.12.2025;;;;;
;Stok Kodu;Stok Adı;Miktarı;Fire Miktarı;Birimi;Toplam Miktar;Birimi;Depo Adı;;;;;
;st0000130;ALBA SADE 10KG;0,5;0;KİLOGRAM;0,5;KİLOGRAM;MERKEZ;;;;;
;st0000021;NİŞASTA 10 KG ;0,115;0;KİLOGRAM;0,115;KİLOGRAM;MERKEZ;;;;;
;st0000062;PUDRA ŞEKERİ DÖKME;0,148;0;KİLOGRAM;0,148;KİLOGRAM;MERKEZ;;;;;
;st0000382;YUMURTA 30 LU;2;0;ADET;2;ADET;MERKEZ;;;;;
;st0000325;PORTAKAL ;0,2;0;KİLOGRAM;0,2;KİLOGRAM;MERKEZ;;;;;
;st0000159;KABARTMA TOZU 1 KG;0,025;0;KİLOGRAM;0,025;KİLOGRAM;MERKEZ;;;;;
;st0000079;DR OETKER VANILYA 1 KG;0,025;0;KİLOGRAM;0,025;KİLOGRAM;MERKEZ;;;;;
;st0000020;OVA UN ;0,7;0;KG;0,7;KG;MERKEZ;;;;;
;st0000089;FINDIK KIRIK 1 KG;0,1;0;KİLOGRAM;0,1;KİLOGRAM;MERKEZ;;;;;
;;;;;;;;;;;;;
Reçete;ST00369;ISPANAK GRATEN;BUR00263;ISPANAK GRATEN;120;MERKEZ;MERKEZ;22.12.2025;MERKEZ;25.12.2025;;;
;Stok Kodu;Stok Adı;Miktarı;Fire Miktarı;Birimi;Toplam Miktar;Birimi;Depo Adı;;;;;
;st0000063;DONUK ISPANAK;22,5;0;KİLOGRAM;22,5;KİLOGRAM;MERKEZ;;;;;
;st0000323;KAPYA BİBER;4;0;KİLOGRAM;4;KİLOGRAM;MERKEZ;;;;;
;st0000301;MANTAR;5;0;KİLOGRAM;5;KİLOGRAM;MERKEZ;;;;;
;st0000321;SOĞAN;4;0;KİLOGRAM;4;KİLOGRAM;MERKEZ;;;;;
;st0000083;AYÇİÇEK YAĞI  LT;3;0;LİTRE;3;LİTRE;MERKEZ;;;;;
;st0000030;RENDE MOZARELLA PEYNİR;2;0;KİLOGRAM;2;KİLOGRAM;MERKEZ;;;;;
;st0000382;YUMURTA 30 LU;15;0;ADET;15;ADET;MERKEZ;;;;;
;st0000014;SAF TUZ 750 GR   ;0,2;0;KİLOGRAM;0,2;KİLOGRAM;MERKEZ;;;;;
;st0000015;KARABİBER 1000GR;0,05;0;KİLOGRAM;0,05;KİLOGRAM;MERKEZ;;;;;
;st0000108;KİMYON;0,05;0;KİLOGRAM;0,05;KİLOGRAM;MERKEZ;;;;;
;st0000099;ÖNCÜ PUL BİBER 1 KG;0,05;0;KİLOGRAM;0,05;KİLOGRAM;MERKEZ;;;;;
;st0000020;OVA UN ;3;0;KG;3;KG;MERKEZ;;;;;
;st0000439;SÜT YARIM YAĞLI 1 LT;10;0;LİTRE;10;LİTRE;MERKEZ;;;;;
;st0000004;ÜLKER TEREMYAĞ KG ;0,5;0;KİLOGRAM;0,5;KİLOGRAM;MERKEZ;;;;;
;st0000014;SAF TUZ 750 GR   ;0,15;0;KİLOGRAM;0,15;KİLOGRAM;MERKEZ;;;;;
;st0000015;KARABİBER 1000GR;1;0;KİLOGRAM;1;KİLOGRAM;MERKEZ;;;;;
;ST00387;İRMİK;0,5;0;KİLOGRAM;0,5;KİLOGRAM;MERKEZ;;;;;
;;;;;;;;;;;;;
Reçete;ST00370;EZOGELİN ÇORBASI;BUR00265;EZOGELİN ÇORBASI;120;MERKEZ;MERKEZ;22.12.2025;;;;;
;Stok Kodu;Stok Adı;Miktarı;Fire Miktarı;Birimi;Toplam Miktar;Birimi;Depo Adı;;;;;
;st0000083;AYÇİÇEK YAĞI  LT;1,5;0;LİTRE;1,5;LİTRE;MERKEZ;;;;;
;st0000110;TOZ BİBER;0,1;0;KİLOGRAM;0,1;KİLOGRAM;MERKEZ;;;;;
;st0000015;KARABİBER 1000GR;0,015;0;KİLOGRAM;0,015;KİLOGRAM;MERKEZ;;;;;
;st0000108;KİMYON;0,015;0;KİLOGRAM;0,015;KİLOGRAM;MERKEZ;;;;;
;st0000099;ÖNCÜ PUL BİBER 1 KG;0,01;0;KİLOGRAM;0,01;KİLOGRAM;MERKEZ;;;;;
;ST00227;KURU NANE;0,01;0;KİLOGRAM;0,01;KİLOGRAM;MERKEZ;;;;;
;st0000013;SALÇA;2,5;0;KİLOGRAM;2,5;KİLOGRAM;MERKEZ;;;;;
;st0000004;ÜLKER TEREMYAĞ KG ;0,25;0;KİLOGRAM;0,25;KİLOGRAM;MERKEZ;;;;;
;st0000025;KALIN BULGUR ;1;0;KİLOGRAM;1;KİLOGRAM;MERKEZ;;;;;
;st0000058;PİRİNÇ;1;0;KİLOGRAM;1;KİLOGRAM;MERKEZ;;;;;
;st0000020;OVA UN ;1,5;0;KG;1,5;KG;MERKEZ;;;;;
;st0000156;TEL ŞEHRİYE DÖKME 5 KG;0,3;0;KİLOGRAM;0,3;KİLOGRAM;MERKEZ;;;;;
;st0000014;SAF TUZ 750 GR   ;0,2;0;KİLOGRAM;0,2;KİLOGRAM;MERKEZ;;;;;
;;;;;;;;;;;;;
Reçete;ST00371;EKŞİLİ MİSKET KÖFTE;BUR00267;EKŞİLİ MİSKET KÖFTE;120;MERKEZ;MERKEZ;22.12.2025;;;;;
;Stok Kodu;Stok Adı;Miktarı;Fire Miktarı;Birimi;Toplam Miktar;Birimi;Depo Adı;;;;;
;st0000321;SOĞAN;1,5;0;KİLOGRAM;1,5;KİLOGRAM;MERKEZ;;;;;
;st0000108;KİMYON;0,075;0;KİLOGRAM;0,075;KİLOGRAM;MERKEZ;;;;;
;st0000015;KARABİBER 1000GR;0,05;0;KİLOGRAM;0,05;KİLOGRAM;MERKEZ;;;;;
;st0000103;KIYMA;10;0;KİLOGRAM;10;KİLOGRAM;MERKEZ;;;;;
;st0000302;MAYDONOZ;3;0;ADET;3;ADET;MERKEZ;;;;;
;st0000058;PİRİNÇ;2;0;KİLOGRAM;2;KİLOGRAM;MERKEZ;;;;;
;st0000382;YUMURTA 30 LU;14;0;ADET;14;ADET;MERKEZ;;;;;
;st0000303;HAVUÇ;3;0;KİLOGRAM;3;KİLOGRAM;MERKEZ;;;;;
;st0000327;PATATES;10;0;KİLOGRAM;10;KİLOGRAM;MERKEZ;;;;;
;st0000020;OVA UN ;0,7;0;KG;0,7;KG;MERKEZ;;;;;
;st0000309;LİMON;0,7;0;KİLOGRAM;0,7;KİLOGRAM;MERKEZ;;;;;
;st0000083;AYÇİÇEK YAĞI  LT;1,2;0;LİTRE;1,2;LİTRE;MERKEZ;;;;;
;;;;;;;;;;;;;
Reçete;ST00372;MEYHANE PİLAVI;BUR00269;MEYHANE PİLAVI;120;MERKEZ;MERKEZ;22.12.2025;;;;;
;Stok Kodu;Stok Adı;Miktarı;Fire Miktarı;Birimi;Toplam Miktar;Birimi;Depo Adı;;;;;
;st0000004;ÜLKER TEREMYAĞ KG ;0,4;0;KİLOGRAM;0,4;KİLOGRAM;MERKEZ;;;;;
;st0000083;AYÇİÇEK YAĞI  LT;2;0;LİTRE;2;LİTRE;MERKEZ;;;;;
;st0000025;KALIN BULGUR ;6;0;KİLOGRAM;6;KİLOGRAM;MERKEZ;;;;;
;st0000110;TOZ BİBER;0,1;0;KİLOGRAM;0,1;KİLOGRAM;MERKEZ;;;;;
;st0000108;KİMYON;0,015;0;KİLOGRAM;0,015;KİLOGRAM;MERKEZ;;;;;
;st0000015;KARABİBER 1000GR;0,015;0;KİLOGRAM;0,015;KİLOGRAM;MERKEZ;;;;;
;st0000147;ÖNCÜ BİBER SALÇA;0,3;0;KİLOGRAM;0,3;KİLOGRAM;MERKEZ;;;;;
;st0000013;SALÇA;0,35;0;KİLOGRAM;0,35;KİLOGRAM;MERKEZ;;;;;
;st0000308;YEŞİL BİBER;2;0;KİLOGRAM;2;KİLOGRAM;MERKEZ;;;;;
;st0000321;SOĞAN;2;0;KİLOGRAM;2;KİLOGRAM;MERKEZ;;;;;
;st0000014;SAF TUZ 750 GR   ;0,2;0;KİLOGRAM;0,2;KİLOGRAM;MERKEZ;;;;;
;;;;;;;;;;;;;
Reçete;ST00007;MEVSİM SALATA;BUR00272;MEVSİM SALATA;1;MERKEZ;MERKEZ;22.12.2025;MERKEZ;22.12.2025;;;
;Stok Kodu;Stok Adı;Miktarı;Fire Miktarı;Birimi;Toplam Miktar;Birimi;Depo Adı;;;;;
;st0000336;AKDENİZ SALATASI;0,125;0;KİLOGRAM;0,125;KİLOGRAM;MERKEZ;;;;;
;st0000218;OLIOVILLA SIZMA Z.YAĞI LT;0,03;0;LİTRE;0,03;LİTRE;MERKEZ;;;;;
;st0000177;LİMON SOSU;0,01;0;LİTRE;0,01;LİTRE;MERKEZ;;;;;
;st0000014;SAF TUZ 750 GR   ;0,002;0;KİLOGRAM;0,002;KİLOGRAM;MERKEZ;;;;;
;st0000078;TOZ ŞEKER 50 KG;0,004;0;KİLOGRAM;0,004;KİLOGRAM;MERKEZ;;;;;
;st0000303;HAVUÇ;0,03;0;KİLOGRAM;0,03;KİLOGRAM;MERKEZ;;;;;
;st0000221;TANE MISIR KONS 340 GR;0,03;0;KİLOGRAM;0,03;KİLOGRAM;MERKEZ;;;;;
;st0000313;SALATALIK;0,05;0;KİLOGRAM;0,05;KİLOGRAM;MERKEZ;;;;;
;st0000306;DOMATES;0,05;0;KİLOGRAM;0,05;KİLOGRAM;MERKEZ;;;;;
;;;;;;;;;;;;;
Reçete;ST00259;FIRINDA TAVUK BUT;BUR00288;FIRINDA TAVUK BUT;120;MERKEZ;MERKEZ;23.12.2025;MERKEZ;23.12.2025;;;
;Stok Kodu;Stok Adı;Miktarı;Fire Miktarı;Birimi;Toplam Miktar;Birimi;Depo Adı;;;;;
;st0000385;TAVUK BUT;42;0;KİLOGRAM;42;KİLOGRAM;MERKEZ;;;;;
;st0000110;TOZ BİBER;0,25;0;KİLOGRAM;0,25;KİLOGRAM;MERKEZ;;;;;
;st0000083;AYÇİÇEK YAĞI  LT;0,5;0;LİTRE;0,5;LİTRE;MERKEZ;;;;;
;st0000014;SAF TUZ 750 GR   ;0,2;0;KİLOGRAM;0,2;KİLOGRAM;MERKEZ;;;;;
;;;;;;;;;;;;;
Reçete;ST00373;DOMATESLİ MAKARNA;BUR00290;DOMATESLİ MAKARNA;120;MERKEZ;MERKEZ;23.12.2025;;;;;
;Stok Kodu;Stok Adı;Miktarı;Fire Miktarı;Birimi;Toplam Miktar;Birimi;Depo Adı;;;;;
;st0000165;DÖKME MAKARNA;8;0;KİLOGRAM;8;KİLOGRAM;MERKEZ;;;;;
;st0000083;AYÇİÇEK YAĞI  LT;2;0;LİTRE;2;LİTRE;MERKEZ;;;;;
;st0000014;SAF TUZ 750 GR   ;0,2;0;KİLOGRAM;0,2;KİLOGRAM;MERKEZ;;;;;
;st0000013;SALÇA;1,5;0;KİLOGRAM;1,5;KİLOGRAM;MERKEZ;;;;;
;;;;;;;;;;;;;
Reçete;ST00374;MERCİMEK ÇORBASI;BUR00292;MERCİMEK ÇORBASI;120;MERKEZ;MERKEZ;23.12.2025;;;;;
;Stok Kodu;Stok Adı;Miktarı;Fire Miktarı;Birimi;Toplam Miktar;Birimi;Depo Adı;;;;;
;st0000059;KIRMIZI MERCİMEK YERLİ;8;0;KİLOGRAM;8;KİLOGRAM;MERKEZ;;;;;
;st0000083;AYÇİÇEK YAĞI  LT;0,5;0;LİTRE;0,5;LİTRE;MERKEZ;;;;;
;st0000065;TEREYAĞI 1 KG;0,5;0;KİLOGRAM;0,5;KİLOGRAM;MERKEZ;;;;;
;ST00248;ZERDEÇAL TOZ;0,07;0;KİLOGRAM;0,07;KİLOGRAM;MERKEZ;;;;;
;st0000014;SAF TUZ 750 GR   ;0,2;0;KİLOGRAM;0,2;KİLOGRAM;MERKEZ;;;;;
;;;;;;;;;;;;;
Reçete;ST00375;GÜNÜN MENÜSÜ SALATASI;BUR00295;GÜNÜN MENÜSÜ SALATASI;120;MERKEZ;MERKEZ;23.12.2025;;;;;
;Stok Kodu;Stok Adı;Miktarı;Fire Miktarı;Birimi;Toplam Miktar;Birimi;Depo Adı;;;;;
;st0000311;ICEBERG;6;0;ADET;6;ADET;MERKEZ;;;;;
;st0000310;LOLOROSO ADET ;10;0;ADET;10;ADET;MERKEZ;;;;;
;ST00304;ROKA;10;0;ADET;10;ADET;MERKEZ;;;;;
;st0000302;MAYDONOZ;10;0;ADET;10;ADET;MERKEZ;;;;;
;st0000303;HAVUÇ;4;0;KİLOGRAM;4;KİLOGRAM;MERKEZ;;;;;
;st0000313;SALATALIK;4;0;KİLOGRAM;4;KİLOGRAM;MERKEZ;;;;;
;st0000306;DOMATES;6;0;KİLOGRAM;6;KİLOGRAM;MERKEZ;;;;;
;st0000218;OLIOVILLA SIZMA Z.YAĞI LT;0,15;0;LİTRE;0,15;LİTRE;MERKEZ;;;;;
;st0000177;LİMON SOSU;0,5;0;LİTRE;0,5;LİTRE;MERKEZ;;;;;
;st0000189;NAR EKŞİLİ SOS;0,25;0;LİTRE;0,25;LİTRE;MERKEZ;;;;;
;;;;;;;;;;;;;
Reçete;ST00376;ETLİ KEREVİZ;BUR00297;ETLİ KEREVİZ;120;MERKEZ;MERKEZ;23.12.2025;MERKEZ;26.12.2025;;;
;Stok Kodu;Stok Adı;Miktarı;Fire Miktarı;Birimi;Toplam Miktar;Birimi;Depo Adı;;;;;
;st0000305;KEREVİZ;30;0;KİLOGRAM;30;KİLOGRAM;MERKEZ;;;;;
;st0000102;KUŞBAŞI;5;0;KİLOGRAM;5;KİLOGRAM;MERKEZ;;;;;
;st0000303;HAVUÇ;4;0;KİLOGRAM;4;KİLOGRAM;MERKEZ;;;;;
;st0000321;SOĞAN;1,5;0;KİLOGRAM;1,5;KİLOGRAM;MERKEZ;;;;;
;st0000327;PATATES;10;0;KİLOGRAM;10;KİLOGRAM;MERKEZ;;;;;
;st0000083;AYÇİÇEK YAĞI  LT;1;0;LİTRE;1;LİTRE;MERKEZ;;;;;
;st0000004;ÜLKER TEREMYAĞ KG ;0,25;0;KİLOGRAM;0,25;KİLOGRAM;MERKEZ;;;;;
;st0000014;SAF TUZ 750 GR   ;0,2;0;KİLOGRAM;0,2;KİLOGRAM;MERKEZ;;;;;
;st0000117;DONUK SARIMSAK SOYULMUŞ;0,2;0;KİLOGRAM;0,2;KİLOGRAM;MERKEZ;;;;;
;st0000437;KAYMAKSIZ YOĞURT KOVA KG;2;0;KİLOGRAM;2;KİLOGRAM;MERKEZ;;;;;
;st0000020;OVA UN ;0,5;0;KG;0,5;KG;MERKEZ;;;;;
;st0000309;LİMON;0,5;0;KİLOGRAM;0,5;KİLOGRAM;MERKEZ;;;;;
;st0000325;PORTAKAL ;0,5;0;KİLOGRAM;0,5;KİLOGRAM;MERKEZ;;;;;
;st0000382;YUMURTA 30 LU;3;0;ADET;3;ADET;MERKEZ;;;;;
;;;;;;;;;;;;;
Reçete;3500376;KAVURMA MAKARNA;BUR00299;KAVURMA MAKARNA;120;MERKEZ;MERKEZ;23.12.2025;;;;;
;Stok Kodu;Stok Adı;Miktarı;Fire Miktarı;Birimi;Toplam Miktar;Birimi;Depo Adı;;;;;
;st0000165;DÖKME MAKARNA;8;0;KİLOGRAM;8;KİLOGRAM;MERKEZ;;;;;
;st0000083;AYÇİÇEK YAĞI  LT;2;0;LİTRE;2;LİTRE;MERKEZ;;;;;
;st0000014;SAF TUZ 750 GR   ;0,2;0;KİLOGRAM;0,2;KİLOGRAM;MERKEZ;;;;;
;st0000004;ÜLKER TEREMYAĞ KG ;0,25;0;KİLOGRAM;0,25;KİLOGRAM;MERKEZ;;;;;
;;;;;;;;;;;;;
Reçete;ST00377;IZGARA KÖFTE GÜN. MEN.;BUR00301;IZGARA KÖFTE GÜN. MEN.;120;MERKEZ;MERKEZ;23.12.2025;MERKEZ;23.12.2025;;;
;Stok Kodu;Stok Adı;Miktarı;Fire Miktarı;Birimi;Toplam Miktar;Birimi;Depo Adı;;;;;
;st0000454;KÖFTE;21;0;KİLOGRAM;21;KİLOGRAM;MERKEZ;;;;;
;st0000306;DOMATES;7;0;KİLOGRAM;7;KİLOGRAM;MERKEZ;;;;;
;st0000308;YEŞİL BİBER;3;0;KİLOGRAM;3;KİLOGRAM;MERKEZ;;;;;
;ST00202;SUPERFRESH 9*9 PATATES (KLASİK);5;0;KİLOGRAM;5;KİLOGRAM;MERKEZ;;;;;
;st0000005;FRİTA YAĞI 18 LT;0,8;0;LİTRE;0,8;LİTRE;MERKEZ;;;;;
;;;;;;;;;;;;;
Reçete;ST0378;BULGUR PİLAVI;BUR00306;BULGUR PİLAVI;120;MERKEZ;MERKEZ;23.12.2025;;;;;
;Stok Kodu;Stok Adı;Miktarı;Fire Miktarı;Birimi;Toplam Miktar;Birimi;Depo Adı;;;;;
;st0000025;KALIN BULGUR ;9;0;KİLOGRAM;9;KİLOGRAM;MERKEZ;;;;;
;st0000083;AYÇİÇEK YAĞI  LT;2;0;LİTRE;2;LİTRE;MERKEZ;;;;;
;st0000004;ÜLKER TEREMYAĞ KG ;0,3;0;KİLOGRAM;0,3;KİLOGRAM;MERKEZ;;;;;
;st0000065;TEREYAĞI 1 KG;0,2;0;KİLOGRAM;0,2;KİLOGRAM;MERKEZ;;;;;
;st0000321;SOĞAN;3;0;KİLOGRAM;3;KİLOGRAM;MERKEZ;;;;;
;st0000323;KAPYA BİBER;2;0;KİLOGRAM;2;KİLOGRAM;MERKEZ;;;;;
;st0000308;YEŞİL BİBER;2;0;KİLOGRAM;2;KİLOGRAM;MERKEZ;;;;;
;;;;;;;;;;;;;
Reçete;ST00379;ETLİ NOHUT;BUR00308;ETLİ NOHUT;120;MERKEZ;MERKEZ;24.12.2025;;;;;
;Stok Kodu;Stok Adı;Miktarı;Fire Miktarı;Birimi;Toplam Miktar;Birimi;Depo Adı;;;;;
;st0000085;İRİ NOHUT MEKSİKA 10 MM;9;0;KİLOGRAM;9;KİLOGRAM;MERKEZ;;;;;
;st0000102;KUŞBAŞI;4;0;KİLOGRAM;4;KİLOGRAM;MERKEZ;;;;;
;st0000321;SOĞAN;2;0;KİLOGRAM;2;KİLOGRAM;MERKEZ;;;;;
;st0000308;YEŞİL BİBER;2;0;KİLOGRAM;2;KİLOGRAM;MERKEZ;;;;;
;st0000306;DOMATES;2;0;KİLOGRAM;2;KİLOGRAM;MERKEZ;;;;;
;st0000013;SALÇA;1,5;0;KİLOGRAM;1,5;KİLOGRAM;MERKEZ;;;;;
;st0000014;SAF TUZ 750 GR   ;0,2;0;KİLOGRAM;0,2;KİLOGRAM;MERKEZ;;;;;
;st0000015;KARABİBER 1000GR;0,07;0;KİLOGRAM;0,07;KİLOGRAM;MERKEZ;;;;;
;st0000099;ÖNCÜ PUL BİBER 1 KG;0,07;0;KİLOGRAM;0,07;KİLOGRAM;MERKEZ;;;;;
;st0000183;KNORR BULYON 5 KG DANA;0,08;0;KİLOGRAM;0,08;KİLOGRAM;MERKEZ;;;;;
;;;;;;;;;;;;;
Reçete;ST00380;ETLİ BEZELYE;BUR00310;ETLİ BEZELYE;120;MERKEZ;MERKEZ;24.12.2025;;;;;
;Stok Kodu;Stok Adı;Miktarı;Fire Miktarı;Birimi;Toplam Miktar;Birimi;Depo Adı;;;;;
;st0000167;DONUK BEZELYE;12,5;0;KİLOGRAM;12,5;KİLOGRAM;MERKEZ;;;;;
;st0000102;KUŞBAŞI;5;0;KİLOGRAM;5;KİLOGRAM;MERKEZ;;;;;
;st0000327;PATATES;10;0;KİLOGRAM;10;KİLOGRAM;MERKEZ;;;;;
;st0000303;HAVUÇ;4;0;KİLOGRAM;4;KİLOGRAM;MERKEZ;;;;;
;st0000306;DOMATES;5;0;KİLOGRAM;5;KİLOGRAM;MERKEZ;;;;;
;st0000308;YEŞİL BİBER;1;0;KİLOGRAM;1;KİLOGRAM;MERKEZ;;;;;
;st0000321;SOĞAN;3;0;KİLOGRAM;3;KİLOGRAM;MERKEZ;;;;;
;st0000083;AYÇİÇEK YAĞI  LT;2;0;LİTRE;2;LİTRE;MERKEZ;;;;;
;st0000014;SAF TUZ 750 GR   ;0,2;0;KİLOGRAM;0,2;KİLOGRAM;MERKEZ;;;;;
;st0000015;KARABİBER 1000GR;0,05;0;KİLOGRAM;0,05;KİLOGRAM;MERKEZ;;;;;
;st0000108;KİMYON;0,05;0;KİLOGRAM;0,05;KİLOGRAM;MERKEZ;;;;;
;st0000099;ÖNCÜ PUL BİBER 1 KG;0,05;0;KİLOGRAM;0,05;KİLOGRAM;MERKEZ;;;;;
;;;;;;;;;;;;;
Reçete;ST00381;TRİLİÇE;BUR00312;TRİLİÇE;15;MERKEZ;MERKEZ;24.12.2025;;;;;
;Stok Kodu;Stok Adı;Miktarı;Fire Miktarı;Birimi;Toplam Miktar;Birimi;Depo Adı;;;;;
;st0000382;YUMURTA 30 LU;5;0;ADET;5;ADET;MERKEZ;;;;;
;st0000078;TOZ ŞEKER 50 KG;0,16;0;KİLOGRAM;0,16;KİLOGRAM;MERKEZ;;;;;
;st0000020;OVA UN ;0,15;0;KG;0,15;KG;MERKEZ;;;;;
;st0000159;KABARTMA TOZU 1 KG;0,01;0;KİLOGRAM;0,01;KİLOGRAM;MERKEZ;;;;;
;st0000079;DR OETKER VANILYA 1 KG;0,005;0;KİLOGRAM;0,005;KİLOGRAM;MERKEZ;;;;;
;st0000439;SÜT YARIM YAĞLI 1 LT;0,75;0;LİTRE;0,75;LİTRE;MERKEZ;;;;;
;st0000078;TOZ ŞEKER 50 KG;0,04;0;KİLOGRAM;0,04;KİLOGRAM;MERKEZ;;;;;
;ST00365;TATLILAR İÇİN  KREMA 1 LT;0,2;0;LİTRE;0,2;LİTRE;MERKEZ;;;;;
;st0000078;TOZ ŞEKER 50 KG;0,06;0;KİLOGRAM;0,06;KİLOGRAM;MERKEZ;;;;;
;st0000065;TEREYAĞI 1 KG;0,06;0;KİLOGRAM;0,06;KİLOGRAM;MERKEZ;;;;;
;ST00365;TATLILAR İÇİN  KREMA 1 LT;0,2;0;LİTRE;0,2;LİTRE;MERKEZ;;;;;
;;;;;;;;;;;;;
Reçete;ST00382;HAŞHAŞLI REVANİ;BUR00314;HAŞHAŞLI REVANİ;120;MERKEZ;MERKEZ;24.12.2025;;;;;
;Stok Kodu;Stok Adı;Miktarı;Fire Miktarı;Birimi;Toplam Miktar;Birimi;Depo Adı;;;;;
;st0000382;YUMURTA 30 LU;30;0;ADET;30;ADET;MERKEZ;;;;;
;st0000437;KAYMAKSIZ YOĞURT KOVA KG;1;0;KİLOGRAM;1;KİLOGRAM;MERKEZ;;;;;
;ST00383;HAŞHAŞ;0,5;0;KİLOGRAM;0,5;KİLOGRAM;MERKEZ;;;;;
;st0000083;AYÇİÇEK YAĞI  LT;1,85;0;LİTRE;1,85;LİTRE;MERKEZ;;;;;
;st0000020;OVA UN ;2;0;KG;2;KG;MERKEZ;;;;;
;st0000159;KABARTMA TOZU 1 KG;0,12;0;KİLOGRAM;0,12;KİLOGRAM;MERKEZ;;;;;
;st0000079;DR OETKER VANILYA 1 KG;0,12;0;KİLOGRAM;0,12;KİLOGRAM;MERKEZ;;;;;
;st0000078;TOZ ŞEKER 50 KG;9,05;0;KİLOGRAM;9,05;KİLOGRAM;MERKEZ;;;;;
;ST00198;DAMACANA SU 1 LT;9;0;LİTRE;9;LİTRE;MERKEZ;;;;;
;;;;;;;;;;;;;
Reçete;ST00384;PÜRELİ ROSTO KÖFTE;BUR00316;PÜRELİ ROSTO KÖFTE;120;MERKEZ;MERKEZ;24.12.2025;;;;;
;Stok Kodu;Stok Adı;Miktarı;Fire Miktarı;Birimi;Toplam Miktar;Birimi;Depo Adı;;;;;
;st0000103;KIYMA;15;0;KİLOGRAM;15;KİLOGRAM;MERKEZ;;;;;
;st0000321;SOĞAN;3,5;0;KİLOGRAM;3,5;KİLOGRAM;MERKEZ;;;;;
;st0000056;GALETA UNU ;1,5;0;KİLOGRAM;1,5;KİLOGRAM;MERKEZ;;;;;
;st0000015;KARABİBER 1000GR;0,15;0;KİLOGRAM;0,15;KİLOGRAM;MERKEZ;;;;;
;st0000108;KİMYON;0,15;0;KİLOGRAM;0,15;KİLOGRAM;MERKEZ;;;;;
;st0000014;SAF TUZ 750 GR   ;0,3;0;KİLOGRAM;0,3;KİLOGRAM;MERKEZ;;;;;
;st0000382;YUMURTA 30 LU;15;0;ADET;15;ADET;MERKEZ;;;;;
;st0000083;AYÇİÇEK YAĞI  LT;1;0;LİTRE;1;LİTRE;MERKEZ;;;;;
;st0000013;SALÇA;2;0;KİLOGRAM;2;KİLOGRAM;MERKEZ;;;;;
;st0000099;ÖNCÜ PUL BİBER 1 KG;0,5;0;KİLOGRAM;0,5;KİLOGRAM;MERKEZ;;;;;
;st0000142;KNORR PRATİK PATATES PÜRESİ;2;0;KİLOGRAM;2;KİLOGRAM;MERKEZ;;;;;
;st0000002;KREMA;2;0;LİTRE;2;LİTRE;MERKEZ;;;;;
;st0000183;KNORR BULYON 5 KG DANA;0,2;0;KİLOGRAM;0,2;KİLOGRAM;MERKEZ;;;;;
;;;;;;;;;;;;;
Reçete;ST00385;BEĞENDİLİ TAVUK IZGARA;BUR00319;BEĞENDİLİ TAVUK IZGARA;120;MERKEZ;MERKEZ;24.12.2025;;;;;
;Stok Kodu;Stok Adı;Miktarı;Fire Miktarı;Birimi;Toplam Miktar;Birimi;Depo Adı;;;;;
;ST00307;TAVUK IZGARA ÇİĞ;33;0;KİLOGRAM;33;KİLOGRAM;MERKEZ;;;;;
;st0000083;AYÇİÇEK YAĞI  LT;5;0;LİTRE;5;LİTRE;MERKEZ;;;;;
;st0000014;SAF TUZ 750 GR   ;0,2;0;KİLOGRAM;0,2;KİLOGRAM;MERKEZ;;;;;
;st0000015;KARABİBER 1000GR;0,1;0;KİLOGRAM;0,1;KİLOGRAM;MERKEZ;;;;;
;st0000109;KEKİK 1000 GR;0,1;0;KİLOGRAM;0,1;KİLOGRAM;MERKEZ;;;;;
;st0000001;CAJUN BAHARATI 1000 GR;0,1;0;KİLOGRAM;0,1;KİLOGRAM;MERKEZ;;;;;
;st0000022;SOYA SOSU;0,25;0;ADET;0,25;ADET;MERKEZ;;;;;
;st0000099;ÖNCÜ PUL BİBER 1 KG;0,05;0;KİLOGRAM;0,05;KİLOGRAM;MERKEZ;;;;;
;st0000334;SARIMSAK;0,12;0;KİLOGRAM;0,12;KİLOGRAM;MERKEZ;;;;;
;st0000060;KÖZLENMİŞ PATLICAN;6;0;KİLOGRAM;6;KİLOGRAM;MERKEZ;;;;;
;st0000020;OVA UN ;3;0;KG;3;KG;MERKEZ;;;;;
;st0000439;SÜT YARIM YAĞLI 1 LT;10;0;LİTRE;10;LİTRE;MERKEZ;;;;;
;st0000004;ÜLKER TEREMYAĞ KG ;0,5;0;KİLOGRAM;0,5;KİLOGRAM;MERKEZ;;;;;
;st0000014;SAF TUZ 750 GR   ;0,15;0;KİLOGRAM;0,15;KİLOGRAM;MERKEZ;;;;;
;st0000015;KARABİBER 1000GR;0,05;0;KİLOGRAM;0,05;KİLOGRAM;MERKEZ;;;;;
;;;;;;;;;;;;;
Reçete;ST00388;YAYLA ÇORBASI;BUR00322;YAYLA ÇORBASI;120;MERKEZ;MERKEZ;25.12.2025;;;;;
;Stok Kodu;Stok Adı;Miktarı;Fire Miktarı;Birimi;Toplam Miktar;Birimi;Depo Adı;;;;;
;st0000058;PİRİNÇ;1;0;KİLOGRAM;1;KİLOGRAM;MERKEZ;;;;;
;st0000437;KAYMAKSIZ YOĞURT KOVA KG;3;0;KİLOGRAM;3;KİLOGRAM;MERKEZ;;;;;
;st0000382;YUMURTA 30 LU;3;0;ADET;3;ADET;MERKEZ;;;;;
;st0000309;LİMON;0,3;0;KİLOGRAM;0,3;KİLOGRAM;MERKEZ;;;;;
;st0000083;AYÇİÇEK YAĞI  LT;1;0;LİTRE;1;LİTRE;MERKEZ;;;;;
;ST00227;KURU NANE;0,1;0;KİLOGRAM;0,1;KİLOGRAM;MERKEZ;;;;;
;st0000014;SAF TUZ 750 GR   ;0,2;0;KİLOGRAM;0,2;KİLOGRAM;MERKEZ;;;;;
;;;;;;;;;;;;;
Reçete;ST00390;FIRINDA BAGET ;BUR00325;FIRIN BAGET;120;MERKEZ;MERKEZ;26.12.2025;;;;;
;Stok Kodu;Stok Adı;Miktarı;Fire Miktarı;Birimi;Toplam Miktar;Birimi;Depo Adı;;;;;
;st0000383;TAVUK BAGET;39,16;0;KİLOGRAM;39,16;KİLOGRAM;MERKEZ;;;;;
;st0000327;PATATES;30;0;KİLOGRAM;30;KİLOGRAM;MERKEZ;;;;;
;st0000308;YEŞİL BİBER;3;0;KİLOGRAM;3;KİLOGRAM;MERKEZ;;;;;
;st0000306;DOMATES;3;0;KİLOGRAM;3;KİLOGRAM;MERKEZ;;;;;
;st0000083;AYÇİÇEK YAĞI  LT;1,5;0;LİTRE;1,5;LİTRE;MERKEZ;;;;;
;st0000013;SALÇA;2;0;KİLOGRAM;2;KİLOGRAM;MERKEZ;;;;;
;st0000014;SAF TUZ 750 GR   ;0,2;0;KİLOGRAM;0,2;KİLOGRAM;MERKEZ;;;;;
;st0000015;KARABİBER 1000GR;0,05;0;KİLOGRAM;0,05;KİLOGRAM;MERKEZ;;;;;
;st0000099;ÖNCÜ PUL BİBER 1 KG;0,05;0;KİLOGRAM;0,05;KİLOGRAM;MERKEZ;;;;;
;;;;;;;;;;;;;
Reçete;ST00391;ERİŞTE MAKARNA;BUR00327;ERİŞTE MAKARNA;120;MERKEZ;MERKEZ;26.12.2025;;;;;
;Stok Kodu;Stok Adı;Miktarı;Fire Miktarı;Birimi;Toplam Miktar;Birimi;Depo Adı;;;;;
;st0000194;ERİŞTE;10;0;KİLOGRAM;10;KİLOGRAM;MERKEZ;;;;;
;st0000083;AYÇİÇEK YAĞI  LT;2;0;LİTRE;2;LİTRE;MERKEZ;;;;;
;st0000004;ÜLKER TEREMYAĞ KG ;0,5;0;KİLOGRAM;0,5;KİLOGRAM;MERKEZ;;;;;
;st0000014;SAF TUZ 750 GR   ;0,2;0;KİLOGRAM;0,2;KİLOGRAM;MERKEZ;;;;;
;st0000184;KNORR BULYON 5 KG TAVUK;0,1;0;KİLOGRAM;0,1;KİLOGRAM;MERKEZ;;;;;
;;;;;;;;;;;;;
Reçete;ST00392;İZMİR KÖFTE;BUR00330;İZMİR KÖFTE;120;MERKEZ;MERKEZ;26.12.2025;;;;;
;Stok Kodu;Stok Adı;Miktarı;Fire Miktarı;Birimi;Toplam Miktar;Birimi;Depo Adı;;;;;
;st0000103;KIYMA;13;0;KİLOGRAM;13;KİLOGRAM;MERKEZ;;;;;
;st0000327;PATATES;20;0;KİLOGRAM;20;KİLOGRAM;MERKEZ;;;;;
;st0000306;DOMATES;5;0;KİLOGRAM;5;KİLOGRAM;MERKEZ;;;;;
;st0000308;YEŞİL BİBER;3;0;KİLOGRAM;3;KİLOGRAM;MERKEZ;;;;;
;st0000013;SALÇA;2;0;KİLOGRAM;2;KİLOGRAM;MERKEZ;;;;;
;st0000014;SAF TUZ 750 GR   ;0,3;0;KİLOGRAM;0,3;KİLOGRAM;MERKEZ;;;;;
;st0000015;KARABİBER 1000GR;0,1;0;KİLOGRAM;0,1;KİLOGRAM;MERKEZ;;;;;
;st0000108;KİMYON;0,1;0;KİLOGRAM;0,1;KİLOGRAM;MERKEZ;;;;;
;st0000099;ÖNCÜ PUL BİBER 1 KG;0,05;0;KİLOGRAM;0,05;KİLOGRAM;MERKEZ;;;;;
;st0000083;AYÇİÇEK YAĞI  LT;1;0;LİTRE;1;LİTRE;MERKEZ;;;;;
;st0000321;SOĞAN;3;0;KİLOGRAM;3;KİLOGRAM;MERKEZ;;;;;
;st0000056;GALETA UNU ;1;0;KİLOGRAM;1;KİLOGRAM;MERKEZ;;;;;
;st0000382;YUMURTA 30 LU;12;0;ADET;12;ADET;MERKEZ;;;;;
;;;;;;;;;;;;;
Reçete;ST00393;MİNİ COOKİE İKRAM;BUR00332;MİNİ COOKİE İKRAM;2;MERKEZ;MERKEZ;26.12.2025;;;;;
;Stok Kodu;Stok Adı;Miktarı;Fire Miktarı;Birimi;Toplam Miktar;Birimi;Depo Adı;;;;;
;st0000130;ALBA SADE 10KG;0,4;0;KİLOGRAM;0,4;KİLOGRAM;MERKEZ;;;;;
;st0000083;AYÇİÇEK YAĞI  LT;0,235;0;LİTRE;0,235;LİTRE;MERKEZ;;;;;
;st0000062;PUDRA ŞEKERİ DÖKME;0,292;0;KİLOGRAM;0,292;KİLOGRAM;MERKEZ;;;;;
;st0000021;NİŞASTA 10 KG ;0,273;0;KİLOGRAM;0,273;KİLOGRAM;MERKEZ;;;;;
;st0000020;OVA UN ;0,927;0;KG;0,927;KG;MERKEZ;;;;;
;st0000179;TARÇIN;0,05;0;KİLOGRAM;0,05;KİLOGRAM;MERKEZ;;;;;
;;;;;;;;;;;;;
Reçete;ST00394;TAVUK SALATA;BUR00343;TAVUK SALATA;1;MERKEZ;MERKEZ;31.12.2025;;;;;
;Stok Kodu;Stok Adı;Miktarı;Fire Miktarı;Birimi;Toplam Miktar;Birimi;Depo Adı;;;;;
;st0000381;TAVUK BONFİLE;0,16;0;KİLOGRAM;0,16;KİLOGRAM;MERKEZ;;;;;
;ST00041;MEVSİM SALATA;1;0;Adet;1;Adet;MERKEZ;;;;;
;;;;;;;;;;;;;
Reçete;ST00400;KIYMALI BÖREK;BUR00350;KIYMALI BÖREK;216;MERKEZ;MERKEZ;5.01.2026;MERKEZ;5.01.2026;;;
;Stok Kodu;Stok Adı;Miktarı;Fire Miktarı;Birimi;Toplam Miktar;Birimi;Depo Adı;;;;;
;ST00401;YUFKA;10;0;ADET;10;ADET;MERKEZ;;;;;
;st0000083;AYÇİÇEK YAĞI  LT;0,75;0;LİTRE;0,75;LİTRE;MERKEZ;;;;;
;ST00252;SUSAM;0,3;0;KİLOGRAM;0,3;KİLOGRAM;MERKEZ;;;;;
;st0000382;YUMURTA 30 LU;6;0;ADET;6;ADET;MERKEZ;;;;;
;st0000437;KAYMAKSIZ YOĞURT KOVA KG;0,15;0;KİLOGRAM;0,15;KİLOGRAM;MERKEZ;;;;;
;st0000103;KIYMA;4;0;KİLOGRAM;4;KİLOGRAM;MERKEZ;;;;;
;st0000321;SOĞAN;8;0;KİLOGRAM;8;KİLOGRAM;MERKEZ;;;;;
;st0000099;ÖNCÜ PUL BİBER 1 KG;0,05;0;KİLOGRAM;0,05;KİLOGRAM;MERKEZ;;;;;
;st0000015;KARABİBER 1000GR;0,05;0;KİLOGRAM;0,05;KİLOGRAM;MERKEZ;;;;;
;st0000110;TOZ BİBER;0,08;0;KİLOGRAM;0,08;KİLOGRAM;MERKEZ;;;;;
;st0000014;SAF TUZ 750 GR   ;0,075;0;KİLOGRAM;0,075;KİLOGRAM;MERKEZ;;;;;
;st0000083;AYÇİÇEK YAĞI  LT;0,5;0;LİTRE;0,5;LİTRE;MERKEZ;;;;;
;;;;;;;;;;;;;
Reçete;ST00402;PEYNİRLİ BÖREK;BUR00352;PEYNİRLİ BÖREK;216;MERKEZ;MERKEZ;5.01.2026;MERKEZ;14.01.2026;;;
;Stok Kodu;Stok Adı;Miktarı;Fire Miktarı;Birimi;Toplam Miktar;Birimi;Depo Adı;;;;;
;ST00401;YUFKA;10;0;ADET;10;ADET;MERKEZ;;;;;
;ST00184;LOR PEYNİRİ;5;0;KİLOGRAM;5;KİLOGRAM;MERKEZ;;;;;
;st0000083;AYÇİÇEK YAĞI  LT;0,75;0;LİTRE;0,75;LİTRE;MERKEZ;;;;;
;st0000382;YUMURTA 30 LU;6;0;ADET;6;ADET;MERKEZ;;;;;
;st0000437;KAYMAKSIZ YOĞURT KOVA KG;0,15;0;KİLOGRAM;0,15;KİLOGRAM;MERKEZ;;;;;
;ST00252;SUSAM;0,3;0;KİLOGRAM;0,3;KİLOGRAM;MERKEZ;;;;;
;st0000302;MAYDONOZ;4;0;ADET;4;ADET;MERKEZ;;;;;
;;;;;;;;;;;;;
Reçete;ST00403;PANDİSPANYA;BUR00354;;60;MERKEZ;MERKEZ;23.01.2026;MERKEZ;23.01.2026;;;
;Stok Kodu;Stok Adı;Miktarı;Fire Miktarı;Birimi;Toplam Miktar;Birimi;Depo Adı;;;;;
;st0000382;YUMURTA 30 LU;22;0;ADET;22;ADET;MERKEZ;;;;;
;st0000078;TOZ ŞEKER 50 KG;0,77;0;KİLOGRAM;0,77;KİLOGRAM;MERKEZ;;;;;
;st0000020;OVA UN ;0,5;0;KG;0,5;KG;MERKEZ;;;;;
;st0000159;KABARTMA TOZU 1 KG;0,04;0;KİLOGRAM;0,04;KİLOGRAM;MERKEZ;;;;;
;st0000079;DR OETKER VANILYA 1 KG;0,04;0;KİLOGRAM;0,04;KİLOGRAM;MERKEZ;;;;;
;st0000088;KAKAO 1 KG;0,105;0;KİLOGRAM;0,105;KİLOGRAM;MERKEZ;;;;;
;;;;;;;;;;;;;
Reçete;ST00415;BARDAK COOKİE;BUR00358;BARDAK COOKİE;1;MERKEZ;MERKEZ;6.03.2026;;;;;
;Stok Kodu;Stok Adı;Miktarı;Fire Miktarı;Birimi;Toplam Miktar;Birimi;Depo Adı;;;;;
;ST00393;MİNİ COOKİE İKRAM;0,1;0;KİLOGRAM-ADET;0,1;KİLOGRAM-ADET;MERKEZ;;;;;
;st0000206;AYAKLI KRİSTAL KASE+KAPAK 200ML;1;0;ADET;1;ADET;MERKEZ;;;;;
;;;;;;;;;;;;;
Reçete;ST00418;BEYAZ PEYNİRLİ SOĞUK SANDVİÇ;BUR00360;BEYAZ PEYNİRLİ SOĞUK SANDVİÇ;1;MERKEZ;MERKEZ;13.03.2026;;;;;
;Stok Kodu;Stok Adı;Miktarı;Fire Miktarı;Birimi;Toplam Miktar;Birimi;Depo Adı;;;;;
;st0000191;TEKSEN SİYAH ZEYTİN EZMESİ 5 KG;0,03;0;KİLOGRAM;0,03;KİLOGRAM;MERKEZ;;;;;
;st0000234;EZİNE BEYAZ PEYNİR KG VAKUM;0,075;0;KİLOGRAM;0,075;KİLOGRAM;MERKEZ;;;;;
;st0000311;ICEBERG;0,001;0;ADET;0,001;ADET;MERKEZ;;;;;
;st0000313;SALATALIK;0,05;0;KİLOGRAM;0,05;KİLOGRAM;MERKEZ;;;;;
;;;;;;;;;;;;;
Reçete;ST00419;ORDÖVR TABAĞI;BUR00361;ORDÖVR TABAĞI;1;MERKEZ;MERKEZ;17.03.2026;;;;;
;Stok Kodu;Stok Adı;Miktarı;Fire Miktarı;Birimi;Toplam Miktar;Birimi;Depo Adı;;;;;
;ST00359;TULUM PEYNİRİ;0,045;0;KİLOGRAM;0,045;KİLOGRAM;MERKEZ;;;;;
;st0000234;EZİNE BEYAZ PEYNİR KG VAKUM;0,045;0;KİLOGRAM;0,045;KİLOGRAM;MERKEZ;;;;;
;st0000306;DOMATES;0,09;0;KİLOGRAM;0,09;KİLOGRAM;MERKEZ;;;;;
;st0000313;SALATALIK;0,075;0;KİLOGRAM;0,075;KİLOGRAM;MERKEZ;;;;;
;st0000309;LİMON;0,06;0;KİLOGRAM;0,06;KİLOGRAM;MERKEZ;;;;;
;st0000308;YEŞİL BİBER;0,04;0;KİLOGRAM;0,04;KİLOGRAM;MERKEZ;;;;;
;ST00405;PANCAR;0,08;0;ADET;0,08;ADET;MERKEZ;;;;;
;st0000442;SÜZME YOĞURT;0,18;0;KİLOGRAM;0,18;KİLOGRAM;MERKEZ;;;;;
;st0000303;HAVUÇ;0,039;0;KİLOGRAM;0,039;KİLOGRAM;MERKEZ;;;;;
;st0000218;OLIOVILLA SIZMA Z.YAĞI LT;0,016;0;LİTRE;0,016;LİTRE;MERKEZ;;;;;
;st0000334;SARIMSAK;0,01;0;KİLOGRAM;0,01;KİLOGRAM;MERKEZ;;;;;
;st0000014;SAF TUZ 750 GR   ;0,025;0;KİLOGRAM;0,025;KİLOGRAM;MERKEZ;;;;;
;st0000201;KÖZLENMİŞ KAPYA BİBER;0,04;0;KİLOGRAM;0,04;KİLOGRAM;MERKEZ;;;;;
;st0000200;FAVA BAKLA ORTA BOY YERLİ;0,05;0;KİLOGRAM;0,05;KİLOGRAM;MERKEZ;;;;;
;st0000321;SOĞAN;0,02;0;KİLOGRAM;0,02;KİLOGRAM;MERKEZ;;;;;
;st0000172;DEREOTU;0,002;0;ADET;0,002;ADET;MERKEZ;;;;;
