Stok Kodu;Stok Adı;Grubu;Birimi
ST00168;DS ETİ SUSAMLI ÇUBUK;nan;ADET
ST00169;DS ETİ HOŞBEŞ GOFRET;nan;ADET
ST00170;DS SPRİTE;nan;ADET
ST00173;DS NESCAFE SADE;nan;ADET
ST00200;AYRAN 200 ML HALİL KOYUNCUOĞLU;nan;ADET
ST00205;KAYMAKSIZ YĞR YY 150 GR;nan;ADET
ST00221;CARTE DOR KİDS MARSHMELLOW 5.5 LT;nan;ADET
ST00235;KOSTİK KATI;nan;KİLOGRAM
ST00236;PRİL 675 ML;nan;ADET
ST00237;BULAŞIK MUŞAMBA ÖNLÜK;nan;ADET
ST00248;ZERDEÇAL TOZ;nan;KİLOGRAM
ST00249;CARTEDOR PANTH BYK PARÇA B.BDM. 1*5 5 LT;nan;ADET
ST00277;ETİ TUTKU TART;nan;ADET
ST00385;BEĞENDİLİ TAVUK IZGARA;nan;ADET
ST00403;PANDİSPANYA;nan;ADET
ST00106;ETİ KARAM;ATIŞTIRMALIK;ADET
ST00107;ETİ SUSAMLI ÇUBUK;ATIŞTIRMALIK;ADET
ST00108;ETİ ÇİKOLATALI GOFRET;ATIŞTIRMALIK;ADET
ST00109;ETİ KREMALI BİSKÜVİ;ATIŞTIRMALIK;ADET
ST00110;ETİ TOPKEK ÇEŞİTLERİ;ATIŞTIRMALIK;ADET
ST00111;ETİ CANGA;ATIŞTIRMALIK;ADET
ST00112;ETİ CRAX;ATIŞTIRMALIK;ADET
ST00113;ETİ BROWNİ;ATIŞTIRMALIK;ADET
ST00114;ETİ BROWNİ İNTENSE;ATIŞTIRMALIK;ADET
ST00143;AYRAN;AYAK ÜSTÜ KONAK İÇECEK;ADET
ST00145;SODA ELMA;AYAK ÜSTÜ KONAK İÇECEK;ADET
ST00146;SODA LİMON;AYAK ÜSTÜ KONAK İÇECEK;ADET
ST00035;HOTDOG;AYAKÜSTÜ KONAK MENÜ;ADET
ST00036;PATAT;AYAKÜSTÜ KONAK MENÜ;ADET
ST00037;ÇITIR TAVUKLU PATAT;AYAKÜSTÜ KONAK MENÜ;ADET
ST00038;PATSO;AYAKÜSTÜ KONAK MENÜ;ADET
ST00159;SOSİSLİ PATAT;AYAKÜSTÜ KONAK MENÜ;ADET
ST00160;KALEM BÖREĞİ SEPETİ;AYAKÜSTÜ KONAK MENÜ;ADET
ST00161;İLAVE ÜRÜN KALEM BÖREĞİ;AYAKÜSTÜ KONAK MENÜ;ADET
ST00162;İLAVE ÜRÜN ÇITIR TAVUK;AYAKÜSTÜ KONAK MENÜ;ADET
ST00163;İLAVE ÜRÜN PATATES;AYAKÜSTÜ KONAK MENÜ;ADET
ST00164;İLAVE ÜRÜN BÜTÜN SOSİS;AYAKÜSTÜ KONAK MENÜ;ADET
ST00416;BARDAK COOKİE*;AYAKÜSTÜ KONAK MENÜ;ADET
ST00417;HİNDİ FÜME SANDVİÇ;ÇINARLI MENÜ;ADET
ST00418;BEYAZ PEYNİRLİ SOĞUK SANDVİÇ;ÇINARLI MENÜ;ADET
ST00400;KIYMALI BÖREK;ÇINARLI MENÜ;ADET
ST00384;PÜRELİ ROSTO KÖFTE;ÇINARLI MENÜ;ADET
ST00402;PEYNİRLİ BÖREK;ÇINARLI MENÜ;ADET
ST00253;KAHVALTI 1;ÇINARLI MENÜ;ADET
ST00254;ETLİ TAZE FASULYE YEMEĞİ;ÇINARLI MENÜ;ADET
ST00255;GARNİTÜRLÜ PİRİNÇ PİLAVI;ÇINARLI MENÜ;ADET
ST00256;GARNİTÜR;ÇINARLI MENÜ;KİLOGRAM
ST00257;SAKIZLI MUHALLEBİ;ÇINARLI MENÜ;ADET
ST00282;ELMALI KURABİYE;ÇINARLI MENÜ;ADET
ST00285;KAHVALTI 2;ÇINARLI MENÜ;ADET
ST00310;ETLİ KURU FASÜLYE;ÇINARLI MENÜ;ADET
ST00311;PİRİNÇ PİLAVI;ÇINARLI MENÜ;ADET
ST00312;KALPLİ BEYAZ KURABİYE;ÇINARLI MENÜ;ADET
ST00313;KALPLİ ÇİKOLATALI KURABİYE;ÇINARLI MENÜ;ADET
ST00314;CEVİZLİ ÜZÜMLÜ KURABİYE;ÇINARLI MENÜ;ADET
ST00315;FINDIKLI YUVARLAK KURABİYE;ÇINARLI MENÜ;ADET
ST00316;PEYNİRLİ POĞAÇA;ÇINARLI MENÜ;ADET
ST00317;TUZLU KURABİYE;ÇINARLI MENÜ;ADET
ST00318;KANEPE SOSU;ÇINARLI MENÜ;ADET
ST00319;KÖZ BİBERLİ SOS;ÇINARLI MENÜ;ADET
ST00320;HAYDARİ;ÇINARLI MENÜ;ADET
ST00321;SOSLU SOSİS;ÇINARLI MENÜ;ADET
ST00322;FINDIK (ÇEREZ);ÇINARLI MENÜ;KİLOGRAM
ST00323;BADEM (ÇEREZ);ÇINARLI MENÜ;KİLOGRAM
ST00324;FISTIK (ÇEREZ);ÇINARLI MENÜ;KİLOGRAM
ST00325;KAJU (ÇEREZ);ÇINARLI MENÜ;KİLOGRAM
ST00326;ANTEP FISTIĞI (ÇEREZ);ÇINARLI MENÜ;KİLOGRAM
ST00327;DORİTOS TACO MEGA;ÇINARLI MENÜ;ADET
ST00328;LAYS KLASİK MEGA;ÇINARLI MENÜ;ADET
ST00238;FRAMBUAZLI PUDİNG;ÇINARLI MENÜ;ADET
ST00239;HAVUÇ TARÇIN CUPCAKE;ÇINARLI MENÜ;ADET
ST00240;SADE NESCAFE;ÇINARLI MENÜ;ADET
ST00241;ESPRESSO;ÇINARLI MENÜ;ADET
ST00242;LATTE;ÇINARLI MENÜ;ADET
ST00243;CAPPUCCİNO;ÇINARLI MENÜ;ADET
ST00244;SICAK ÇİKOLATA;ÇINARLI MENÜ;ADET
ST00245;ÇİKOLATALI PUDİNG;ÇINARLI MENÜ;ADET
ST00246;KAKAOLU CUPCAKE;ÇINARLI MENÜ;ADET
ST00259;FIRINDA TAVUK BUT;ÇINARLI MENÜ;ADET
ST00338;KOKTEYL KURU PASTA;ÇINARLI MENÜ;KİLOGRAM
ST00339;YAPRAK SARMA;ÇINARLI MENÜ;KİLOGRAM
ST00340;MENÜ 2 ALKOLSÜZ (100 KİŞİ);ÇINARLI MENÜ;ADET
ST00341;MENÜ 3 ALKOLSÜZ;ÇINARLI MENÜ;ADET
ST00333;RUS SALATASI;ÇINARLI MENÜ;ADET
ST00334;MENÜ 1 ALKOLSÜZ (100 KİŞİ);ÇINARLI MENÜ;ADET
ST00346;MENÜ 1 ALKOLLÜ;ÇINARLI MENÜ;ADET
ST00347;MENÜ 1 ŞARAPLI;ÇINARLI MENÜ;ADET
ST00348;ÇİĞ KÖFTE;ÇINARLI MENÜ;ADET
ST00350;MENÜ 2 ALKOLLÜ;ÇINARLI MENÜ;ADET
ST00354;MENÜ 3 ALKOLLÜ;ÇINARLI MENÜ;ADET
ST00355;MENÜ 2 ŞARAPLI;ÇINARLI MENÜ;ADET
ST00356;MENÜ 3 ŞARAPLI;ÇINARLI MENÜ;ADET
ST00357;CAFFEE BREAK;ÇINARLI MENÜ;ADET
ST00358;TABAK KAHVALTI MENÜ 1;ÇINARLI MENÜ;ADET
ST00369;ISPANAK GRATEN;ÇINARLI MENÜ;ADET
ST00370;EZOGELİN ÇORBASI;ÇINARLI MENÜ;ADET
ST00371;EKŞİLİ MİSKET KÖFTE;ÇINARLI MENÜ;ADET
ST00372;MEYHANE PİLAVI;ÇINARLI MENÜ;ADET
ST00373;DOMATESLİ MAKARNA;ÇINARLI MENÜ;ADET
ST00374;MERCİMEK ÇORBASI;ÇINARLI MENÜ;ADET
ST00375;GÜNÜN MENÜSÜ SALATASI;ÇINARLI MENÜ;ADET
ST00376;ETLİ KEREVİZ;ÇINARLI MENÜ;ADET
3500376;KAVURMA MAKARNA;ÇINARLI MENÜ;ADET
ST00377;IZGARA KÖFTE GÜN. MEN.;ÇINARLI MENÜ;ADET
ST0378;BULGUR PİLAVI;ÇINARLI MENÜ;ADET
ST00379;ETLİ NOHUT;ÇINARLI MENÜ;ADET
ST00380;ETLİ BEZELYE;ÇINARLI MENÜ;ADET
ST00381;TRİLİÇE;ÇINARLI MENÜ;ADET
ST00382;HAŞHAŞLI REVANİ;ÇINARLI MENÜ;ADET
ST00361;TABAK KAHVALTI MENÜ 2;ÇINARLI MENÜ;ADET
ST00362;TABAK KAHVALTI MENÜ 3;ÇINARLI MENÜ;ADET
ST00364;PORTAKALLI KURABİYE;ÇINARLI MENÜ;ADET
ST00388;YAYLA ÇORBASI;ÇINARLI MENÜ;ADET
ST00390;FIRINDA BAGET;ÇINARLI MENÜ;ADET
ST00391;ERİŞTE MAKARNA;ÇINARLI MENÜ;ADET
ST00392;İZMİR KÖFTE;ÇINARLI MENÜ;ADET
ST00393;MİNİ COOKİE İKRAM;ÇINARLI MENÜ;KİLOGRAM-ADET
ST00394;TAVUK SALATA;ÇINARLI MENÜ;ADET
ST00395;LAVASH LAVAŞ EKMEĞİ;ÇINARLI MENÜ;ADET
ST00229;DOMATES ÇORBASI;ÇINARLI MENÜ;ADET
ST00224;ETLİ TÜRLÜ;ÇINARLI MENÜ;ADET
ST00225;ARPA ŞEHRİYE PİLAVI;ÇINARLI MENÜ;ADET
ST00226;CACIK;ÇINARLI MENÜ;ADET
ST00039;GÜNÜN ÇORBASI;ÇINARLI MENÜ;ADET
ST00040;PATATES KIZARTMASI;ÇINARLI MENÜ;ADET
ST00041;MEVSİM SALATA;ÇINARLI MENÜ;ADET
ST00042;TAVUK IZGARA SALATA;ÇINARLI MENÜ;ADET
ST00043;HAMBURGER;ÇINARLI MENÜ;ADET
ST00044;KREMALI MANTARLI PENNE;ÇINARLI MENÜ;ADET
ST00045;PENNE NAPOLİTAN;ÇINARLI MENÜ;ADET
ST00046;TAVUKLU MANTARLI PENNE;ÇINARLI MENÜ;ADET
ST00047;TAVUK IZGARA;ÇINARLI MENÜ;ADET
ST00048;KÖRİ SOSLU TAVUK;ÇINARLI MENÜ;ADET
ST00049;KÖFTE DÜRÜM;ÇINARLI MENÜ;ADET
ST00050;MANTAR SOSLU TAVUK;ÇINARLI MENÜ;ADET
ST00051;KARIŞIK PİZZA;ÇINARLI MENÜ;ADET
ST00052;PİZZA MARGARİTA;ÇINARLI MENÜ;ADET
ST00053;IZGARA KÖFTE;ÇINARLI MENÜ;ADET
ST00054;TON BALIKLI SALATA;ÇINARLI MENÜ;ADET
ST00055;GÜNÜN MENÜSÜ;ÇINARLI MENÜ;ADET
ST00056;PİZZA MENÜ;ÇINARLI MENÜ;ADET
ST00058;PERSONEL HAFTALIK YEMEK;ÇINARLI MENÜ;ADET
ST00059;TEK YEMEK;ÇINARLI MENÜ;ADET
ST00060;TEK YAN ÜRÜN;ÇINARLI MENÜ;ADET
ST00061;ÇAY;ÇINARLI MENÜ;ADET
ST00062;NESCAFE ÇEŞİTLERİ;ÇINARLI MENÜ;ADET
ST00063;SU;ÇINARLI MENÜ;ADET
ST00064;KUTU İÇECEK;ÇINARLI MENÜ;ADET
ST00065;AYRAN;ÇINARLI MENÜ;ADET
ST00066;DUBLE TÜRK KAHVESİ;ÇINARLI MENÜ;ADET
ST00067;SODA ÇEŞİTLERİ;ÇINARLI MENÜ;ADET
ST00068;TÜRK KAHVESİ;ÇINARLI MENÜ;ADET
ST00069;GAZOZ;ÇINARLI MENÜ;ADET
ST00070;DUBLE ÇAY;ÇINARLI MENÜ;ADET
ST00071;KARIŞIK TOST;ÇINARLI MENÜ;ADET
ST00072;PEYNİRLİ TOST;ÇINARLI MENÜ;ADET
ST00073;KAHVALTI;ÇINARLI MENÜ;ADET
ST00074;SUCUKLU KAŞARLI TOST;ÇINARLI MENÜ;ADET
ST00075;TABAK KURU PASTA;ÇINARLI MENÜ;ADET
ST00076;GÜNÜN TATLISI;ÇINARLI MENÜ;ADET
ST00077;KURU PASTA 1 KG;ÇINARLI MENÜ;ADET
ST00078;YOĞURT;ÇINARLI MENÜ;ADET
ST00079;PERSONEL KURU PASTA KG;ÇINARLI MENÜ;ADET
ST00080;KURU PASTA 0,5 KG;ÇINARLI MENÜ;ADET
ST00081;TOP KEK;ÇINARLI MENÜ;ADET
ST00082;CORNETTO ÇİLEK;ÇINARLI MENÜ;ADET
ST00083;CORNETTO ÇİKOLATA;ÇINARLI MENÜ;ADET
ST00084;CORNETTO KAYMAK;ÇINARLI MENÜ;ADET
ST00085;DİSK VANİLYA KARAMEL;ÇINARLI MENÜ;ADET
ST00086;DİSK ANTEP FISTIK ÇİKOLATA;ÇINARLI MENÜ;ADET
ST00087;DİSC OREO;ÇINARLI MENÜ;ADET
ST00088;CORNETTO DİSC MİLKA;ÇINARLI MENÜ;ADET
ST00089;CORNETTO MARAŞ ÜSÜLÜ;ÇINARLI MENÜ;ADET
ST00090;CLASSİC KAKAO;ÇINARLI MENÜ;ADET
ST00091;CLASSSİC VANİLYA;ÇINARLI MENÜ;ADET
ST00092;BOOM BOOM;ÇINARLI MENÜ;ADET
ST00093;MARAŞ CUP;ÇINARLI MENÜ;ADET
ST00094;NOGGER;ÇINARLI MENÜ;ADET
ST00095;FRİGOLA;ÇINARLI MENÜ;ADET
ST00096;MAGNUM BEYAZ;ÇINARLI MENÜ;ADET
ST00097;MAGNUM BADEM;ÇINARLI MENÜ;ADET
ST00098;MAGNUM CLASSİC;ÇINARLI MENÜ;ADET
ST00099;MAGNUM DBL CHILL;ÇINARLI MENÜ;ADET
ST00100;MAGNUM DBL EUPHORİA;ÇINARLI MENÜ;ADET
ST00101;MAGNUM DBL KARADUT;ÇINARLI MENÜ;ADET
ST00102;MAGNUM DBL CHOCOLATE;ÇINARLI MENÜ;ADET
ST00103;MAGNUM COOCKİE;ÇINARLI MENÜ;ADET
ST00104;MAX TWİSTER FOREST;ÇINARLI MENÜ;ADET
ST00105;MAX TWİSTER OCEAN;ÇINARLI MENÜ;ADET
ST00015;KALBURABASTI;ÇINARLI MENÜ;PORSİYON
ST00001;TOP DONDURMA;DONDURMA;ADET
ST00222;CARTE DOR PANTHEON OREO 5.5 LT;DONDURMA;ADET
ST00227;KURU NANE;Hammadde;KİLOGRAM
ST00228;HAZIR DOMATES SOS;Hammadde;LİTRE
ST00211;MAGİC SEASONİNG CAJUN BAHARATI 567 GR;Hammadde;ADET
ST00212;KÖRİ TOZU;Hammadde;KİLOGRAM
ST00206;PINAR SOSİS SERVİS 460 GR.;Hammadde;KİLOGRAM
ST00207;TAVUK JÜLYEN;Hammadde;KİLOGRAM
ST00208;FEAST TORPAT PATATES10*10 2,5 KG*6;Hammadde;KOLİ
ST00209;BARDACIK;Hammadde;KİLOGRAM
ST00202;SUPERFRESH 9*9 PATATES (KLASİK);Hammadde;KİLOGRAM
ST00166;ÇITIR TAVUK BONFİLE PARÇALARI;Hammadde;KİLOGRAM
ST00197;FO ŞURUP NARLI 700 ML;Hammadde;ADET
ST00198;DAMACANA SU 1 LT;Hammadde;LİTRE
st0000468;DONUK TAZE FASÜLYE;Hammadde;KİLOGRAM
st0000473;İNCE BULGUR;Hammadde;KİLOGRAM
ST00157;TEST;Hammadde;ADET
ST00182;KÜP KESİM SALATALIK TURŞUSU;Hammadde;KİLOGRAM
ST00183;SANDWİÇ SOSU;Hammadde;KİLOGRAM
ST00184;LOR PEYNİRİ;Hammadde;KİLOGRAM
ST00185;SALATA SOSU;Hammadde;KİLOGRAM
ST00186;DANA SOSİS;Hammadde;KİLOGRAM
st0000380;TAVUK PİRZOLA;Hammadde;KİLOGRAM
st0000381;TAVUK BONFİLE;Hammadde;KİLOGRAM
st0000382;YUMURTA 30 LU;Hammadde;ADET
st0000383;TAVUK BAGET;Hammadde;KİLOGRAM
st0000384;BÜTÜN PİLİÇ;Hammadde;KİLOGRAM
st0000385;TAVUK BUT;Hammadde;KİLOGRAM
st0000429;ROLL EKMEĞİ SADE 40 GR;Hammadde;ADET
st0000430;ROLL EKMEĞİ KEPEKLİ 40 GR;Hammadde;ADET
st0000431;SANDVİÇ EKMEĞİ BÜFE TİP 6*65 GR;Hammadde;PAKET
st0000432;HAMBURGER EKMEĞİ BÜFE TİP 6*85 GR;Hammadde;PAKET
st0000433;TOST EKMEĞİ 1000 GR;Hammadde;ADET
st0000437;KAYMAKSIZ YOĞURT KOVA KG;Hammadde;KİLOGRAM
st0000438;SÜTAŞ TOST PEYNİRİ DİLİMLİ KG;Hammadde;ADET
st0000439;SÜT YARIM YAĞLI 1 LT;Hammadde;LİTRE
st0000440;KAYMAKSIZ YOĞURT 200 GR;Hammadde;KİLOGRAM
st0000442;SÜZME YOĞURT;Hammadde;KİLOGRAM
st0000443;BURGER PEYNİRİ 1000 G;Hammadde;KİLOGRAM
st0000446;BAMYA;Hammadde;KİLOGRAM
st0000448;GEDİK PL. KOKT. SOSİS 1KG*8;Hammadde;KİLOGRAM
st0000450;KARPUZ;Hammadde;KİLOGRAM
st0000451;SILVER 9*9 PATATES 12*5;Hammadde;KİLOGRAM
st0000452;GDK UZUN SOSİS 1000 GR;Hammadde;KİLOGRAM
st0000453;DOLMALIK BİBER;Hammadde;KİLOGRAM
st0000454;KÖFTE;Hammadde;KİLOGRAM
st0000455;ANANAS;Hammadde;ADET
st0000188;MISIR UNU 1 KG;Hammadde;KİLOGRAM
st0000189;NAR EKŞİLİ SOS;Hammadde;LİTRE
st0000190;SALATALIK TURŞUSU;Hammadde;KİLOGRAM
st0000191;TEKSEN SİYAH ZEYTİN EZMESİ 5 KG;Hammadde;KİLOGRAM
st0000192;TAM YAĞLI SÜT 1 LT;Hammadde;LİTRE
st0000210;KÜHNE TÜRK TİPİ 720 MLT SALATALIK;Hammadde;ADET
st0000214;ACIBİBER SOSU;Hammadde;KİLOGRAM
st0000215;FO TOPING FRAMBUAZ;Hammadde;KİLOGRAM
st0000216;FO MEYVE PÜRESİ FROZEN AHUDUDU;Hammadde;KİLOGRAM
st0000217;FO ŞURUP KOKTEYL;Hammadde;KİLOGRAM
st0000218;OLIOVILLA SIZMA Z.YAĞI LT;Hammadde;LİTRE
st0000222;LİMON SUYU;Hammadde;LİTRE
st0000223;VERDE SIZMA Z.YAĞI 5 KG;Hammadde;LİTRE
st0000224;YOĞURT HOMOJEN 9 KG;Hammadde;KİLOGRAM
st0000226;KRİSTAL Z.YAĞI RİVİERA 18 LT;Hammadde;LİTRE
st0000227;NO 2 TURŞU;Hammadde;KİLOGRAM
st0000208;ORET KOKTEYL SOSİS KG;Hammadde;KİLOGRAM
st0000234;EZİNE BEYAZ PEYNİR KG VAKUM;Hammadde;KİLOGRAM
st0000280;NESTLE KAKAO 4X1KG;Hammadde;KİLOGRAM
st0000281;BURGER BÜFE 90 GR;Hammadde;KİLOGRAM
st0000282;UNICOMIX PURE 1150 GR LİMON;Hammadde;KİLOGRAM
st0000283;UNICOMIX PURE 1150 GR FRAMBUAZ;Hammadde;KİLOGRAM
st0000284;NESTLE PROFESSIONAL PRALIN 10KG;Hammadde;KİLOGRAM
st0000285;AYÇEKİRDEĞİ İÇİ;Hammadde;LİTRE
st0000286;EXTRA SÜTLÜ PARÇA ÇİKOLATA;Hammadde;KİLOGRAM
st0000287;ESMER ŞEKER 1 KG;Hammadde;KİLOGRAM
st0000288;FINDIK FİLE 1 KG;Hammadde;KİLOGRAM
st0000289;NESTLE BİTTER KUVERTÜR 2,5KG;Hammadde;KİLOGRAM
st0000290;NESTLE 1927 SÜTLÜ KUVERTÜR 2,5KG;Hammadde;KİLOGRAM
st0000300;UNICOMİX PÜRE 1150 GR KARADUT;Hammadde;KİLOGRAM
st0000301;MANTAR;Hammadde;KİLOGRAM
st0000302;MAYDONOZ;Hammadde;ADET
st0000303;HAVUÇ;Hammadde;KİLOGRAM
st0000305;KEREVİZ;Hammadde;KİLOGRAM
st0000306;DOMATES;Hammadde;KİLOGRAM
st0000307;FESLEĞEN;Hammadde;ADET
st0000308;YEŞİL BİBER;Hammadde;KİLOGRAM
st0000309;LİMON;Hammadde;KİLOGRAM
st0000310;LOLOROSO ADET;Hammadde;ADET
st0000311;ICEBERG;Hammadde;ADET
st0000312;PATLICAN;Hammadde;KİLOGRAM
st0000313;SALATALIK;Hammadde;KİLOGRAM
st0000314;ÇERY DOMATES;Hammadde;KİLOGRAM
st0000315;KIL ACI BİBER;Hammadde;KİLOGRAM
st0000317;MUZ İTHAL;Hammadde;KİLOGRAM
st0000318;ARMUT;Hammadde;KİLOGRAM
st0000319;YEŞİL ELMA;Hammadde;KİLOGRAM
st0000320;KARNABAHAR;Hammadde;KİLOGRAM
st0000321;SOĞAN;Hammadde;KİLOGRAM
st0000322;TAZE FASULYE;Hammadde;KİLOGRAM
st0000323;KAPYA BİBER;Hammadde;KİLOGRAM
st0000324;KİRAZ;Hammadde;KİLOGRAM
st0000325;PORTAKAL;Hammadde;KİLOGRAM
st0000326;ELMA İTHAL;Hammadde;KİLOGRAM
st0000327;PATATES;Hammadde;KİLOGRAM
st0000328;MANDALİNA;Hammadde;KİLOGRAM
st0000329;KABAK;Hammadde;KİLOGRAM
st0000330;ÇİLEK;Hammadde;KİLOGRAM
st0000331;ZENCEFİL;Hammadde;KİLOGRAM
st0000332;TOPAN PATLICAN;Hammadde;KİLOGRAM
st0000333;NAZO BİBER;Hammadde;KİLOGRAM
st0000334;SARIMSAK;Hammadde;KİLOGRAM
st0000335;KİVİ;Hammadde;KİLOGRAM
st0000336;AKDENİZ SALATASI;Hammadde;KİLOGRAM
st0000337;KIRMIZI SOĞAN;Hammadde;KİLOGRAM
st0000338;SALATALIK SİLOR;Hammadde;KİLOGRAM
st0000339;ŞEFTALİ;Hammadde;KİLOGRAM
st0000272;NESTLE CAPUCCINOCREAMER 12X1KG;Hammadde;KİLOGRAM
st0000273;NESCAFE SÜTLÜ 12X1KG;Hammadde;KİLOGRAM
st0000274;NESTLE SICAK ÇİKOLATA 12X1KG;Hammadde;KİLOGRAM
st0000275;NESCAFE INTENSE;Hammadde;KİLOGRAM
st0000276;NESCAFE CAPPUCINO VANL. 12X1KG;Hammadde;KİLOGRAM
st0000001;CAJUN BAHARATI 1000 GR;Hammadde;KİLOGRAM
st0000002;KREMA;Hammadde;LİTRE
st0000008;HİSAR TÜRK KAHVE 500 GR;Hammadde;ADET
st0000009;PEKMEZCİ SİGARA BÖREĞİ (KALEM);Hammadde;KİLOGRAM
st0000011;MAYONEZ KİLOLUK;Hammadde;KİLOGRAM
st0000012;KETÇAP KİLOLUK;Hammadde;KİLOGRAM
st0000013;SALÇA;Hammadde;KİLOGRAM
st0000014;SAF TUZ 750 GR;Hammadde;KİLOGRAM
st0000015;KARABİBER 1000GR;Hammadde;KİLOGRAM
st0000016;POŞET SAF TUZ  MİNİ;Hammadde;ADET
st0000017;TRAKYAĞ SIVIYAĞ LT;Hammadde;LİTRE
st0000018;POŞET KARABİBER MİNİ;Hammadde;ADET
st0000004;ÜLKER TEREMYAĞ KG;Hammadde;KİLOGRAM
st0000005;FRİTA YAĞI 18 LT;Hammadde;LİTRE
st0000054;TBT JUMBO DEMLİK 30 GR OFÇAY ( 30 ADET);Hammadde;KİLOGRAM
st0000056;GALETA UNU;Hammadde;KİLOGRAM
st0000057;TORTİLLA LAVAŞ 12 Lİ;Hammadde;ADET
st0000058;PİRİNÇ;Hammadde;KİLOGRAM
st0000059;KIRMIZI MERCİMEK YERLİ;Hammadde;KİLOGRAM
st0000060;KÖZLENMİŞ PATLICAN;Hammadde;KİLOGRAM
st0000061;CEVİZ İÇİ;Hammadde;KİLOGRAM
st0000062;PUDRA ŞEKERİ DÖKME;Hammadde;KİLOGRAM
st0000063;DONUK ISPANAK;Hammadde;KİLOGRAM
st0000065;TEREYAĞI 1 KG;Hammadde;KİLOGRAM
st0000073;KAVUN;Hammadde;ADET
st0000074;NANE;Hammadde;ADET
st0000078;TOZ ŞEKER 50 KG;Hammadde;KİLOGRAM
st0000079;DR OETKER VANILYA 1 KG;Hammadde;KİLOGRAM
st0000080;PEYNİR TATLISI DÖKME KG GÜVENAL;Hammadde;KİLOGRAM
st0000083;AYÇİÇEK YAĞI  LT;Hammadde;LİTRE
st0000084;KURU FASÜLYE;Hammadde;KİLOGRAM
st0000085;İRİ NOHUT MEKSİKA 10 MM;Hammadde;KİLOGRAM
st0000086;ÜZÜM NO 10 MM;Hammadde;KİLOGRAM
st0000088;KAKAO 1 KG;Hammadde;KİLOGRAM
st0000089;FINDIK KIRIK 1 KG;Hammadde;KİLOGRAM
st0000091;FİYONK MAKARNA 5 KG;Hammadde;KİLOGRAM
st0000092;TBT-JUMBO DEMLİK 30 GR OFÇAY;Hammadde;KİLOGRAM
st0000095;ÇAY KİLOLUK;Hammadde;KİLOGRAM
st0000097;M.EFENDİ KAHVE 100GR*25 ADET;Hammadde;KOLİ
st0000098;DİLİMLİ KAŞAR PEYNİRİ;Hammadde;KİLOGRAM
st0000099;ÖNCÜ PUL BİBER 1 KG;Hammadde;KİLOGRAM
st0000100;M.EFENDI KAHVE 500GR TNK;Hammadde;ADET
st0000102;KUŞBAŞI;Hammadde;KİLOGRAM
st0000103;KIYMA;Hammadde;KİLOGRAM
st0000108;KİMYON;Hammadde;KİLOGRAM
st0000109;KEKİK 1000 GR;Hammadde;KİLOGRAM
st0000110;TOZ BİBER;Hammadde;KİLOGRAM
st0000111;PINAR MAYONEZ SERVİS 700 GR;Hammadde;KİLOGRAM
st0000116;S.FRESH FINEFOOD ISPANAK 10 KG;Hammadde;KİLOGRAM
st0000117;DONUK SARIMSAK SOYULMUŞ;Hammadde;KİLOGRAM
st0000122;SEĞMEN TAHAN 1.5 KG;Hammadde;KİLOGRAM
st0000123;PEKMEZ 1 KG;Hammadde;KİLOGRAM
st0000124;HİNDİSTAN CEVİZİ;Hammadde;KİLOGRAM
st0000130;ALBA SADE 10KG;Hammadde;KİLOGRAM
st0000131;ÇÖREK OTU;Hammadde;KİLOGRAM
st0000126;NAR TOZ ŞEKER 5 KG;Hammadde;KİLOGRAM
st0000138;TOST PEYNİRİ DİLİMLİ 2 KG;Hammadde;KİLOGRAM
st0000140;HEINZ HARDAL MILD 445 GR;Hammadde;ADET
st0000142;KNORR PRATİK PATATES PÜRESİ;Hammadde;KİLOGRAM
st0000143;KABUK TARÇIN;Hammadde;KİLOGRAM
st0000144;YOĞURT 2 KG;Hammadde;ADET
st0000145;TURYAĞ 18 LT (FRİTÖZ YAĞI);Hammadde;LİTRE
st0000147;ÖNCÜ BİBER SALÇA;Hammadde;KİLOGRAM
st0000148;YAĞDA KURUTULMUŞ DOMATES 3 KG;Hammadde;KİLOGRAM
st0000149;POLONEZ DANA DİLİMLİ TOST JAMBON;Hammadde;KİLOGRAM
st0000152;PINAR KETÇAP SERVİS 800 GR;Hammadde;KİLOGRAM
st0000156;TEL ŞEHRİYE DÖKME 5 KG;Hammadde;KİLOGRAM
st0000157;DİLİM YEŞİL ZEYTİN;Hammadde;KİLOGRAM
st0000158;ARPA ŞEHRİYE DÖKME KG;Hammadde;KİLOGRAM
st0000159;KABARTMA TOZU 1 KG;Hammadde;KİLOGRAM
st0000160;FIRIN MAKARNA;Hammadde;KİLOGRAM
st0000165;DÖKME MAKARNA;Hammadde;KİLOGRAM
st0000166;DAMLA DROP BİTTER KİLOLUK;Hammadde;KİLOGRAM
st0000167;DONUK BEZELYE;Hammadde;KİLOGRAM
st0000172;DEREOTU;Hammadde;ADET
st0000173;HARUN DİLİM KAŞAR;Hammadde;KİLOGRAM
st0000177;LİMON SOSU;Hammadde;LİTRE
st0000178;SİRKE;Hammadde;LİTRE
st0000179;TARÇIN;Hammadde;KİLOGRAM
st0000162;UFAK BOY-BERRAK KAPARİ 320 ML;Hammadde;LİTRE
st0000163;SEĞMEN KARADUT 5KG;Hammadde;KİLOGRAM
st0000183;KNORR BULYON 5 KG DANA;Hammadde;KİLOGRAM
st0000184;KNORR BULYON 5 KG TAVUK;Hammadde;KİLOGRAM
st0000185;AŞURELİK BUĞDAY;Hammadde;KİLOGRAM
st0000194;ERİŞTE;Hammadde;KİLOGRAM
st0000195;MYS YAVUZ PEYNİR TATLISI 1 KG;Hammadde;KİLOGRAM
st0000196;FESLEĞEN KURU;Hammadde;KİLOGRAM
st0000197;JACOBS FİLTRE MONARCH 500 GR;Hammadde;KİLOGRAM
st0000198;HEINZ KETÇAP 460 GR;Hammadde;KİLOGRAM
st0000199;HEINZ MAYONEZ 420 GR;Hammadde;KİLOGRAM
st0000200;FAVA BAKLA ORTA BOY YERLİ;Hammadde;KİLOGRAM
st0000201;KÖZLENMİŞ KAPYA BİBER;Hammadde;KİLOGRAM
st0000202;CEM DOĞAL YAĞLI SELE SİYAH ZEYTİN;Hammadde;KİLOGRAM
st0000203;BÖRÜLCE;Hammadde;KİLOGRAM
st0000204;İÇ ANTEP FISTIĞI TOZ;Hammadde;KİLOGRAM
st0000205;MAHLEP;Hammadde;KİLOGRAM
st0000020;OVA UN;Hammadde;KG
st0000021;NİŞASTA 10 KG;Hammadde;KİLOGRAM
st0000022;SOYA SOSU;Hammadde;ADET
st0000023;DOĞRANMIŞ DOMATES;Hammadde;KİLOGRAM
st0000024;PLSTK KVA ÇİÇEK KARIŞIK SEBZE TURŞU;Hammadde;KİLOGRAM
st0000025;KALIN BULGUR;Hammadde;KİLOGRAM
st0000027;N73(BÜYÜK) PENNE BARİLLA 2 KG;Hammadde;KİLOGRAM
st0000028;DONUK MISIR;Hammadde;KİLOGRAM
st0000029;FINEFOOD ISPANAK 10 KG;Hammadde;KİLOGRAM
st0000030;RENDE MOZARELLA PEYNİR;Hammadde;KİLOGRAM
ST00365;TATLILAR İÇİN  KREMA 1 LT;Hammadde;LİTRE
ST00366;NAR;Hammadde;KİLOGRAM
ST00363;KAYMAK;Hammadde;KİLOGRAM
ST00299;ETİ BURÇAK;Hammadde;ADET
ST00300;CİCİ BEBE;Hammadde;KİLOGRAM
ST00383;HAŞHAŞ;Hammadde;KİLOGRAM
ST00359;TULUM PEYNİRİ;Hammadde;KİLOGRAM
ST00360;YEŞİL KIRMA ZEYTİN;Hammadde;KİLOGRAM
ST00351;TATLI LOR PEYNİRİ;Hammadde;KİLOGRAM
ST00352;KURU KAYISI;Hammadde;KİLOGRAM
ST00353;KURU İNCİR;Hammadde;KİLOGRAM
ST00349;İSOT;Hammadde;KİLOGRAM
ST00335;KOKTEYL ZEYTİN;Hammadde;KİLOGRAM
ST00336;KÜP MOZERELLA;Hammadde;KİLOGRAM
ST00337;MİNİ TARTOLET;Hammadde;ADET
ST00295;LABNE;Hammadde;KİLOGRAM
ST00296;KEDİ DİLİ;Hammadde;KİLOGRAM
ST00297;BEYAZ ÇİKOLATA KUVERTÜR;Hammadde;KİLOGRAM
ST00303;PİZZA TABANI;Hammadde;ADET
ST00304;ROKA;Hammadde;ADET
ST00305;DOMATES SOS;Hammadde;KİLOGRAM
ST00307;TAVUK IZGARA ÇİĞ;Hammadde;KİLOGRAM
ST00308;SUCUK;Hammadde;KİLOGRAM
ST00309;SALAM;Hammadde;KİLOGRAM
ST00247;BAL;Hammadde;KİLOGRAM
ST0233;SMARTCHOİCE 10*10 FRİES PATATES;Hammadde;KOLİ
ST00289;KURU MAYA;Hammadde;KİLOGRAM
ST00290;ELMALI KURABİYE HARCI;Hammadde;KİLOGRAM
ST00291;ÇİKOLATA SOS;Hammadde;ADET
ST00292;PROFİTEROL HAMURU;Hammadde;ADET
ST00293;PASTACI KREMASI;Hammadde;ADET
ST00283;PİLİÇ NUGGET;Hammadde;KİLOGRAM
ST00252;SUSAM;Hammadde;KİLOGRAM
ST00258;SAKIZ;Hammadde;GRAM
ST00407;SANDVİÇ EKMEĞİ 100 GR*10;Hammadde;PAKET
ST00408;BEYAZ DROP DAMLA ÇİKOLATA;Hammadde;KİLOGRAM
ST00410;PASTIRMA;Hammadde;KİLOGRAM
ST00411;TAVUK BUT KEMİKSİZ;Hammadde;KİLOGRAM
ST00414;SÜTLÜ DROP ÇİKOLATA;Hammadde;KİLOGRAM
ST00401;YUFKA;Hammadde;ADET
ST00387;İRMİK;Hammadde;KİLOGRAM
ST00404;TAZE SOĞAN;Hammadde;ADET
ST00405;PANCAR;Hammadde;ADET
ST00413;NESCAFE CLASSİC;İçecek;ADET
ST328;MEYVE SUYU 1 LT;İçecek;LİTRE
ST00329;MEYVE SUYU 1 LT PORTAKAL;İçecek;LİTRE
ST00330;COCA COLA 2,5 LT;İçecek;ADET
ST00331;FANTA 2,5 LT;İçecek;ADET
ST00332;SPRİTE 2,5 LT;İçecek;ADET
ST00342;YENİ RAKI 1 LT;İçecek;LİTRE
3500343;İSTANBLUE VODKA 1 LT;İçecek;LİTRE
ST00344;KIRMIZI ŞARAP;İçecek;LİTRE
ST00345;BEYAZ ŞARAP;İçecek;LİTRE
ST00118;LATTE;İçecek;ADET
st0000161;BARDAK SU;İçecek;ADET
st0000141;AYRAN 300ML BÜYÜK BOY;İçecek;ADET
st0000105;PINAR SÜT 200 ML;İçecek;ADET
st0000106;LIPTON IHLAMUR ÇAY 12 AD;İçecek;ADET
st0000107;LIPTON NANE-LİMON ÇAY 12 AD;İçecek;ADET
st0000101;DİMES MEYVE SUYU 200ML;İçecek;ADET
ST00032;AYRAN;İçecek;ADET
st0000003;GAZOZ;İçecek;ADET
ST00025;*CAPPUCCİNO;İçecek;ADET
st0000277;NESCAFE GOLD 10 100X2G;İçecek;ADET
st0000278;NESCAFE 3İN1 72X17,5;İçecek;ADET
st0000279;NESCAFE 2IN1 12 56X10G;İçecek;ADET
st0000344;COCA-COLA KUTU;İçecek;ADET
st0000345;COCA COLA ZERO;İçecek;ADET
st0000346;FUTEA MAN-ANNS KUTU 330ML;İçecek;ADET
st0000347;FUTEA LIMON KUTU 330ML;İçecek;ADET
st0000348;FUTEA SEFT.KT 330ML 1X12;İçecek;ADET
st0000349;CAPPY 200 ML TETRAPAK;İçecek;ADET
st0000351;DAMLA SU PET 500 ML;İçecek;ADET
st0000353;CAPPY PORTAKAL;İçecek;ADET
st0000354;FAN POR. KUTU 330 ML C+;İçecek;ADET
st0000355;FUTEA KARPUZ KUTU 330ML;İçecek;ADET
st0000356;CAPPY LİMONATA;İçecek;ADET
st0000357;FUTEA KAVUN ÇİLEK KUTU 330ML;İçecek;KOLİ
st0000358;CAPPY KRSIK SLEEK KUTU 330ML 12'Lİ;İçecek;ADET
st0000359;*CAPPY ŞEFTALİ;İçecek;ADET
st0000360;CAPPY VISNELI;İçecek;ADET
st0000441;SÜT %2,5 YAĞLI 200 ML;İçecek;LİTRE
st0000436;AYRAN 200 ML;İçecek;ADET
ST00174;DS NESCAFE 2İN1;İçecek;ADET
ST00175;DS NESCAFE 3İN1;İçecek;ADET
ST00158;XOX ENERJİ İÇECEĞİ;İçecek;ADET
ST00171;DS COLA;İçecek;ADET
ST00172;DS CAPPY ŞEFTALİ;İçecek;ADET
ST00199;AYRAN 175 ML;İçecek;ADET
ST00193;FUAR COCA COLA;İçecek;ADET
ST00194;FUAR COCA COLA ZERO;İçecek;ADET
ST00195;FUAR AYRAN;İçecek;ADET
ST00196;FUAR SU;İçecek;ADET
st0000352;CAPPY PALPY PORTAKAL PET 330ML;MUTLULUK KAHVESİ İÇECEK;ADET
ST00026;COCA COLA;MUTLULUK KAHVESİ İÇECEK;ADET
ST00027;COLA ZERO;MUTLULUK KAHVESİ İÇECEK;ADET
ST00028;FANTA 330 ML KUTU;MUTLULUK KAHVESİ İÇECEK;ADET
ST00029;SPRİTE;MUTLULUK KAHVESİ İÇECEK;ADET
ST00030;DAMLA SADE SODA;MUTLULUK KAHVESİ İÇECEK;ADET
ST00031;NİĞDE GAZOZ;MUTLULUK KAHVESİ İÇECEK;ADET
ST00115;ELMALI SODA;MUTLULUK KAHVESİ İÇECEK;ADET
ST00116;LİMONLU SODA;MUTLULUK KAHVESİ İÇECEK;ADET
ST00117;KARPUZ - ÇİLEKLİ SODA;MUTLULUK KAHVESİ İÇECEK;ADET
ST00033;SU;MUTLULUK KAHVESİ İÇECEK;ADET
ST00034;MEYVELİ SODA;MUTLULUK KAHVESİ İÇECEK;ADET
ST00119;MOCHA;MUTLULUK KAHVESİ İÇECEK;ADET
ST00120;SICAK ÇİKOLATA;MUTLULUK KAHVESİ İÇECEK;ADET
ST00121;FUSE TEA ŞEFTALİ;MUTLULUK KAHVESİ İÇECEK;ADET
ST00122;FUSE TEA LİMON;MUTLULUK KAHVESİ İÇECEK;ADET
ST00123;FUSE TEA KARPUZ;MUTLULUK KAHVESİ İÇECEK;ADET
ST00124;FUSE TEA MANGO ANANAS;MUTLULUK KAHVESİ İÇECEK;ADET
ST00125;FUSE TEA KAVUN ÇİLEK;MUTLULUK KAHVESİ İÇECEK;ADET
ST00126;CAPPY KARIŞIK;MUTLULUK KAHVESİ İÇECEK;ADET
ST00127;CAPPY ŞEFTALİ;MUTLULUK KAHVESİ İÇECEK;ADET
ST00128;CAPPY ATOM;MUTLULUK KAHVESİ İÇECEK;ADET
ST00129;ANANAS MANGOLU SODA;MUTLULUK KAHVESİ İÇECEK;ADET
ST00130;TÜRK KAHVESİ SADE;MUTLULUK KAHVESİ İÇECEK;ADET
ST00131;TÜRK KAHVESİ ORTA;MUTLULUK KAHVESİ İÇECEK;ADET
ST00132;TÜRK KAHVESİ ŞEKERLİ;MUTLULUK KAHVESİ İÇECEK;ADET
ST00020;ÇAY;MUTLULUK KAHVESİ İÇECEK;ADET
ST00021;TÜRK KAHVESİ;MUTLULUK KAHVESİ İÇECEK;ADET
ST00022;DUBLE TÜRK KAHVESİ;MUTLULUK KAHVESİ İÇECEK;ADET
ST00023;ESPRESSO;MUTLULUK KAHVESİ İÇECEK;ADET
ST00024;NESCAFE;MUTLULUK KAHVESİ İÇECEK;ADET
ST00016;KAKOULU CUPCAKE;MUTLULUK KAHVESİ MENÜ;ADET
ST00017;HAVUÇLU CUPCAKE;MUTLULUK KAHVESİ MENÜ;ADET
ST00018;KURU PASTA PORSİYON;MUTLULUK KAHVESİ MENÜ;ADET
ST00019;KURU PASTA ADET;MUTLULUK KAHVESİ MENÜ;ADET
ST00002;KAŞARLI TOST;MUTLULUK KAHVESİ MENÜ;ADET
ST00003;KARIŞIK SICAK TABAK;MUTLULUK KAHVESİ MENÜ;ADET
ST00004;PATATES KIZARTMASI;MUTLULUK KAHVESİ MENÜ;ADET
ST00005;FIRIN MAKARNA;MUTLULUK KAHVESİ MENÜ;ADET
ST00006;PATSO;MUTLULUK KAHVESİ MENÜ;ADET
ST00007;MEVSİM SALATA;MUTLULUK KAHVESİ MENÜ;ADET
ST00008;ÇITIR TAVUKLU SALATA;MUTLULUK KAHVESİ MENÜ;ADET
ST00009;KAŞARLI SOĞUK SANDWİÇ;MUTLULUK KAHVESİ MENÜ;ADET
ST00010;ÇITIR TAVUKLU SANDWİÇ;MUTLULUK KAHVESİ MENÜ;ADET
ST00013;ÇİKOLATALI PASTA;MUTLULUK KAHVESİ MENÜ;ADET
ST00014;FRAMBUAZLI PASTA;MUTLULUK KAHVESİ MENÜ;ADET
ST00133;KAHVALTI TABAĞI;MUTLULUK KAHVESİ MENÜ;ADET
ST00165;İLAVE ÜRÜN KOKTEYL SOSİS;MUTLULUK KAHVESİ MENÜ;ADET
ST00396;MAGNOLİA*;MUTLULUK KAHVESİ MENÜ;ADET
ST00397;PROFİTEROL;MUTLULUK KAHVESİ MENÜ;ADET
ST00398;TİRAMİSU;MUTLULUK KAHVESİ MENÜ;ADET
ST00399;TRİLİÇE*;MUTLULUK KAHVESİ MENÜ;ADET
ST00284;-ELMALI KURABİYE;MUTLULUK KAHVESİ MENÜ;ADET
ST00415;BARDAK COOKİE;MUTLULUK KAHVESİ MENÜ;ADET
ST00412;KÜLTABLASI;Sarf Malzeme;ADET
ST00409;ŞANTİ TORBASI;Sarf Malzeme;ADET
ST00276;LAVABO FIRÇASI;Sarf Malzeme;ADET
ST00231;TÜLBENT BEZ;Sarf Malzeme;METRE
ST00250;24*24 PEÇETE;Sarf Malzeme;KOLİ
ST00251;ÇÖP TORBASI MİNİ;Sarf Malzeme;ADET
ST00367;ÇEKSİL SAPLI;Sarf Malzeme;ADET
ST00368;CAMÇEK;Sarf Malzeme;ADET
st0000471;ÇAY BARDAĞI;Sarf Malzeme;ADET
st0000472;ÇAY TABAĞI;Sarf Malzeme;ADET
st0000465;TERMAL POS RULOSU;Sarf Malzeme;ADET
st0000466;TERMAL RULOSU;Sarf Malzeme;ADET
ST00201;PİZZA KUTUSU;Sarf Malzeme;ADET
ST00210;ÇAKMAK GAZI;Sarf Malzeme;ADET
ST00214;YAĞLI KAĞIT 25*25;Sarf Malzeme;ADET
ST00215;YAĞLI KAĞIT 25*35;Sarf Malzeme;ADET
ST00219;12 KG GAZ;Sarf Malzeme;ADET
ST00220;45 KG GAZ PROPAN;Sarf Malzeme;ADET
ST00223;SELPAK PROFESSİONEL DİSPENSER PEÇETE;Sarf Malzeme;KOLİ
st0000266;BULAŞIK TOP TEL;Sarf Malzeme;ADET
st0000444;HANTAL BOY ÇÖP TORBASI;Sarf Malzeme;KOLİ
st0000250;MUAYENE ELDİVEN NİTRİL MAVİ/M-L;Sarf Malzeme;ADET
st0000291;PET KAPSÜL 50*39 50 ADET;Sarf Malzeme;ADET
st0000292;PET KAPSÜL 44*35 50 ADET;Sarf Malzeme;ADET
st0000293;PET KAPSÜL 38*30 50 ADET;Sarf Malzeme;ADET
st0000294;MUFFIN PİŞİRME KABI 24LÜ 50X43CM;Sarf Malzeme;ADET
st0000295;METALİK PET KAPSÜL 50*39 CM 25Lİ;Sarf Malzeme;ADET
st0000296;BENS GOLD KAPSÜL 50X39 25Lİ;Sarf Malzeme;ADET
st0000297;AMERİKAN 50*35 KAPSÜL 24 ADET;Sarf Malzeme;ADET
st0000298;PET KAPSÜL 62*40 50 ADET;Sarf Malzeme;ADET
st0000243;33*33 1/8 KATLAMA BEYAZ PEÇETE;Sarf Malzeme;ADET
st0000244;ENDÜSTRİYEL SÜNGER;Sarf Malzeme;ADET
st0000241;İÇTEN ÇEKMELİ HAVLU 6'LI;Sarf Malzeme;ADET
st0000247;ÇÖP TORBASI JUMBO DÖKME SİYAH 80*110;Sarf Malzeme;KİLOGRAM
st0000253;TUVALET KAĞIDI 72'Lİ BELLEZA;Sarf Malzeme;ADET
st0000237;MİCROFİBER BEZ;Sarf Malzeme;ADET
st0000209;KAĞITLI PİPET;Sarf Malzeme;ADET
st0000233;JAPON KÜRDAN;Sarf Malzeme;ADET
st0000228;L MUAYENE ELDİVENİ BEYAZ;Sarf Malzeme;ADET
st0000229;FROZEN 95/300 BARDAK;Sarf Malzeme;ADET
st0000230;FROZEN ÇAP 99 DELİKLİ KAPAK;Sarf Malzeme;ADET
st0000211;SIZDIRMAZ KAP 1500 GR;Sarf Malzeme;ADET
st0000193;PLASTİK ÇATAL 100 LÜ;Sarf Malzeme;PAKET
st0000031;KARIŞTIRICI;Sarf Malzeme;ADET
st0000032;SİYAH HASPET MUAYENE ELDİVENİ 100'LÜ;Sarf Malzeme;PKT.
st0000033;STREÇ FİLM;Sarf Malzeme;ADET
st0000034;IKRAM SETİ 5*1 ADET;Sarf Malzeme;PAKET
st0000035;4 OZ BARDAK;Sarf Malzeme;ADET
st0000036;KARTON BARDAK 6,5 OZ KOLİ 3000 ADET;Sarf Malzeme;ADET
st0000037;PASTA KUTUSU;Sarf Malzeme;ADET
st0000038;KARTON KÜLAH;Sarf Malzeme;ADET
st0000039;SANDIVIÇ KAĞIT HAMUR;Sarf Malzeme;KİLOGRAM
st0000040;ÇÖP ŞİŞ KÜRDAN 20 CM;Sarf Malzeme;ADET
st0000041;ISLAK KOLONYALI MENDİL KOLİ 1000 ADET;Sarf Malzeme;KOLİ
st0000042;NAYLON TORBA;Sarf Malzeme;PAKET
st0000043;PİŞİRME KAĞIDI - YAĞLI KAĞIT;Sarf Malzeme;ADET
st0000044;FROZEN PİPET;Sarf Malzeme;PAKET
st0000045;SIZDIRMAZ KAP 250 GR;Sarf Malzeme;ADET
st0000046;8-B KÖPÜK KAP;Sarf Malzeme;ADET
st0000047;KARTON ÇORBA KASE 16 OZ;Sarf Malzeme;KOLİ
st0000048;7 OZ KARTON BARDAK;Sarf Malzeme;ADET
st0000049;SELPAK SENSÖR HAREKETLİ HAVLU 70 MT;Sarf Malzeme;ADET
st0000050;KARTON KUMPİR 100'LÜ PAKET;Sarf Malzeme;ADET
st0000051;8 OZ BARDAK;Sarf Malzeme;ADET
st0000055;ALÜMİNYUM KASE 1500 GR + KAPAK;Sarf Malzeme;PAKET
st0000066;SIZDIRMAZ 500 GR;Sarf Malzeme;ADET
st0000067;GARSON KATLAMA PEÇETE 33-31;Sarf Malzeme;ADET
st0000064;ALÜMİNYUM 2 GÖZLÜ KASE + KAPAK;Sarf Malzeme;PAKET
st0000112;SALATA KASESİ KAPAĞI;Sarf Malzeme;ADET
st0000113;SALATA KASESİ SİYAH;Sarf Malzeme;ADET
st0000125;JUMBO ÇÖP TORBASI 400 GR;Sarf Malzeme;KOLİ
st0000118;1050 CC LUNCH BOX KRAFT 300 ADET;Sarf Malzeme;ADET
st0000119;33-B KÖPÜK TABAK;Sarf Malzeme;ADET
st0000120;KARTON ÇORBA KASE 16 OZ 25'Lİ;Sarf Malzeme;ADET
st0000121;İÇTEN ÇEKMELİ HAVLU;Sarf Malzeme;KOLİ
st0000128;KILIÇ KÜRDAN;Sarf Malzeme;ADET
st0000153;SELPAK DİSPENSIR Z KATLI;Sarf Malzeme;ADET
st0000115;PLASTİK KAŞIK 100 LÜ;Sarf Malzeme;PAKET
st0000155;DİSPENSER PEÇETE;Sarf Malzeme;ADET
st0000206;AYAKLI KRİSTAL KASE+KAPAK 200ML;Sarf Malzeme;ADET
st0000186;KORAPLAST JUMBO ÇÖP TORBASI;Sarf Malzeme;ADET
st0000164;SUB KASE;Sarf Malzeme;ADET
st0000181;NAYLON TORBA ORTA;Sarf Malzeme;KİLOGRAM
st0000182;NAYLON TORBA BÜYÜK;Sarf Malzeme;KİLOGRAM
st0000187;KOSTİK 25 KG;Temizlik Ürünü;KİLOGRAM
st0000207;ÇAMAŞIR SUYU;Temizlik Ürünü;KİLOGRAM
st0000154;GENEL TEMİZLİK 1 KG;Temizlik Ürünü;KİLOGRAM
st0000180;SIVI EL SABUNU 5 LT;Temizlik Ürünü;ADET
st0000174;CİF KREM;Temizlik Ürünü;KİLOGRAM
st0000114;OMO MATİK 10 KG;Temizlik Ürünü;KİLOGRAM
st0000068;PRİL 4 KG;Temizlik Ürünü;KİLOGRAM
st0000069;ÇAMAŞIR SUYU 5 LT;Temizlik Ürünü;LİTRE
st0000071;MİKROFİBER BEZ;Temizlik Ürünü;ADET
st0000072;MOP YEDEK;Temizlik Ürünü;ADET
st0000075;BREF POWER AKTİF 4'LÜ;Temizlik Ürünü;ADET
st0000076;PİSUVAR TABLET 100 GR;Temizlik Ürünü;KİLOGRAM
st0000077;ASKILI KOKU GİDERİCİ;Temizlik Ürünü;ADET
st0000081;FARAŞLI SÜPÜRGE;Temizlik Ürünü;ADET
st0000082;MOP YEDEK NEMLİ;Temizlik Ürünü;ADET
st0000219;PRENS GENEL TEMİZLİK 30 LT;Temizlik Ürünü;LİTRE
st0000176;YAĞÇÖZ 5 LT;Temizlik Ürünü;LİTRE
st0000238;VENTURA GRİLL FIRIN TEM.MAD. 5 KG;Temizlik Ürünü;ADET
st0000239;VENTURA ULTRA CLOR ÇMŞR. SYU 5 LT;Temizlik Ürünü;ADET
st0000240;BULAŞIK ELDİVENİ;Temizlik Ürünü;ADET
st0000254;CAMSİL;Temizlik Ürünü;ADET
st0000255;VENTURA BULAŞIK MAK DTRJAN 20KG;Temizlik Ürünü;ADET
st0000256;VENTURA RİNSE PARLATICI;Temizlik Ürünü;ADET
st0000257;VENTURA MATİK 25 KG ENDÜSTRİYEL;Temizlik Ürünü;ADET
st0000258;HİDROKLORİK ASİT TUZ RUHU;Temizlik Ürünü;LİTRE
st0000259;ARAP SABUNU KATI;Temizlik Ürünü;KİLOGRAM
st0000261;VENTURA CONTRA KİREÇ ÇÖZ 20 KG;Temizlik Ürünü;ADET
st0000262;FEBREZE AEROSOL ODA PARFÜMÜ;Temizlik Ürünü;ADET
st0000264;VENTURA SOİL AĞIR YAĞ SÖKÜCÜ;Temizlik Ürünü;ADET
st0000265;VENTURA GLASS CAM TEMİZLİK 5 KG;Temizlik Ürünü;ADET
st0000248;VENTURA ELDE YIK.BUL.DET.5KG;Temizlik Ürünü;ADET
st0000249;VENTURA CONTRA 5 KG;Temizlik Ürünü;ADET
st0000242;CİF SPREY KREM TÜM YÜZEYLER;Temizlik Ürünü;LİTRE
st0000245;KİREÇ ÇÖZÜCÜ 1KG;Temizlik Ürünü;LİTRE
st0000246;VENTURA EXTRA ELDE YIK.BUL.DET.20KG;Temizlik Ürünü;ADET
st0000251;GENEL TEMİZLİK 5 KG;Temizlik Ürünü;LİTRE
st0000252;SIVI SABUN 1 LT;Temizlik Ürünü;LİTRE
st0000268;LAVABO AÇICI 1 KG;Temizlik Ürünü;KİLOGRAM
st0000269;ODA PARFÜMÜ SPREY KAVUN;Temizlik Ürünü;ADET
ST00230;PASPAS KOVA+KEP EKOSET;Temizlik Ürünü;ADET
ST00217;VENTURA FRESH M (Genel Temizlik Md.) 20 KG;Temizlik Ürünü;ADET
ST00218;PİSUVAR KOKU GİDERİCİ NANO;Temizlik Ürünü;ADET
ST00213;SOPALI FIRÇA;Temizlik Ürünü;ADET
st0000271;VENTURA CROM METAL PRLTICI 750 ML;Temizlik Ürünü;ADET
ST00232;ALGİDA VİENETTA STİCK;Yiyecek;ADET
ST00233;ALGİDA MİNECRAFT STİCK;Yiyecek;ADET
ST00260;MİX B 1000 GR EKMEK UNU;Yiyecek;ADET
ST00261;MİX C 1000 GR KEK PASTA UNU;Yiyecek;ADET
ST00262;PAN BLANCO 250 GR DİLİMLİ EKMEK;Yiyecek;ADET
ST00263;PAN RUSTİCO 250 GR LİFLİ EKMEK;Yiyecek;ADET
ST00264;CIVITA 450 GR FUSILLI MAKARNA;Yiyecek;ADET
ST00265;CIVITA 450 GR SPAGETTİ MAKARNA;Yiyecek;ADET
ST00267;CURVİES PAPRİKA 170 GR CİPS;Yiyecek;ADET
ST00268;CURVİES ORGİNAL 170 GR CİPS;Yiyecek;ADET
ST00269;CHOCOTTİ 70 GR;Yiyecek;ADET
ST00270;PAUSA CİOK KAKAO KAPLAMALI KEK 35 GR;Yiyecek;ADET
ST00271;QUİNOTTİ 40 GR KİNOALI HALKA KRAKER;Yiyecek;ADET
ST00272;SNACK 3*35 GR ÇİKOLATA KAPLI FINDIKLI GOFRET;Yiyecek;ADET
ST00273;MİNİ SORİSİNİ 100 GR KAYMAKLI ÇİKOLATALI BİSKÜVİ;Yiyecek;ADET
ST00274;GLÜTENSİZ ADA TUZLU KRAKER;Yiyecek;ADET
ST00275;GLÜTENSİZ ADA SUSAMLI ÇUBUK KRAKER;Yiyecek;ADET
ST00294;PROFİTEROL CUP;Yiyecek;ADET
ST00278;PİŞİ TABAĞI;Yiyecek;ADET
ST00279;TEKLİ PİŞİ;Yiyecek;ADET
ST00280;ÜÇGEN PEYNİR;Yiyecek;ADET
ST00281;PİKNİK ZEYTİN;Yiyecek;ADET
ST00301;MAGNOLİA;Yiyecek;ADET
ST00298;TİRAMİSU CUP;Yiyecek;ADET
ST00406;PEMBE KALPLİ KURABİYE;Yiyecek;ADET
ST00216;SİYAH ÜZÜM;Yiyecek;KİLOGRAM
ST00203;CDO PANTHEON KARADUT 5.5LT;Yiyecek;ADET
ST00204;CDO PANTHEON VANİLYA 5,5 LT;Yiyecek;ADET
ST00167;POPKEK LİMONLU;Yiyecek;ADET
st0000469;MİSKET MOZARELLA 3KG;Yiyecek;KİLOGRAM
st0000470;NAR KESME ŞEKER 750 GR;Yiyecek;ADET
ST00176;ALGİDA GÖKKUŞAĞI;Yiyecek;ADET
ST00177;MAX TWİSTER COOL;Yiyecek;ADET
ST00178;ALGİDA CLASSİCS ANTEP FISTIĞI;Yiyecek;ADET
ST00179;ALGİDA VOLKANO;Yiyecek;ADET
ST00180;ALGİDA MİLKA;Yiyecek;ADET
ST00181;ALGİDA CORNETTO KEYİF;Yiyecek;ADET
ST00187;FUAR HOTDOG;Yiyecek;ADET
ST00188;FUAR PATSO;Yiyecek;ADET
ST00189;FUAR PATAT;Yiyecek;ADET
ST00190;FUAR ÇITIR TAVUKLU PATAT;Yiyecek;ADET
ST00191;FUAR FRAMBUAZLI PUDİNG;Yiyecek;ADET
ST00192;FUAR ÇİKOLATALI PUDİNG;Yiyecek;ADET
st0000270;TUTKU 100GX24 KL;Yiyecek;ADET
st0000456;ALGİDA KÜLAH 1*960 GR;Yiyecek;KOLİ
st0000457;CDO PANTHEON KAVUN 5.5LT;Yiyecek;ADET
st0000458;CDO PANTHEON LİMON 5.5LT;Yiyecek;ADET
st0000459;CDO PANTHEON ANTEP 5.5LT;Yiyecek;ADET
st0000460;CDO PANTHEON KARAMEL 5.5LT;Yiyecek;ADET
st0000462;CRAX SADE ÇUBUK KRAKER;Yiyecek;ADET
st0000463;GONG 40GX18 DP;Yiyecek;ADET
st0000464;TUTKU 100GX24 KL;Yiyecek;ADET
st0000386;ÇİKOLATALI PASTA;Yiyecek;ADET
st0000387;MEYVELİ PASTA;Yiyecek;ADET
st0000388;DÜĞÜN PASTASI KARE;Yiyecek;ADET
st0000389;CORNETTO CLASSİC CILEK;Yiyecek;ADET
st0000390;CORNETTO CLASSICO KAYMAK;Yiyecek;ADET
st0000391;CORNETTO CLASSICO CIKOLATA;Yiyecek;ADET
st0000392;CORNETTO DISC CHOCO-COFFEE;Yiyecek;ADET
st0000393;CORNETTO DISC MAX CIKOLATA;Yiyecek;ADET
st0000394;CORNETTO DISC MAX MANGO;Yiyecek;ADET
st0000395;CORNETTO DISC VANİLYA-KARAMEL;Yiyecek;ADET
st0000397;CORNETTO DISC OREO;Yiyecek;ADET
st0000398;CORNETTO KYF CL COKO-VAN 24X110;Yiyecek;ADET
st0000399;CORNETTO KULAH CL MRS US 24X115;Yiyecek;ADET
st0000400;ALGIDA KLASİK STİCK KAKAO;Yiyecek;ADET
st0000401;ALGIDA KLASİK STİCK VANİLYA;Yiyecek;ADET
st0000402;ALGIDA KLASİK STİCK FISTIK;Yiyecek;ADET
st0000403;ALGIDA BOOM BOOM;Yiyecek;ADET
st0000404;ALGIDA BOOM BOOM GOLD;Yiyecek;ADET
st0000405;ALGIDA NOGGER SANDWICH;Yiyecek;ADET
st0000406;ALGIDA MILKA STICK;Yiyecek;ADET
st0000407;ALGIDA STİCK FRIGOLA;Yiyecek;ADET
st0000408;ALGIDA VOLCANO STICK;Yiyecek;ADET
st0000409;MAGNUM BEYAZ;Yiyecek;ADET
st0000410;MAGNUM BADEM;Yiyecek;ADET
st0000411;MAGNUM CLASSIC;Yiyecek;ADET
st0000412;MAGNUM UTOPHIA KARAMEL BADEM;Yiyecek;ADET
st0000413;MAGNUM UTOPHIA AHUDUDU BÖĞÜRTLEN;Yiyecek;ADET
st0000414;MAGNUM DOUBLE KARADUT;Yiyecek;ADET
st0000415;MAGNUM DOUBLE CHOCOLATE;Yiyecek;ADET
st0000416;MAGNUM COOKIE;Yiyecek;ADET
st0000417;MAX GOKKUSAGI PROMO;Yiyecek;ADET
st0000418;MAX TWISTER COOL PROMO;Yiyecek;ADET
st0000419;MAX TWISTER FOREST;Yiyecek;ADET
st0000420;MAX TWISTER OCEAN;Yiyecek;ADET
st0000421;CORNETTO DISC ANTEP FISTIK-ÇİKOLATA;Yiyecek;ADET
st0000422;CORNETTO DISC MILKA;Yiyecek;ADET
st0000423;ALGIDA MARAS CUP;Yiyecek;ADET
st0000424;MAGNUM DBL CHILL;Yiyecek;ADET
st0000425;MAGNUM EUPHORIA;Yiyecek;ADET
st0000426;CDO PANTHEON KAYMAK 5.5LT;Yiyecek;ADET
st0000427;CDO PANTHEON CIKOLATA 5.5LT;Yiyecek;ADET
st0000428;CDO PANTHEON CILEK 5.5 LT;Yiyecek;ADET
st0000299;BURÇAK;Yiyecek;ADET
st0000232;FİNEFOOD 9*18 PATATES 15 KG;Yiyecek;KİLOGRAM
st0000220;KROKET PATATES;Yiyecek;KİLOGRAM
st0000221;TANE MISIR KONS 340 GR;Yiyecek;KİLOGRAM
st0000212;TUKAŞ KETÇAP BÜFE 650 GR;Yiyecek;ADET
st0000213;TUKAŞ MAYONEZ BÜFE 650 GR;Yiyecek;ADET
st0000361;KARAM GURME 50GX18 KL;Yiyecek;ADET
st0000362;ETİ ÇİKOLATALI GOFRET 34GX42;Yiyecek;ADET
st0000363;SUSAMLI ÇUBUK 56GX17;Yiyecek;ADET
st0000364;TOPKEK MEY. BSZ 40GX24 TV;Yiyecek;ADET
st0000365;ETI CIK. STICK KARAMELLİ;Yiyecek;ADET
st0000366;BROWNİ INTENSE KAKAOLU;Yiyecek;ADET
st0000367;TOPKEK KAK. BSZ 35GX24 TV;Yiyecek;ADET
st0000368;ETİ STİCK SÜTLÜ ÇİKOLATA;Yiyecek;ADET
st0000369;POPKEK MUZ 60GX24 KL;Yiyecek;ADET
st0000370;POPKEK KAK. 60GX24 KL;Yiyecek;ADET
st0000371;KREMALI SADE 61GX24 KL;Yiyecek;ADET
st0000372;TOPKEK CIL. BSZ 40GX24 TV;Yiyecek;ADET
st0000373;CANGA;Yiyecek;ADET
st0000374;KARAM STICK %54 210GX10KL;Yiyecek;ADET
st0000375;BENİMO ÇİKOLATALI;Yiyecek;ADET
st0000376;CRAX PEYNİRLİ;Yiyecek;ADET
st0000377;BROWNI ÇİKOLATA FINDIK KEK 40 GR;Yiyecek;ADET
st0000378;GEVREK;Yiyecek;ADET
st0000379;BOYOZ;Yiyecek;ADET
st0000340;SF PATATES KLASİK 9X9 2,5 KG X 5 EDT;Yiyecek;KOLİ
st0000341;SF PATATES KLASİK 9X18 2,5 KG X 5 EDT;Yiyecek;KİLOGRAM
st0000087;TON BALIK 160 GR;Yiyecek;ADET
st0000006;HEINZ KETÇAP P.P SACHET;Yiyecek;ADET
st0000007;HEINZ MAYONEZ P.P SACHET;Yiyecek;ADET
st0000019;TEKLİ SARMA ŞEKER;Yiyecek;KOLİ
st0000129;TÜRLÜ TURŞU;Yiyecek;KİLOGRAM
st0000133;REÇEL PİKNİK 20 GR;Yiyecek;ADET
st0000134;KOSKA BAL 20 GR;Yiyecek;ADET
st0000135;TEREYAĞ 10GR PİKNİK;Yiyecek;ADET
st0000136;ZEYTİN 30 GR  MİNİ 27 Lİ;Yiyecek;ADET
st0000137;ÜÇGEN PEYNİR 80 ADET KUTU;Yiyecek;ADET
st0000150;KETÇAP POŞET 10 GR;Yiyecek;ADET
st0000151;MAYONEZ POŞET 10 GR;Yiyecek;ADET
st0000175;HELLMAN'S PP KETÇAP 616*9 GR;Yiyecek;ADET
st0000052;TEK KULLANIMLIK KETÇAP;Yiyecek;ADET
st0000053;TEK KULLANIMLIK MAYONEZ;Yiyecek;ADET
