Stok Kodu,Stok Adı,Grubu,Birimi,MUTLULUK KAHVELERİ,ÇINARLI,AYAKÜSTÜ,MatchedIngredientName,MatchedPrice,SimScore,NeedsReview
ST00168,DS ETİ SUSAMLI ÇUBUK,,ADET,"20,00","0,00","0,00",CCZ SUGAR KUTU 330ML PXE DYS,643.63,41,1
ST00169,DS ETİ HOŞBEŞ GOFRET,,ADET,"17,00","0,00","0,00",ÇERİ DOMATES,100.0,43,1
ST00170,DS SPRİTE,,ADET,"40,00","0,00","0,00",PRİL,213.0,46,1
ST00173,DS NESCAFE SADE,,ADET,"20,00","0,00","0,00",NESCAFE CLASSIC Tin SR 6x1kg,1368.96,63,1
ST00200,AYRAN 200 ML HALİL KOYUNCUOĞLU,,ADET,"0,00","0,00","0,00",AYRAN 200 MLT,184.0,81,1
ST00205,KAYMAKSIZ YĞR YY 150 GR,,ADET,"0,00","0,00","0,00",KAYMAKSIZ YĞR YY KOVA 10 KG ED,387.09,67,1
ST00221,CARTE DOR KİDS MARSHMELLOW 5.5 LT,,ADET,"0,00","0,00","0,00",ARBELLA BURGU MAKARNA 5 KG,37.8,45,1
ST00235,KOSTİK KATI,,KİLOGRAM,"0,00","0,00","0,00",KARIŞTIRICI,56.0,54,1
ST00236,PRİL 675 ML,,ADET,"0,00","0,00","0,00",PRİL,213.0,100,0
ST00237,BULAŞIK MUŞAMBA ÖNLÜK,,ADET,"0,00","0,00","0,00",LİMON LAMAS,110.0,43,1
ST00248,ZERDEÇAL TOZ,,KİLOGRAM,"0,00","0,00","0,00",TOZ ŞEKER 50  KG,1975.0,44,1
ST00249,CARTEDOR PANTH BYK PARÇA B.BDM. 1*5 5 LT,,ADET,"0,00","0,00","0,00","FAN POR. P2,5L 1X6 LYT'25 UTC",384.0,47,1
ST00277,ETİ TUTKU TART,,ADET,"20,00","0,00","0,00",KARTON KUMPİR 100'LÜ,4.29,41,1
ST00385,BEĞENDİLİ TAVUK IZGARA,,ADET,"0,00","0,00","0,00",HISAR TÜRK KAH. FOLYO 18X500G,280.88,44,1
ST00403,PANDİSPANYA,,ADET,"0,00","0,00","0,00",PATLICAN,100.0,52,1
ST00106,ETİ KARAM,ATIŞTIRMALIK,Adet,"30,00","0,00","0,00",KAPYA BİBER,130.0,50,1
ST00107,ETİ SUSAMLI ÇUBUK,ATIŞTIRMALIK,ADET,"14,00","0,00","0,00",SIVI SABUN 5 LT,189.8,43,1
ST00108,ETİ ÇİKOLATALI GOFRET,ATIŞTIRMALIK,ADET,"18,00","0,00","0,00",DERECIK SIRKE 2 LT *9AD,41.0,40,1
ST00109,ETİ KREMALI BİSKÜVİ,ATIŞTIRMALIK,ADET,"13,00","0,00","0,00",BIOGURME / FLENE %20 YAĞLI KREMA 1LT,96.0,50,1
ST00110,ETİ TOPKEK ÇEŞİTLERİ,ATIŞTIRMALIK,Adet,"12,00","0,00","0,00",ÇERİ DOMATES,100.0,43,1
ST00111,ETİ CANGA,ATIŞTIRMALIK,Adet,"25,00","0,00","0,00",BAHÇIVAN MOZERELLA PEYNIR,379.0,41,1
ST00112,ETİ CRAX,ATIŞTIRMALIK,ADET,"6,00","0,00","0,00",BİBER TATLI,160.0,42,1
ST00113,ETİ BROWNİ ,ATIŞTIRMALIK,Adet,"15,00","15,00","15,00",BİBER TATLI,160.0,47,1
ST00114,ETİ BROWNİ İNTENSE,ATIŞTIRMALIK,ADET,"25,00","0,00","0,00",YEŞİL BİBER,120.0,41,1
ST00143,AYRAN,AYAK ÜSTÜ KONAK İÇECEK,ADET,"30,00","30,00","45,00",AYRAN 300 ML. EDT,13.1,100,0
ST00145,SODA ELMA,AYAK ÜSTÜ KONAK İÇECEK,Adet,"35,00","25,00","35,00",ELMA,120.0,100,0
ST00146,SODA LİMON,AYAK ÜSTÜ KONAK İÇECEK,Adet,"35,00","30,00","35,00",LİMON,120.0,100,0
ST00035,HOTDOG,AYAKÜSTÜ KONAK MENÜ,Adet,"120,00","0,00","140,00",LOLOROSSO,90.0,26,1
ST00036,PATAT,AYAKÜSTÜ KONAK MENÜ,Adet,"0,00","0,00","100,00",PATATES,35.0,83,1
ST00037,ÇITIR TAVUKLU PATAT,AYAKÜSTÜ KONAK MENÜ,Adet,"0,00","0,00","140,00",BİBER TATLI,160.0,46,1
ST00038,PATSO,AYAKÜSTÜ KONAK MENÜ,Adet,"0,00","0,00","100,00",PATATES,35.0,66,1
ST00159,SOSİSLİ PATAT,AYAKÜSTÜ KONAK MENÜ,ADET,"0,00","0,00","140,00",PATATES,35.0,60,1
ST00160,KALEM BÖREĞİ SEPETİ,AYAKÜSTÜ KONAK MENÜ,ADET,"120,00","0,00","120,00",BERRAK KÖZLENMİŞ PATLICAN  3 KG,309.0,48,1
ST00161,İLAVE ÜRÜN KALEM BÖREĞİ,AYAKÜSTÜ KONAK MENÜ,ADET,"25,00","0,00","25,00",BIOGURME / FLENE %20 YAĞLI KREMA 1LT,96.0,42,1
ST00162,İLAVE ÜRÜN ÇITIR TAVUK,AYAKÜSTÜ KONAK MENÜ,ADET,"30,00","0,00","30,00",GREEN BLUE CAJUN BAHARATI 1000GR,207.5,40,1
ST00163,İLAVE ÜRÜN PATATES,AYAKÜSTÜ KONAK MENÜ,ADET,"30,00","0,00","30,00",PATATES,35.0,100,0
ST00164,İLAVE ÜRÜN BÜTÜN SOSİS,AYAKÜSTÜ KONAK MENÜ,ADET,"0,00","0,00","30,00",DAMLA SU OWB 330ML YENI SIS DYS,132.47,45,1
ST00416,BARDAK COOKİE*,AYAKÜSTÜ KONAK MENÜ,ADET,"35,00","0,00","0,00",7 OZ BARDAK,0.55,70,1
ST00417,HİNDİ FÜME SANDVİÇ,ÇINARLI MENÜ,ADET,"0,00","0,00","0,00",SANDVİÇ EKMEĞİ Büfe Tip 6*65 GR,54.46,56,1
ST00418,BEYAZ PEYNİRLİ SOĞUK SANDVİÇ,ÇINARLI MENÜ,ADET,"0,00","0,00","0,00",SANDVİÇ EKMEĞİ Büfe Tip 6*65 GR,54.46,50,1
ST00400,KIYMALI BÖREK,ÇINARLI MENÜ,ADET,"0,00","0,00","0,00",KALIN BULGUR,29.8,56,1
ST00384,PÜRELİ ROSTO KÖFTE,ÇINARLI MENÜ,ADET,"0,00","0,00","0,00",ROLL EKMEĞİ Kepekli 40 GR,4.95,46,1
ST00402,PEYNİRLİ BÖREK,ÇINARLI MENÜ,ADET,"0,00","0,00","0,00",BAHÇIVAN MOZERELLA PEYNIR,379.0,56,1
ST00253,KAHVALTI 1,ÇINARLI MENÜ,ADET,"0,00","300,00","0,00",TUVALET KAĞIDI 72 Lİ,524.0,46,1
ST00254,ETLİ TAZE FASULYE YEMEĞİ,ÇINARLI MENÜ,ADET,"0,00","0,00","0,00",TRAKYAĞ A.YAĞI 18LT,1630.0,46,1
ST00255,GARNİTÜRLÜ PİRİNÇ PİLAVI,ÇINARLI MENÜ,ADET,"0,00","0,00","0,00",KARIŞTIRICI,56.0,45,1
ST00256,GARNİTÜR,ÇINARLI MENÜ,KİLOGRAM,"0,00","0,00","0,00",MANTAR,170.0,57,1
ST00257,SAKIZLI MUHALLEBİ,ÇINARLI MENÜ,ADET,"0,00","0,00","0,00",KIL BİBER ACI,230.0,46,1
ST00282,ELMALI KURABİYE,ÇINARLI MENÜ,ADET,"30,00","30,00","30,00",MIKROFIBER BEZ,26.0,48,1
ST00285,KAHVALTI 2,ÇINARLI MENÜ,ADET,"200,00","200,00","200,00",TUVALET KAĞIDI 72 Lİ,524.0,53,1
ST00310,ETLİ KURU FASÜLYE,ÇINARLI MENÜ,ADET,"0,00","0,00","0,00","FAN POR. P2,5L 1X6 LYT'25 UTC",384.0,40,1
ST00311,PİRİNÇ PİLAVI,ÇINARLI MENÜ,ADET,"0,00","0,00","0,00",KARIŞTIRICI,56.0,50,1
ST00312,KALPLİ BEYAZ KURABİYE,ÇINARLI MENÜ,ADET,"0,00","0,00","0,00",MIKROFIBER BEZ,26.0,51,1
ST00313,KALPLİ ÇİKOLATALI KURABİYE,ÇINARLI MENÜ,ADET,"0,00","0,00","0,00",TUVALET KAĞIDI 72 Lİ,524.0,43,1
ST00314,CEVİZLİ ÜZÜMLÜ KURABİYE,ÇINARLI MENÜ,ADET,"0,00","0,00","0,00",KIL BİBER ACI,230.0,44,1
ST00315,FINDIKLI YUVARLAK KURABİYE,ÇINARLI MENÜ,ADET,"0,00","0,00","0,00",BSZ TOP. FINDIKLI  24X35,9.5,53,1
ST00316,PEYNİRLİ POĞAÇA,ÇINARLI MENÜ,ADET,"0,00","0,00","0,00",ÇERİ DOMATES,100.0,44,1
ST00317,TUZLU KURABİYE,ÇINARLI MENÜ,ADET,"0,00","0,00","0,00",BİBER TATLI,160.0,48,1
ST00318,KANEPE SOSU,ÇINARLI MENÜ,ADET,"0,00","0,00","0,00",DOMATES BEEF,80.0,43,1
ST00319,KÖZ BİBERLİ SOS,ÇINARLI MENÜ,ADET,"0,00","0,00","0,00",BİBER TATLI,160.0,53,1
ST00320,HAYDARİ,ÇINARLI MENÜ,ADET,"0,00","0,00","0,00",MANTAR,170.0,46,1
ST00321,SOSLU SOSİS,ÇINARLI MENÜ,ADET,"0,00","0,00","0,00",LOLOROSSO,90.0,40,1
ST00322,FINDIK (ÇEREZ),ÇINARLI MENÜ,KİLOGRAM,"0,00","0,00","0,00",BSZ TOP. FINDIKLI  24X35,9.5,47,1
ST00323,BADEM (ÇEREZ),ÇINARLI MENÜ,KİLOGRAM,"0,00","0,00","0,00",MİCROFİBER BEZ,38.4,48,1
ST00324,FISTIK (ÇEREZ),ÇINARLI MENÜ,KİLOGRAM,"0,00","0,00","0,00",BİBER TATLI,160.0,43,1
ST00325,KAJU (ÇEREZ),ÇINARLI MENÜ,KİLOGRAM,"0,00","0,00","0,00",KAPYA BİBER,130.0,47,1
ST00326,ANTEP FISTIĞI (ÇEREZ),ÇINARLI MENÜ,KİLOGRAM,"0,00","0,00","0,00",KARIŞTIRICI,56.0,46,1
ST00327,DORİTOS TACO MEGA,ÇINARLI MENÜ,ADET,"0,00","0,00","0,00",ÇERİ DOMATES,100.0,41,1
ST00328,LAYS KLASİK MEGA,ÇINARLI MENÜ,ADET,"0,00","0,00","0,00","SF PATATES KLASİK (9x9) 2,5 KG X 5",95.3,54,1
ST00238,FRAMBUAZLI PUDİNG,ÇINARLI MENÜ,ADET,"0,00","80,00","0,00",PINAR MAYONEZ 700 GR,66.0,43,1
ST00239,HAVUÇ TARÇIN CUPCAKE,ÇINARLI MENÜ,ADET,"0,00","60,00","0,00",HAVUÇ,50.0,100,0
ST00240,SADE NESCAFE,ÇINARLI MENÜ,ADET,"0,00","70,00","0,00",NESCAFE CLASSIC Tin SR 6x1kg,1368.96,73,1
ST00241,ESPRESSO ,ÇINARLI MENÜ,ADET,"0,00","90,00","0,00",LOLOROSSO,90.0,47,1
ST00242,LATTE,ÇINARLI MENÜ,ADET,"0,00","80,00","0,00",PATATES,35.0,66,1
ST00243,CAPPUCCİNO,ÇINARLI MENÜ,ADET,"0,00","70,00","0,00",HAVUÇ,50.0,40,1
ST00244,SICAK ÇİKOLATA,ÇINARLI MENÜ,ADET,"0,00","80,00","0,00",DERECIK SIRKE 2 LT *9AD,41.0,48,1
ST00245,ÇİKOLATALI PUDİNG,ÇINARLI MENÜ,ADET,"0,00","80,00","0,00",LİMON LAMAS,110.0,42,1
ST00246,KAKAOLU CUPCAKE,ÇINARLI MENÜ,ADET,"0,00","60,00","0,00",KAPYA BİBER,130.0,38,1
ST00259,FIRINDA TAVUK BUT,ÇINARLI MENÜ,ADET,"0,00","0,00","0,00",BİBER TATLI,160.0,42,1
ST00338,KOKTEYL KURU PASTA,ÇINARLI MENÜ,KİLOGRAM,"0,00","0,00","0,00",PUDRA ŞEKERİ DÖKME 5 KG,63.0,43,1
ST00339,YAPRAK SARMA,ÇINARLI MENÜ,KİLOGRAM,"0,00","0,00","0,00",NAR TEKLI SARMA ŞEKER 4 KG,259.0,58,1
ST00340,MENÜ 2 ALKOLSÜZ (100 KİŞİ),ÇINARLI MENÜ,ADET,"0,00","0,00","0,00",KARTON KUMPİR 100'LÜ,4.29,50,1
ST00341,MENÜ 3 ALKOLSÜZ ,ÇINARLI MENÜ,ADET,"0,00","0,00","0,00",DAMLA SU OWB 330ML YENI SIS DYS,132.47,43,1
ST00333,RUS SALATASI,ÇINARLI MENÜ,ADET,"0,00","0,00","0,00",SIVI SABUN 5 LT,189.8,44,1
ST00334,MENÜ 1 ALKOLSÜZ (100 KİŞİ),ÇINARLI MENÜ,ADET,"0,00","0,00","0,00",KARTON KUMPİR 100'LÜ,4.29,50,1
ST00346,MENÜ 1 ALKOLLÜ,ÇINARLI MENÜ,ADET,"0,00","0,00","0,00",DONUK ARPACIK SOĞAN 15KG,209.0,42,1
ST00347,MENÜ 1 ŞARAPLI,ÇINARLI MENÜ,ADET,"0,00","0,00","0,00",NAR TEKLI SARMA ŞEKER 4 KG,259.0,45,1
ST00348,ÇİĞ KÖFTE,ÇINARLI MENÜ,ADET,"0,00","0,00","0,00",ÇERİ DOMATES,100.0,57,1
ST00350,MENÜ 2 ALKOLLÜ,ÇINARLI MENÜ,ADET,"0,00","0,00","0,00",OVA UN 25 KG.,719.0,46,1
ST00354,MENÜ 3 ALKOLLÜ,ÇINARLI MENÜ,ADET,"0,00","0,00","0,00",ARSLANOĞLU PEYNIR TATLISI,575.0,41,1
ST00355,MENÜ 2 ŞARAPLI,ÇINARLI MENÜ,ADET,"0,00","0,00","0,00",NAR TEKLI SARMA ŞEKER 4 KG,259.0,45,1
ST00356,MENÜ 3 ŞARAPLI,ÇINARLI MENÜ,ADET,"0,00","0,00","0,00",NAR TEKLI SARMA ŞEKER 4 KG,259.0,45,1
ST00357,CAFFEE BREAK,ÇINARLI MENÜ,ADET,"0,00","0,00","0,00",MİCROFİBER BEZ,38.4,46,1
ST00358,TABAK KAHVALTI MENÜ 1,ÇINARLI MENÜ,ADET,"0,00","0,00","0,00",DONUK ARPACIK SOĞAN 15KG,209.0,44,1
ST00369,ISPANAK GRATEN,ÇINARLI MENÜ,ADET,"0,00","0,00","0,00",FINEFOOD ISPANAK 10 KG,67.5,66,1
ST00370,EZOGELİN ÇORBASI,ÇINARLI MENÜ,ADET,"0,00","0,00","0,00",LİMON LAMAS,110.0,44,1
ST00371,EKŞİLİ MİSKET KÖFTE,ÇINARLI MENÜ,ADET,"0,00","0,00","0,00",ÇERİ DOMATES,100.0,45,1
ST00372,MEYHANE PİLAVI,ÇINARLI MENÜ,ADET,"0,00","0,00","0,00",PINAR MAYONEZ 700 GR,66.0,47,1
ST00373,DOMATESLİ MAKARNA,ÇINARLI MENÜ,ADET,"0,00","0,00","0,00",FILIZ FIYONK 5 KG MAKARNA,48.0,58,1
ST00374,MERCİMEK ÇORBASI,ÇINARLI MENÜ,ADET,"0,00","0,00","0,00",GÖZE KIRMIZI MERCIMEK YERLI,96.0,66,1
ST00375,GÜNÜN MENÜSÜ SALATASI,ÇINARLI MENÜ,ADET,"0,00","0,00","0,00",ARSLANOĞLU PEYNIR TATLISI,575.0,43,1
ST00376,ETLİ KEREVİZ,ÇINARLI MENÜ,ADET,"0,00","0,00","0,00",YEŞİL BİBER,120.0,43,1
3500376,KAVURMA MAKARNA,ÇINARLI MENÜ,ADET,"0,00","0,00","0,00",FILIZ FIYONK 5 KG MAKARNA,48.0,63,1
ST00377,IZGARA KÖFTE GÜN. MEN.,ÇINARLI MENÜ,ADET,"0,00","0,00","0,00",NAR TEKLI SARMA ŞEKER 4 KG,259.0,47,1
ST0378,BULGUR PİLAVI,ÇINARLI MENÜ,ADET,"0,00","0,00","0,00",KALIN BULGUR,29.8,72,1
ST00379,ETLİ NOHUT,ÇINARLI MENÜ,ADET,"0,00","0,00","0,00",İRİ NOHUT MEKSIKA 10 MM,94.0,66,1
ST00380,ETLİ BEZELYE,ÇINARLI MENÜ,ADET,"0,00","0,00","0,00",BİBER TATLI,160.0,52,1
ST00381,TRİLİÇE,ÇINARLI MENÜ,ADET,"120,00","0,00","0,00",PRİL,213.0,54,1
ST00382,HAŞHAŞLI REVANİ,ÇINARLI MENÜ,ADET,"0,00","0,00","0,00",LİMON LAMAS,110.0,46,1
ST00361,TABAK KAHVALTI MENÜ 2,ÇINARLI MENÜ,ADET,"0,00","0,00","0,00",TUVALET KAĞIDI 72 Lİ,524.0,43,1
ST00362,TABAK KAHVALTI MENÜ 3,ÇINARLI MENÜ,ADET,"0,00","0,00","0,00",DONUK ARPACIK SOĞAN 15KG,209.0,40,1
ST00364,PORTAKALLI KURABİYE,ÇINARLI MENÜ,ADET,"0,00","0,00","0,00",BİBER TATLI,160.0,53,1
ST00388,YAYLA ÇORBASI,ÇINARLI MENÜ,ADET,"0,00","0,00","0,00",KAPYA BİBER,130.0,50,1
ST00390,FIRINDA BAGET ,ÇINARLI MENÜ,ADET,"0,00","0,00","0,00",MIKROFIBER BEZ,26.0,44,1
ST00391,ERİŞTE MAKARNA,ÇINARLI MENÜ,ADET,"0,00","0,00","0,00",FILIZ FIYONK 5 KG MAKARNA,48.0,66,1
ST00392,İZMİR KÖFTE,ÇINARLI MENÜ,ADET,"0,00","0,00","0,00",MIKROFIBER BEZ,26.0,56,1
ST00393,MİNİ COOKİE İKRAM,ÇINARLI MENÜ,KİLOGRAM-ADET,"0,00","0,00","0,00",KIL BİBER ACI,230.0,46,1
ST00394,TAVUK SALATA,ÇINARLI MENÜ,ADET,"0,00","0,00","0,00",TRAKYAĞ A.YAĞI 18LT,1630.0,45,1
ST00395,LAVASH LAVAŞ EKMEĞİ,ÇINARLI MENÜ,ADET,"0,00","155,00","0,00",SANDVİÇ EKMEĞİ Büfe Tip 6*65 GR,54.46,48,1
ST00229,DOMATES ÇORBASI,ÇINARLI MENÜ,ADET,"0,00","0,00","0,00",ÇERİ DOMATES,100.0,81,1
ST00224,ETLİ TÜRLÜ,ÇINARLI MENÜ,ADET,"0,00","0,00","0,00",KARTON KUMPİR 100'LÜ,4.29,40,1
ST00225,ARPA ŞEHRİYE PİLAVI,ÇINARLI MENÜ,ADET,"0,00","0,00","0,00",ARSLANOĞLU PEYNIR TATLISI,575.0,45,1
ST00226,CACIK,ÇINARLI MENÜ,ADET,"0,00","0,00","0,00",KIL BİBER ACI,230.0,44,1
ST00039,GÜNÜN ÇORBASI,ÇINARLI MENÜ,Adet,"0,00","100,00","0,00",OVA UN 25 KG.,719.0,40,1
ST00040,PATATES KIZARTMASI,ÇINARLI MENÜ,Adet,"0,00","100,00","0,00",PATATES,35.0,100,0
ST00041,MEVSİM SALATA,ÇINARLI MENÜ,Adet,"0,00","130,00","0,00",MANTAR,170.0,42,1
ST00042,TAVUK IZGARA SALATA,ÇINARLI MENÜ,Adet,"0,00","230,00","0,00",NAR TEKLI SARMA ŞEKER 4 KG,259.0,44,1
ST00043,HAMBURGER,ÇINARLI MENÜ,Adet,"0,00","200,00","0,00",AYSBERK,90.0,50,1
ST00044,KREMALI MANTARLI PENNE,ÇINARLI MENÜ,Adet,"0,00","200,00","0,00",HARUN DILIM KAŞAR  PEYNİRİ,329.0,46,1
ST00045,PENNE NAPOLİTAN,ÇINARLI MENÜ,Adet,"0,00","150,00","0,00",N73(BÜYÜK) PENNE BARILLA 2 KG,144.0,50,1
ST00046,TAVUKLU MANTARLI PENNE,ÇINARLI MENÜ,ADET,"0,00","240,00","0,00",N73(BÜYÜK) PENNE BARILLA 2 KG,144.0,48,1
ST00047,TAVUK IZGARA,ÇINARLI MENÜ,ADET,"0,00","270,00","0,00",BİBER TATLI,160.0,43,1
ST00048,KÖRİ SOSLU TAVUK ,ÇINARLI MENÜ,Adet,"0,00","270,00","0,00",SIVI SABUN APARATI,139.0,41,1
ST00049,KÖFTE DÜRÜM,ÇINARLI MENÜ,Adet,"0,00","290,00","0,00",ÇERİ DOMATES,100.0,43,1
ST00050,MANTAR SOSLU TAVUK,ÇINARLI MENÜ,Adet,"0,00","270,00","0,00",MANTAR,170.0,100,0
ST00051,KARIŞIK PİZZA,ÇINARLI MENÜ,Adet,"0,00","280,00","0,00",KARIŞTIRICI,56.0,58,1
ST00052,PİZZA MARGARİTA,ÇINARLI MENÜ,Adet,"0,00","220,00","0,00",PIŞIRME KAĞIDI--YAĞLI KAĞIT,198.0,43,1
ST00053,IZGARA KÖFTE,ÇINARLI MENÜ,Adet,"0,00","290,00","0,00",MIKROFIBER BEZ,26.0,46,1
ST00054,TON BALIKLI SALATA,ÇINARLI MENÜ,Adet,"0,00","180,00","0,00",TUVALET KAĞIDI 72 Lİ,524.0,42,1
ST00055,GÜNÜN MENÜSÜ ,ÇINARLI MENÜ,Adet,"0,00","260,00","0,00",19 LT DAMACAN SU,118.81,35,1
ST00056,PİZZA MENÜ,ÇINARLI MENÜ,ADET,"0,00","310,00","0,00",PINAR MAYONEZ 700 GR,66.0,40,1
ST00058,PERSONEL HAFTALIK YEMEK,ÇINARLI MENÜ,Adet,"0,00","750,00","0,00",KIL BİBER ACI,230.0,38,1
ST00059,TEK YEMEK,ÇINARLI MENÜ,Adet,"0,00","180,00","0,00",Kıyma,740.0,42,1
ST00060,TEK YAN ÜRÜN,ÇINARLI MENÜ,Adet,"0,00","80,00","0,00",KAPYA BİBER,130.0,43,1
ST00061,ÇAY,ÇINARLI MENÜ,ADET,"15,00","15,00","0,00",AYSBERK,90.0,40,1
ST00062,NESCAFE ÇEŞİTLERİ,ÇINARLI MENÜ,ADET,"40,00","70,00","40,00",NESCAFE CLASSIC Tin SR 6x1kg,1368.96,58,1
ST00063,SU,ÇINARLI MENÜ,ADET,"15,00","15,00","15,00",19 LT DAMACAN SU,118.81,100,0
ST00064,KUTU İÇECEK,ÇINARLI MENÜ,ADET,"60,00","70,00","75,00",CCZ SUGAR KUTU 330ML PXE DYS,643.63,53,1
ST00065,AYRAN,ÇINARLI MENÜ,ADET,"30,00","30,00","45,00",AYRAN 300 ML. EDT,13.1,100,0
ST00066,DUBLE TÜRK KAHVESİ,ÇINARLI MENÜ,ADET,"60,00","120,00","0,00",HISAR TÜRK KAH. FOLYO 18X500G,280.88,43,1
ST00067,SODA ÇEŞİTLERİ,ÇINARLI MENÜ,Adet,"0,00","30,00","0,00",ÇERİ DOMATES,100.0,53,1
ST00068,TÜRK KAHVESİ,ÇINARLI MENÜ,Adet,"30,00","60,00","20,00",HISAR TÜRK KAH. FOLYO 18X500G,280.88,50,1
ST00069,GAZOZ,ÇINARLI MENÜ,Adet,"0,00","60,00","0,00",7 OZ BARDAK,0.55,37,1
ST00070,DUBLE ÇAY,ÇINARLI MENÜ,Adet,"0,00","30,00","0,00",AYSBERK,90.0,50,1
ST00071,KARIŞIK TOST,ÇINARLI MENÜ,Adet,"0,00","130,00","0,00",KARIŞTIRICI,56.0,52,1
ST00072,PEYNİRLİ TOST,ÇINARLI MENÜ,Adet,"0,00","90,00","0,00","TOST PEYNİRİ DİLİMLİ 1,5 KG (K6)",439.09,55,1
ST00073,KAHVALTI,ÇINARLI MENÜ,Adet,"80,00","350,00","0,00",MAHLEP,990.0,42,1
ST00074,SUCUKLU KAŞARLI TOST,ÇINARLI MENÜ,Adet,"0,00","120,00","0,00",SIVI SABUN APARATI,139.0,47,1
ST00075,TABAK KURU PASTA,ÇINARLI MENÜ,Adet,"0,00","70,00","0,00",PATATES,35.0,43,1
ST00076,GÜNÜN TATLISI,ÇINARLI MENÜ,Adet,"0,00","100,00","0,00",ARSLANOĞLU PEYNIR TATLISI,575.0,70,1
ST00077,KURU PASTA 1 KG,ÇINARLI MENÜ,Adet,"0,00","350,00","0,00",TOZ ŞEKER 50  KG,1975.0,38,1
ST00078,YOĞURT,ÇINARLI MENÜ,Adet,"0,00","40,00","0,00",KALIN BULGUR,29.8,33,1
ST00079,PERSONEL KURU PASTA KG,ÇINARLI MENÜ,Adet,"0,00","250,00","0,00",NAR TEKLI SARMA ŞEKER 4 KG,259.0,50,1
ST00080,"KURU PASTA 0,5 KG",ÇINARLI MENÜ,Adet,"0,00","150,00","0,00",TOZ ŞEKER 50  KG,1975.0,41,1
ST00081,TOP KEK,ÇINARLI MENÜ,Adet,"0,00","20,00","0,00",BSZ TOP. FINDIKLI  24X35,9.5,60,1
ST00082,CORNETTO ÇİLEK,ÇINARLI MENÜ,Adet,"40,00","40,00","0,00",BİBER TATLI,160.0,40,1
ST00083,CORNETTO ÇİKOLATA,ÇINARLI MENÜ,Adet,"40,00","40,00","0,00",LİMON LAMAS,110.0,42,1
ST00084,CORNETTO KAYMAK,ÇINARLI MENÜ,Adet,"40,00","40,00","0,00",KAPYA BİBER,130.0,46,1
ST00085,DİSK VANİLYA KARAMEL,ÇINARLI MENÜ,ADET,"55,00","55,00","0,00",PIŞIRME KAĞIDI--YAĞLI KAĞIT,198.0,47,1
ST00086,DİSK ANTEP FISTIK ÇİKOLATA,ÇINARLI MENÜ,Adet,"55,00","55,00","0,00",CAPPY VISNELI TET-200 LEAF VIS,220.91,46,1
ST00087,DİSC OREO,ÇINARLI MENÜ,Adet,"55,00","55,00","0,00",ÇERİ DOMATES,100.0,38,1
ST00088,CORNETTO DİSC MİLKA,ÇINARLI MENÜ,ADET,"55,00","55,00","0,00",CAPPY VISNELI TET-200 LEAF VIS,220.91,40,1
ST00089,CORNETTO MARAŞ ÜSÜLÜ,ÇINARLI MENÜ,Adet,"50,00","50,00","0,00",KARTON KUMPİR 100'LÜ,4.29,45,1
ST00090,CLASSİC KAKAO,ÇINARLI MENÜ,Adet,"20,00","20,00","0,00",NESCAFE CLASSIC Tin SR 6x1kg,1368.96,70,1
ST00091,CLASSSİC VANİLYA,ÇINARLI MENÜ,Adet,"20,00","20,00","0,00",VİLEDA PASPAS UCU HAVLU MOP,27.5,46,1
ST00092,BOOM BOOM,ÇINARLI MENÜ,Adet,"35,00","35,00","0,00",DOMATES BEEF,80.0,37,1
ST00093,MARAŞ CUP,ÇINARLI MENÜ,Adet,"30,00","30,00","0,00",PATATES,35.0,50,1
ST00094,NOGGER,ÇINARLI MENÜ,Adet,"50,00","50,00","0,00",ASPER,80.0,36,1
ST00095,FRİGOLA,ÇINARLI MENÜ,Adet,"30,00","30,00","0,00",PRİL,213.0,54,1
ST00096,MAGNUM BEYAZ,ÇINARLI MENÜ,Adet,"65,00","65,00","0,00",DOMATES BEEF,80.0,41,1
ST00097,MAGNUM BADEM,ÇINARLI MENÜ,Adet,"65,00","65,00","0,00",LİMON LAMAS,110.0,43,1
ST00098,MAGNUM CLASSİC,ÇINARLI MENÜ,Adet,"65,00","65,00","0,00",NESCAFE CLASSIC Tin SR 6x1kg,1368.96,66,1
ST00099,MAGNUM DBL CHILL,ÇINARLI MENÜ,Adet,"65,00","65,00","0,00",ÇERİ DOMATES,100.0,42,1
ST00100,MAGNUM DBL EUPHORİA,ÇINARLI MENÜ,Adet,"65,00","65,00","0,00",KALIN BULGUR,29.8,45,1
ST00101,MAGNUM DBL KARADUT,ÇINARLI MENÜ,ADET,"65,00","65,00","0,00",AYRAN 300 ML. EDT,13.1,47,1
ST00102,MAGNUM DBL CHOCOLATE,ÇINARLI MENÜ,Adet,"65,00","65,00","0,00",COCA-COLA KUTU330ML 1X24 SAC25,635.14,40,1
ST00103,MAGNUM COOCKİE,ÇINARLI MENÜ,Adet,"65,00","65,00","0,00",Kıyma,740.0,42,1
ST00104,MAX TWİSTER FOREST,ÇINARLI MENÜ,Adet,"15,00","15,00","0,00",VENTURA FRESH M (Genel Temizlik Mad.)20 KG.,598.0,41,1
ST00105,MAX TWİSTER OCEAN,ÇINARLI MENÜ,Adet,"15,00","15,00","0,00",19 LT DAMACAN SU,118.81,48,1
ST00015,KALBURABASTI,ÇINARLI MENÜ,PORSİYON,"90,00","0,00","0,00",KARIŞTIRICI,56.0,52,1
ST00001,TOP DONDURMA,DONDURMA,Adet,"45,00","0,00","0,00",ÇERİ DOMATES,100.0,41,1
ST00222,CARTE DOR PANTHEON OREO 5.5 LT,DONDURMA,ADET,"0,00","0,00","0,00",DERECIK SIRKE 2 LT *9AD,41.0,28,1
ST00227,KURU NANE,Hammadde,KİLOGRAM,"0,00","0,00","0,00",KALIN BULGUR,29.8,47,1
ST00228,HAZIR DOMATES SOS,Hammadde,LİTRE,"0,00","0,00","0,00",ÇERİ DOMATES,100.0,73,1
ST00211,MAGİC SEASONİNG CAJUN BAHARATI 567 GR,Hammadde,ADET,"0,00","0,00","0,00",GREEN BLUE CAJUN BAHARATI 1000GR,207.5,45,1
ST00212,KÖRİ TOZU,Hammadde,KİLOGRAM,"0,00","0,00","0,00",TOZ ŞEKER 50  KG,1975.0,50,1
ST00206,PINAR SOSİS SERVİS 460 GR.,Hammadde,KİLOGRAM,"0,00","0,00","0,00",PINAR MAYONEZ 700 GR,66.0,42,1
ST00207,TAVUK JÜLYEN,Hammadde,KİLOGRAM,"0,00","0,00","0,00",KNORR BULYON 5 KG DANA,1840.0,41,1
ST00208,"FEAST TORPAT PATATES10*10 2,5 KG*6",Hammadde,KOLİ,"0,00","0,00","0,00","SF PATATES KLASİK (9x9) 2,5 KG X 5",95.3,50,1
ST00209,BARDACIK,Hammadde,KİLOGRAM,"0,00","0,00","0,00",7 OZ BARDAK,0.55,63,1
ST00202,SUPERFRESH 9*9 PATATES (KLASİK),Hammadde,KİLOGRAM,"0,00","0,00","0,00",PATATES,35.0,100,0
ST00166,ÇITIR TAVUK BONFİLE PARÇALARI,Hammadde,KİLOGRAM,"0,00","0,00","0,00",BİBER TATLI,160.0,40,1
ST00197,FO ŞURUP NARLI 700 ML,Hammadde,ADET,"0,00","0,00","0,00",SUCUK BÜFE 900 GR.,699.1,37,1
ST00198,DAMACANA SU 1 LT,Hammadde,LİTRE,"0,00","0,00","0,00",19 LT DAMACAN SU,118.81,78,1
st0000468,DONUK TAZE FASÜLYE,Hammadde,KİLOGRAM,"0,00","0,00","0,00",DONUK ARPACIK SOĞAN 15KG,209.0,43,1
st0000473,İNCE BULGUR,Hammadde,KİLOGRAM,"0,00","0,00","0,00",KALIN BULGUR,29.8,78,1
ST00157,TEST,Hammadde,ADET,"0,00","0,00","0,00",PATATES,35.0,54,1
ST00182,KÜP KESİM SALATALIK TURŞUSU,Hammadde,KİLOGRAM,"0,00","0,00","0,00",VENTURA FRESH M (Genel Temizlik Mad.)20 KG.,598.0,41,1
ST00183,SANDWİÇ SOSU,Hammadde,KİLOGRAM,"0,00","0,00","0,00",SIVI SABUN 5 LT,189.8,37,1
ST00184,LOR PEYNİRİ,Hammadde,KİLOGRAM,"0,00","0,00","0,00",HARUN DILIM KAŞAR  PEYNİRİ,329.0,77,1
ST00185,SALATA SOSU,Hammadde,KİLOGRAM,"0,00","0,00","0,00",LİMON LAMAS,110.0,45,1
ST00186, DANA SOSİS,Hammadde,KİLOGRAM,"0,00","0,00","0,00",KNORR BULYON 5 KG DANA,1840.0,57,1
st0000380,TAVUK PİRZOLA,Hammadde,KİLOGRAM,"0,00","0,00","0,00",BİBER TATLI,160.0,41,1
st0000381,TAVUK BONFİLE,Hammadde,KİLOGRAM,"0,00","0,00","0,00",BİBER TATLI,160.0,50,1
st0000382,YUMURTA 30 LU,Hammadde,ADET,"0,00","0,00","0,00",KARTON KUMPİR 100'LÜ,4.29,33,1
st0000383,TAVUK BAGET,Hammadde,KİLOGRAM,"0,00","0,00","0,00",BİBER TATLI,160.0,45,1
st0000384,BÜTÜN PİLİÇ,Hammadde,KİLOGRAM,"0,00","0,00","0,00",KALIN BULGUR,29.8,52,1
st0000385,TAVUK BUT,Hammadde,KİLOGRAM,"0,00","0,00","0,00",HAVUÇ,50.0,42,1
st0000429,ROLL EKMEĞİ SADE 40 GR,Hammadde,ADET,"0,00","0,00","0,00",ROLL EKMEĞİ Kepekli 40 GR,4.95,87,1
st0000430,ROLL EKMEĞİ KEPEKLİ 40 GR,Hammadde,ADET,"0,00","0,00","0,00",ROLL EKMEĞİ Kepekli 40 GR,4.95,100,0
st0000431,SANDVİÇ EKMEĞİ BÜFE TİP 6*65 GR,Hammadde,PAKET,"0,00","0,00","0,00",SANDVİÇ EKMEĞİ Büfe Tip 6*65 GR,54.46,100,0
st0000432,HAMBURGER EKMEĞİ BÜFE TİP 6*85 GR,Hammadde,PAKET,"0,00","0,00","0,00",SANDVİÇ EKMEĞİ Büfe Tip 6*65 GR,54.46,60,1
st0000433,TOST EKMEĞİ 1000 GR,Hammadde,ADET,"0,00","0,00","0,00",SANDVİÇ EKMEĞİ Büfe Tip 6*65 GR,54.46,49,1
st0000437,KAYMAKSIZ YOĞURT KOVA KG,Hammadde,KİLOGRAM,"0,00","0,00","0,00",KAYMAKSIZ YĞR YY KOVA 10 KG ED,387.09,82,1
st0000438,SÜTAŞ TOST PEYNİRİ DİLİMLİ KG ,Hammadde,ADET,"0,00","0,00","0,00","TOST PEYNİRİ DİLİMLİ 1,5 KG (K6)",439.09,88,1
st0000439,SÜT YARIM YAĞLI 1 LT,Hammadde,LİTRE,"0,00","0,00","0,00",SÜT YARIM YAĞLI 1 L,34.41,97,0
st0000440,KAYMAKSIZ YOĞURT 200 GR,Hammadde,KİLOGRAM,"0,00","0,00","0,00",KAYMAKSIZ YĞR YY KOVA 10 KG ED,387.09,49,1
st0000442,SÜZME YOĞURT,Hammadde,KİLOGRAM,"0,00","0,00","0,00",5000 GR SÜZME ÇİÇEK BALI KOVA HASKAYMAK,960.0,58,1
st0000443,BURGER PEYNİRİ 1000 G,Hammadde,KİLOGRAM,"0,00","0,00","0,00",PEROS ASPEROX 1000 GR,52.5,61,1
st0000446,BAMYA,Hammadde,KİLOGRAM,"0,00","0,00","0,00",KAPYA BİBER,130.0,50,1
st0000448,GEDİK PL. KOKT. SOSİS 1KG*8,Hammadde,KİLOGRAM,"0,00","0,00","0,00",DONUK ARPACIK SOĞAN 15KG,209.0,33,1
st0000450,KARPUZ,Hammadde,KİLOGRAM,"0,00","0,00","0,00",FT KARPUZ KUTU 330ML REMIX DYS,321.82,100,0
st0000451,SILVER 9*9 PATATES 12*5,Hammadde,KİLOGRAM,"0,00","0,00","0,00",PATATES,35.0,100,0
st0000452,GDK UZUN SOSİS 1000 GR,Hammadde,KİLOGRAM,"0,00","0,00","0,00",SUCUK BÜFE 900 GR.,699.1,51,1
st0000453,DOLMALIK BİBER,Hammadde,KİLOGRAM,"0,00","0,00","0,00",BİBER TATLI,160.0,72,1
st0000454,KÖFTE,Hammadde,KİLOGRAM,"0,00","0,00","0,00",MIKROFIBER BEZ,26.0,42,1
st0000455,ANANAS,Hammadde,ADET,"0,00","0,00","0,00",MANTAR,170.0,50,1
st0000188,MISIR UNU 1 KG,Hammadde,KİLOGRAM,"0,00","0,00","0,00",OVA UN 25 KG.,719.0,38,1
st0000189,NAR EKŞİLİ SOS,Hammadde,LİTRE,"0,00","0,00","0,00",ROLL EKMEĞİ Kepekli 40 GR,4.95,41,1
st0000190,SALATALIK TURŞUSU,Hammadde,KİLOGRAM,"0,00","0,00","0,00",SIVI SABUN APARATI,139.0,45,1
st0000191,TEKSEN SİYAH ZEYTİN EZMESİ 5 KG,Hammadde,KİLOGRAM,"0,00","0,00","0,00",MİNİ--CEM SİYAH ZEYTİN  PİKNİK VAKUM 20GR 96 LI,445.0,40,1
st0000192,TAM YAĞLI SÜT 1 LT,Hammadde,LİTRE,"0,00","0,00","0,00",SÜT YARIM YAĞLI 1 L,34.41,86,1
st0000210,KÜHNE TÜRK TİPİ 720 MLT SALATALIK,Hammadde,ADET,"0,00","0,00","0,00",VENTURA FRESH M (Genel Temizlik Mad.)20 KG.,598.0,34,1
st0000214,ACIBİBER SOSU,Hammadde,KİLOGRAM,"0,00","0,00","0,00",KIL BİBER ACI,230.0,69,1
st0000215,FO TOPING FRAMBUAZ,Hammadde,KİLOGRAM,"0,00","0,00","0,00",PINAR MAYONEZ 700 GR,66.0,47,1
st0000216,FO MEYVE PÜRESİ FROZEN AHUDUDU,Hammadde,KİLOGRAM,"0,00","0,00","0,00",S.BRİTE YEŞİL  SÜNGER 4-Lİ 3 M,196.0,40,1
st0000217,FO ŞURUP KOKTEYL,Hammadde,KİLOGRAM,"0,00","0,00","0,00",DOMATES BEEF,80.0,42,1
st0000218,OLIOVILLA SIZMA Z.YAĞI LT,Hammadde,LİTRE,"0,00","0,00","0,00",VERDE SIZMA Z.YAĞI 5KG,1544.0,70,1
st0000222,LİMON SUYU,Hammadde,LİTRE,"0,00","0,00","0,00",LİMON,120.0,100,0
st0000223,VERDE SIZMA Z.YAĞI 5 KG,Hammadde,LİTRE,"0,00","0,00","0,00",VERDE SIZMA Z.YAĞI 5KG,1544.0,97,0
st0000224,YOĞURT HOMOJEN 9 KG,Hammadde,KİLOGRAM,"0,00","0,00","0,00",PUDRA ŞEKERİ DÖKME 5 KG,63.0,32,1
st0000226,KRİSTAL Z.YAĞI RİVİERA 18 LT,Hammadde,LİTRE,"0,00","0,00","0,00",VERDE SIZMA Z.YAĞI 5KG,1544.0,41,1
st0000227,NO 2 TURŞU,Hammadde,KİLOGRAM,"0,00","0,00","0,00",19 LT DAMACAN SU,118.81,46,1
st0000208,ORET KOKTEYL SOSİS KG,Hammadde,KİLOGRAM,"0,00","0,00","0,00",PUDRA ŞEKERİ DÖKME 5 KG,63.0,50,1
st0000234,EZİNE BEYAZ PEYNİR KG VAKUM,Hammadde,KİLOGRAM,"0,00","0,00","0,00",BAHÇIVAN MOZERELLA PEYNIR,379.0,50,1
st0000280,NESTLE KAKAO 4X1KG,Hammadde,KİLOGRAM,"0,00","0,00","0,00",NESCAFE CLASSIC Tin SR 6x1kg,1368.96,47,1
st0000281,BURGER BÜFE 90 GR,Hammadde,KİLOGRAM,"0,00","0,00","0,00",SUCUK BÜFE 900 GR.,699.1,55,1
st0000282,UNICOMIX PURE 1150 GR LİMON,Hammadde,KİLOGRAM,"0,00","0,00","0,00",LİMON,120.0,100,0
st0000283,UNICOMIX PURE 1150 GR FRAMBUAZ,Hammadde,KİLOGRAM,"0,00","0,00","0,00",500 GR CAM KİRAZ ŞEKERLEME,248.0,35,1
st0000284,NESTLE PROFESSIONAL PRALIN 10KG,Hammadde,KİLOGRAM,"0,00","0,00","0,00",PEROS ASPEROX 1000 GR,52.5,31,1
st0000285,AYÇEKİRDEĞİ İÇİ,Hammadde,LİTRE,"0,00","0,00","0,00",KARIŞTIRICI,56.0,46,1
st0000286,EXTRA SÜTLÜ PARÇA ÇİKOLATA,Hammadde,KİLOGRAM,"0,00","0,00","0,00",NAR TEKLI SARMA ŞEKER 4 KG,259.0,42,1
st0000287,ESMER ŞEKER 1 KG,Hammadde,KİLOGRAM,"0,00","0,00","0,00",TOZ ŞEKER 50  KG,1975.0,54,1
st0000288,FINDIK FİLE 1 KG,Hammadde,KİLOGRAM,"0,00","0,00","0,00",FINEFOOD ISPANAK 10 KG,67.5,48,1
st0000289,"NESTLE BİTTER KUVERTÜR 2,5KG",Hammadde,KİLOGRAM,"0,00","0,00","0,00",S.BRİTE YEŞİL  SÜNGER 4-Lİ 3 M,196.0,49,1
st0000290,"NESTLE 1927 SÜTLÜ KUVERTÜR 2,5KG",Hammadde,KİLOGRAM,"0,00","0,00","0,00",SPR KUTU330ML 1X24 2022 DYS,643.63,29,1
st0000300,UNICOMİX PÜRE 1150 GR KARADUT,Hammadde,KİLOGRAM,"0,00","0,00","0,00",GREEN BLUE CAJUN BAHARATI 1000GR,207.5,49,1
st0000301,MANTAR,Hammadde,KİLOGRAM,"0,00","0,00","0,00",MANTAR,170.0,100,0
st0000302,MAYDONOZ,Hammadde,ADET,"0,00","0,00","0,00",LİMON,120.0,46,1
st0000303,HAVUÇ,Hammadde,KİLOGRAM,"0,00","0,00","0,00",HAVUÇ,50.0,100,0
st0000305,KEREVİZ,Hammadde,KİLOGRAM,"0,00","0,00","0,00",YEŞİL BİBER,120.0,44,1
st0000306,DOMATES,Hammadde,KİLOGRAM,"0,00","0,00","0,00",ÇERİ DOMATES,100.0,100,0
st0000307,FESLEĞEN,Hammadde,ADET,"0,00","0,00","0,00",ELMA,120.0,33,1
st0000308,YEŞİL BİBER,Hammadde,KİLOGRAM,"0,00","0,00","0,00",YEŞİL BİBER,120.0,100,0
st0000309,LİMON,Hammadde,KİLOGRAM,"0,00","0,00","0,00",LİMON LAMAS,110.0,100,0
st0000310,LOLOROSO ADET ,Hammadde,ADET,"0,00","0,00","0,00",LOLOROSSO,90.0,72,1
st0000311,ICEBERG,Hammadde,ADET,"0,00","0,00","0,00",MİCROFİBER BEZ,38.4,47,1
st0000312,PATLICAN,Hammadde,KİLOGRAM,"0,00","0,00","0,00",PATLICAN,100.0,100,0
st0000313,SALATALIK,Hammadde,KİLOGRAM,"0,00","0,00","0,00",LİMON LAMAS,110.0,50,1
st0000314,ÇERY DOMATES,Hammadde,KİLOGRAM,"0,00","0,00","0,00",ÇERİ DOMATES,100.0,91,0
st0000315,KIL ACI BİBER,Hammadde,KİLOGRAM,"0,00","0,00","0,00",KIL BİBER ACI,230.0,100,0
st0000317,MUZ İTHAL,Hammadde,KİLOGRAM,"0,00","0,00","0,00",HAVUÇ,50.0,42,1
st0000318,ARMUT,Hammadde,KİLOGRAM,"0,00","0,00","0,00",AYRAN 200 MLT,184.0,44,1
st0000319,YEŞİL ELMA,Hammadde,KİLOGRAM,"0,00","0,00","0,00",ELMA,120.0,100,0
st0000320,KARNABAHAR,Hammadde,KİLOGRAM,"0,00","0,00","0,00",MANTAR,170.0,50,1
st0000321,SOĞAN,Hammadde,KİLOGRAM,"0,00","0,00","0,00",DONUK ARPACIK SOĞAN 15KG,209.0,100,0
st0000322,TAZE FASULYE,Hammadde,KİLOGRAM,"0,00","0,00","0,00",PATATES,35.0,42,1
st0000323,KAPYA BİBER,Hammadde,KİLOGRAM,"0,00","0,00","0,00",KAPYA BİBER,130.0,100,0
st0000324,KİRAZ,Hammadde,KİLOGRAM,"0,00","0,00","0,00",500 GR CAM KİRAZ ŞEKERLEME,248.0,100,0
st0000325,PORTAKAL ,Hammadde,KİLOGRAM,"0,00","0,00","0,00",PRİL,213.0,50,1
st0000326,ELMA İTHAL,Hammadde,KİLOGRAM,"0,00","0,00","0,00",ELMA,120.0,100,0
st0000327,PATATES,Hammadde,KİLOGRAM,"0,00","0,00","0,00",PATATES,35.0,100,0
st0000328,MANDALİNA,Hammadde,KİLOGRAM,"0,00","0,00","0,00",MANTAR,170.0,53,1
st0000329,KABAK,Hammadde,KİLOGRAM,"0,00","0,00","0,00",AYSBERK,90.0,50,1
st0000330,ÇİLEK,Hammadde,KİLOGRAM,"0,00","0,00","0,00",KIL BİBER ACI,230.0,44,1
st0000331,ZENCEFİL,Hammadde,KİLOGRAM,"0,00","0,00","0,00",YEŞİL BİBER,120.0,42,1
st0000332,TOPAN PATLICAN,Hammadde,KİLOGRAM,"0,00","0,00","0,00",PATLICAN,100.0,100,0
st0000333,NAZO BİBER,Hammadde,KİLOGRAM,"0,00","0,00","0,00",KIL BİBER ACI,230.0,66,1
st0000334,SARIMSAK,Hammadde,KİLOGRAM,"0,00","0,00","0,00",Kıyma,740.0,46,1
st0000335,KİVİ,Hammadde,KİLOGRAM,"0,00","0,00","0,00",Kıyma,740.0,44,1
st0000336,AKDENİZ SALATASI,Hammadde,KİLOGRAM,"0,00","0,00","0,00",ARSLANOĞLU PEYNIR TATLISI,575.0,43,1
st0000337,KIRMIZI SOĞAN,Hammadde,KİLOGRAM,"0,00","0,00","0,00",GÖZE KIRMIZI MERCIMEK YERLI,96.0,70,1
st0000338,SALATALIK SİLOR,Hammadde,KİLOGRAM,"0,00","0,00","0,00",LİMON LAMAS,110.0,46,1
st0000339,ŞEFTALİ,Hammadde,KİLOGRAM,"0,00","0,00","0,00",BİBER TATLI,160.0,55,1
st0000272,NESTLE CAPUCCINOCREAMER 12X1KG,Hammadde,KİLOGRAM,"0,00","0,00","0,00",NESCAFE CLASSIC Tin SR 6x1kg,1368.96,51,1
st0000273,NESCAFE SÜTLÜ 12X1KG,Hammadde,KİLOGRAM,"0,00","0,00","0,00",NESCAFE CLASSIC Tin SR 6x1kg,1368.96,62,1
st0000274,NESTLE SICAK ÇİKOLATA 12X1KG,Hammadde,KİLOGRAM,"0,00","0,00","0,00",NESCAFE CLASSIC Tin SR 6x1kg,1368.96,57,1
st0000275,NESCAFE INTENSE,Hammadde,KİLOGRAM,"0,00","0,00","0,00",NESCAFE CLASSIC Tin SR 6x1kg,1368.96,63,1
st0000276,NESCAFE CAPPUCINO VANL. 12X1KG,Hammadde,KİLOGRAM,"0,00","0,00","0,00",NESCAFE CLASSIC Tin SR 6x1kg,1368.96,63,1
st0000001,CAJUN BAHARATI 1000 GR,Hammadde,KİLOGRAM,"0,00","0,00","0,00",GREEN BLUE CAJUN BAHARATI 1000GR,207.5,81,1
st0000002,KREMA,Hammadde,LİTRE,"0,00","0,00","0,00",BIOGURME / FLENE %20 YAĞLI KREMA 1LT,96.0,100,0
st0000008,HİSAR TÜRK KAHVE 500 GR,Hammadde,ADET,"0,00","0,00","0,00",HISAR TÜRK KAH. FOLYO 18X500G,280.88,74,1
st0000009,PEKMEZCİ SİGARA BÖREĞİ (KALEM),Hammadde,KİLOGRAM,"0,00","0,00","0,00",ROLL EKMEĞİ Kepekli 40 GR,4.95,45,1
st0000011,MAYONEZ KİLOLUK,Hammadde,KİLOGRAM,"0,00","0,00","0,00",PINAR MAYONEZ 700 GR,66.0,63,1
st0000012,KETÇAP KİLOLUK,Hammadde,KİLOGRAM,"0,00","0,00","0,00",KARTON KUMPİR 100'LÜ,4.29,41,1
st0000013,SALÇA,Hammadde,KİLOGRAM,"0,00","0,00","0,00",PATLICAN,100.0,61,1
st0000014,SAF TUZ 750 GR   ,Hammadde,KİLOGRAM,"0,00","0,00","0,00",TOZ ŞEKER 50  KG,1975.0,47,1
st0000015,KARABİBER 1000GR,Hammadde,KİLOGRAM,"0,00","0,00","0,00",GREEN BLUE CAJUN BAHARATI 1000GR,207.5,58,1
st0000016,POŞET SAF TUZ  MİNİ,Hammadde,ADET,"0,00","0,00","0,00",30CM 4 LÜ Sefer Tası PASL.,2600.0,41,1
st0000017,TRAKYAĞ SIVIYAĞ LT,Hammadde,LİTRE,"0,00","0,00","0,00",TRAKYAĞ A.YAĞI 18LT,1630.0,75,1
st0000018,POŞET KARABİBER MİNİ,Hammadde,ADET,"0,00","0,00","0,00",KIL BİBER ACI,230.0,48,1
st0000004,ÜLKER TEREMYAĞ KG ,Hammadde,KİLOGRAM,"0,00","0,00","0,00",VERDE SIZMA Z.YAĞI 5KG,1544.0,51,1
st0000005,FRİTA YAĞI 18 LT,Hammadde,LİTRE,"0,00","0,00","0,00",TRAKYAĞ A.YAĞI 18LT,1630.0,62,1
st0000054,TBT JUMBO DEMLİK 30 GR OFÇAY ( 30 ADET),Hammadde,KİLOGRAM,"0,00","0,00","0,00",TBT-JUMBO-DEMLIK 30 GR OF (30ADET),358.0,92,0
st0000056,GALETA UNU ,Hammadde,KİLOGRAM,"0,00","0,00","0,00",OVA UN 25 KG.,719.0,45,1
st0000057,TORTİLLA LAVAŞ 12 Lİ,Hammadde,ADET,"0,00","0,00","0,00",LİMON LAMAS,110.0,51,1
st0000058,PİRİNÇ,Hammadde,KİLOGRAM,"0,00","0,00","0,00",PRİL,213.0,60,1
st0000059,KIRMIZI MERCİMEK YERLİ,Hammadde,KİLOGRAM,"0,00","0,00","0,00",GÖZE KIRMIZI MERCIMEK YERLI,96.0,100,0
st0000060,KÖZLENMİŞ PATLICAN,Hammadde,KİLOGRAM,"0,00","0,00","0,00",PATLICAN,100.0,100,0
st0000061,CEVİZ İÇİ,Hammadde,KİLOGRAM,"0,00","0,00","0,00",MİCROFİBER BEZ,38.4,52,1
st0000062,PUDRA ŞEKERİ DÖKME,Hammadde,KİLOGRAM,"0,00","0,00","0,00",PUDRA ŞEKERİ DÖKME 5 KG,63.0,100,0
st0000063,DONUK ISPANAK,Hammadde,KİLOGRAM,"0,00","0,00","0,00",FINEFOOD ISPANAK 10 KG,67.5,70,1
st0000065,TEREYAĞI 1 KG,Hammadde,KİLOGRAM,"0,00","0,00","0,00",VERDE SIZMA Z.YAĞI 5KG,1544.0,42,1
st0000073,KAVUN,Hammadde,ADET,"0,00","0,00","0,00",HAVUÇ,50.0,60,1
st0000074,NANE,Hammadde,ADET,"0,00","0,00","0,00",ASPER,80.0,44,1
st0000078,TOZ ŞEKER 50 KG,Hammadde,KİLOGRAM,"0,00","0,00","0,00",TOZ ŞEKER 50  KG,1975.0,100,0
st0000079,DR OETKER VANILYA 1 KG,Hammadde,KİLOGRAM,"0,00","0,00","0,00",PUDRA ŞEKERİ DÖKME 5 KG,63.0,38,1
st0000080,PEYNİR TATLISI DÖKME KG GÜVENAL,Hammadde,KİLOGRAM,"0,00","0,00","0,00",ARSLANOĞLU PEYNIR TATLISI,575.0,71,1
st0000083,AYÇİÇEK YAĞI  LT,Hammadde,LİTRE,"0,00","0,00","0,00",TRAKYAĞ A.YAĞI 18LT,1630.0,47,1
st0000084,KURU FASÜLYE,Hammadde,KİLOGRAM,"0,00","0,00","0,00",ASPER,80.0,47,1
st0000085,İRİ NOHUT MEKSİKA 10 MM,Hammadde,KİLOGRAM,"0,00","0,00","0,00",İRİ NOHUT MEKSIKA 10 MM,94.0,100,0
st0000086,ÜZÜM NO 10 MM,Hammadde,KİLOGRAM,"0,00","0,00","0,00",İRİ NOHUT MEKSIKA 10 MM,94.0,55,1
st0000088,KAKAO 1 KG,Hammadde,KİLOGRAM,"0,00","0,00","0,00","TOST PEYNİRİ DİLİMLİ 1,5 KG (K6)",439.09,42,1
st0000089,FINDIK KIRIK 1 KG,Hammadde,KİLOGRAM,"0,00","0,00","0,00",FINEFOOD ISPANAK 10 KG,67.5,46,1
st0000091,FİYONK MAKARNA 5 KG,Hammadde,KİLOGRAM,"0,00","0,00","0,00",FILIZ FIYONK 5 KG MAKARNA,48.0,100,0
st0000092,TBT-JUMBO DEMLİK 30 GR OFÇAY,Hammadde,KİLOGRAM,"0,00","0,00","0,00",TBT-JUMBO-DEMLIK 30 GR OF (30ADET),358.0,88,1
st0000095,ÇAY KİLOLUK,Hammadde,KİLOGRAM,"0,00","0,00","0,00",CAPPY KRSIK SLEEK KUTU330ML VIS,321.82,42,1
st0000097,M.EFENDİ KAHVE 100GR*25 ADET,Hammadde,KOLİ,"0,00","0,00","0,00",NAR KESME ŞEKER 750GR*20AD,790.0,36,1
st0000098,DİLİMLİ KAŞAR PEYNİRİ,Hammadde,KİLOGRAM,"0,00","0,00","0,00","TOST PEYNİRİ DİLİMLİ 1,5 KG (K6)",439.09,83,1
st0000099,ÖNCÜ PUL BİBER 1 KG,Hammadde,KİLOGRAM,"0,00","0,00","0,00",BİBER TATLI,160.0,62,1
st0000100,M.EFENDI KAHVE 500GR TNK,Hammadde,ADET,"0,00","0,00","0,00",HISAR TÜRK KAH. FOLYO 18X500G,280.88,53,1
st0000102,KUŞBAŞI,Hammadde,KİLOGRAM,"0,00","0,00","0,00",KARIŞTIRICI,56.0,44,1
st0000103,KIYMA,Hammadde,KİLOGRAM,"0,00","0,00","0,00",Kıyma,740.0,100,0
st0000108,KİMYON,Hammadde,KİLOGRAM,"0,00","0,00","0,00",LİMON,120.0,72,1
st0000109,KEKİK 1000 GR,Hammadde,KİLOGRAM,"0,00","0,00","0,00",PEROS ASPEROX 1000 GR,52.5,70,1
st0000110,TOZ BİBER,Hammadde,KİLOGRAM,"0,00","0,00","0,00",KIL BİBER ACI,230.0,71,1
st0000111,PINAR MAYONEZ SERVİS 700 GR,Hammadde,KİLOGRAM,"0,00","0,00","0,00",PINAR MAYONEZ 700 GR,66.0,100,0
st0000116,S.FRESH FINEFOOD ISPANAK 10 KG,Hammadde,KİLOGRAM,"0,00","0,00","0,00",FINEFOOD ISPANAK 10 KG,67.5,100,0
st0000117,DONUK SARIMSAK SOYULMUŞ,Hammadde,KİLOGRAM,"0,00","0,00","0,00",DONUK ARPACIK SOĞAN 15KG,209.0,55,1
st0000122,SEĞMEN TAHAN 1.5 KG,Hammadde,KİLOGRAM,"0,00","0,00","0,00",TOZ ŞEKER 50  KG,1975.0,43,1
st0000123,PEKMEZ 1 KG,Hammadde,KİLOGRAM,"0,00","0,00","0,00",TOZ ŞEKER 50  KG,1975.0,46,1
st0000124,HİNDİSTAN CEVİZİ,Hammadde,KİLOGRAM,"0,00","0,00","0,00",ÇERİ DOMATES,100.0,42,1
st0000130,ALBA SADE 10KG,Hammadde,KİLOGRAM,"0,00","0,00","0,00",NESCAFE CLASSIC Tin SR 6x1kg,1368.96,32,1
st0000131,ÇÖREK OTU,Hammadde,KİLOGRAM,"0,00","0,00","0,00",ÇERİ DOMATES,100.0,47,1
st0000126,NAR TOZ ŞEKER 5 KG,Hammadde,KİLOGRAM,"0,00","0,00","0,00",TOZ ŞEKER 50  KG,1975.0,73,1
st0000138,TOST PEYNİRİ DİLİMLİ 2 KG ,Hammadde,KİLOGRAM,"0,00","0,00","0,00","TOST PEYNİRİ DİLİMLİ 1,5 KG (K6)",439.09,80,1
st0000140,HEINZ HARDAL MILD 445 GR,Hammadde,ADET,"0,00","0,00","0,00",HEINZ HARDAL MILD 445 GR,148.0,100,0
st0000142,KNORR PRATİK PATATES PÜRESİ,Hammadde,KİLOGRAM,"0,00","0,00","0,00",PATATES,35.0,100,0
st0000143,KABUK TARÇIN,Hammadde,KİLOGRAM,"0,00","0,00","0,00",KARIŞTIRICI,56.0,52,1
st0000144,YOĞURT 2 KG,Hammadde,ADET,"0,00","0,00","0,00",OVA UN 25 KG.,719.0,45,1
st0000145,TURYAĞ 18 LT (FRİTÖZ YAĞI),Hammadde,LİTRE,"0,00","0,00","0,00",TRAKYAĞ A.YAĞI 18LT,1630.0,69,1
st0000147,ÖNCÜ BİBER SALÇA,Hammadde,KİLOGRAM,"0,00","0,00","0,00",BİBER TATLI,160.0,62,1
st0000148,YAĞDA KURUTULMUŞ DOMATES 3 KG,Hammadde,KİLOGRAM,"0,00","0,00","0,00",ÇERİ DOMATES,100.0,73,1
st0000149,POLONEZ DANA DİLİMLİ TOST JAMBON,Hammadde,KİLOGRAM,"0,00","0,00","0,00","TOST PEYNİRİ DİLİMLİ 1,5 KG (K6)",439.09,57,1
st0000152,PINAR KETÇAP SERVİS 800 GR,Hammadde,KİLOGRAM,"0,00","0,00","0,00",PINAR MAYONEZ 700 GR,66.0,60,1
st0000156,TEL ŞEHRİYE DÖKME 5 KG,Hammadde,KİLOGRAM,"0,00","0,00","0,00",PUDRA ŞEKERİ DÖKME 5 KG,63.0,66,1
st0000157,DİLİM YEŞİL ZEYTİN ,Hammadde,KİLOGRAM,"0,00","0,00","0,00",YEŞİL BİBER,120.0,62,1
st0000158,ARPA ŞEHRİYE DÖKME KG,Hammadde,KİLOGRAM,"0,00","0,00","0,00",PUDRA ŞEKERİ DÖKME 5 KG,63.0,72,1
st0000159,KABARTMA TOZU 1 KG,Hammadde,KİLOGRAM,"0,00","0,00","0,00",7 OZ BARDAK,0.55,62,1
st0000160,FIRIN MAKARNA,Hammadde,KİLOGRAM,"0,00","0,00","0,00",FILIZ FIYONK 5 KG MAKARNA,48.0,70,1
st0000165,DÖKME MAKARNA,Hammadde,KİLOGRAM,"0,00","0,00","0,00",FILIZ FIYONK 5 KG MAKARNA,48.0,70,1
st0000166,DAMLA DROP BİTTER KİLOLUK,Hammadde,KİLOGRAM,"0,00","0,00","0,00",BİBER TATLI,160.0,44,1
st0000167,DONUK BEZELYE,Hammadde,KİLOGRAM,"0,00","0,00","0,00",DONUK ARPACIK SOĞAN 15KG,209.0,55,1
st0000172,DEREOTU,Hammadde,ADET,"0,00","0,00","0,00",ÇERİ DOMATES,100.0,42,1
st0000173,HARUN DİLİM KAŞAR,Hammadde,KİLOGRAM,"0,00","0,00","0,00",HARUN DILIM KAŞAR  PEYNİRİ,329.0,100,0
st0000177,LİMON SOSU,Hammadde,LİTRE,"0,00","0,00","0,00",LİMON,120.0,100,0
st0000178,SİRKE,Hammadde,LİTRE,"0,00","0,00","0,00",DERECIK SIRKE 2 LT *9AD,41.0,100,0
st0000179,TARÇIN,Hammadde,KİLOGRAM,"0,00","0,00","0,00",MANTAR,170.0,50,1
st0000162,UFAK BOY-BERRAK KAPARİ 320 ML,Hammadde,LİTRE,"0,00","0,00","0,00",BERRAK KÖZLENMİŞ PATLICAN  3 KG,309.0,35,1
st0000163,SEĞMEN KARADUT 5KG,Hammadde,KİLOGRAM,"0,00","0,00","0,00",DONUK ARPACIK SOĞAN 15KG,209.0,46,1
st0000183,KNORR BULYON 5 KG DANA,Hammadde,KİLOGRAM,"0,00","0,00","0,00",KNORR BULYON 5 KG DANA,1840.0,100,0
st0000184,KNORR BULYON 5 KG TAVUK,Hammadde,KİLOGRAM,"0,00","0,00","0,00",KNORR BULYON 5 KG DANA,1840.0,87,1
st0000185,AŞURELİK BUĞDAY,Hammadde,KİLOGRAM,"0,00","0,00","0,00",ARBELLA BURGU MAKARNA 5 KG,37.8,43,1
st0000194,ERİŞTE,Hammadde,KİLOGRAM,"0,00","0,00","0,00",ÇERİ DOMATES,100.0,55,1
st0000195,MYS YAVUZ PEYNİR TATLISI 1 KG,Hammadde,KİLOGRAM,"0,00","0,00","0,00",ARSLANOĞLU PEYNIR TATLISI,575.0,71,1
st0000196,FESLEĞEN KURU,Hammadde,KİLOGRAM,"0,00","0,00","0,00",SUCUK BÜFE 900 GR.,699.1,40,1
st0000197,JACOBS FİLTRE MONARCH 500 GR,Hammadde,KİLOGRAM,"0,00","0,00","0,00",PINAR MAYONEZ 700 GR,66.0,35,1
st0000198,HEINZ KETÇAP 460 GR,Hammadde,KİLOGRAM,"0,00","0,00","0,00",HEINZ HARDAL MILD 445 GR,148.0,59,1
st0000199,HEINZ MAYONEZ 420 GR,Hammadde,KİLOGRAM,"0,00","0,00","0,00",PINAR MAYONEZ 700 GR,66.0,60,1
st0000200,FAVA BAKLA ORTA BOY YERLİ,Hammadde,KİLOGRAM,"0,00","0,00","0,00",BIOGURME / FLENE %20 YAĞLI KREMA 1LT,96.0,44,1
st0000201,KÖZLENMİŞ KAPYA BİBER,Hammadde,KİLOGRAM,"0,00","0,00","0,00",KAPYA BİBER,130.0,100,0
st0000202,CEM DOĞAL YAĞLI SELE SİYAH ZEYTİN,Hammadde,KİLOGRAM,"0,00","0,00","0,00",MİNİ--CEM SİYAH ZEYTİN  PİKNİK VAKUM 20GR 96 LI,445.0,65,1
st0000203,BÖRÜLCE,Hammadde,KİLOGRAM,"0,00","0,00","0,00",PRİL,213.0,36,1
st0000204,İÇ ANTEP FISTIĞI TOZ,Hammadde,KİLOGRAM,"0,00","0,00","0,00",KARIŞTIRICI,56.0,45,1
st0000205,MAHLEP,Hammadde,KİLOGRAM,"0,00","0,00","0,00",MAHLEP,990.0,100,0
st0000020,OVA UN ,Hammadde,KG,"0,00","0,00","0,00",OVA UN 25 KG.,719.0,100,0
st0000021,NİŞASTA 10 KG ,Hammadde,KİLOGRAM,"0,00","0,00","0,00",FINEFOOD ISPANAK 10 KG,67.5,62,1
st0000022,SOYA SOSU,Hammadde,ADET,"0,00","0,00","0,00",LOLOROSSO,90.0,44,1
st0000023,DOĞRANMIŞ DOMATES,Hammadde,KİLOGRAM,"0,00","0,00","0,00",ÇERİ DOMATES,100.0,73,1
st0000024,PLSTK KVA ÇİÇEK KARIŞIK SEBZE TURŞU,Hammadde,KİLOGRAM,"0,00","0,00","0,00",5000 GR SÜZME ÇİÇEK BALI KOVA HASKAYMAK,960.0,48,1
st0000025,KALIN BULGUR ,Hammadde,KİLOGRAM,"0,00","0,00","0,00",KALIN BULGUR,29.8,100,0
st0000027,N73(BÜYÜK) PENNE BARİLLA 2 KG,Hammadde,KİLOGRAM,"0,00","0,00","0,00",N73(BÜYÜK) PENNE BARILLA 2 KG,144.0,100,0
st0000028,DONUK MISIR,Hammadde,KİLOGRAM,"0,00","0,00","0,00",DONUK ARPACIK SOĞAN 15KG,209.0,62,1
st0000029,FINEFOOD ISPANAK 10 KG,Hammadde,KİLOGRAM,"0,00","0,00","0,00",FINEFOOD ISPANAK 10 KG,67.5,100,0
st0000030,RENDE MOZARELLA PEYNİR,Hammadde,KİLOGRAM,"0,00","0,00","0,00",BAHÇIVAN MOZERELLA PEYNIR,379.0,63,1
ST00365,TATLILAR İÇİN  KREMA 1 LT,Hammadde,LİTRE,"0,00","0,00","0,00",BIOGURME / FLENE %20 YAĞLI KREMA 1LT,96.0,52,1
ST00366,NAR,Hammadde,KİLOGRAM,"0,00","0,00","0,00",NAR TEKLI SARMA ŞEKER 4 KG,259.0,100,0
ST00363,KAYMAK,Hammadde,KİLOGRAM,"0,00","0,00","0,00",Kıyma,740.0,72,1
ST00299,ETİ BURÇAK,Hammadde,ADET,"0,00","0,00","0,00",BİBER TATLI,160.0,47,1
ST00300,CİCİ BEBE,Hammadde,KİLOGRAM,"0,00","0,00","0,00",MİCROFİBER BEZ,38.4,52,1
ST00383,HAŞHAŞ,Hammadde,KİLOGRAM,"0,00","0,00","0,00",PATATES,35.0,46,1
ST00359,TULUM PEYNİRİ,Hammadde,KİLOGRAM,"0,00","0,00","0,00",HARUN DILIM KAŞAR  PEYNİRİ,329.0,70,1
ST00360,YEŞİL KIRMA ZEYTİN,Hammadde,KİLOGRAM,"0,00","0,00","0,00",YEŞİL BİBER,120.0,62,1
ST00351,TATLI LOR PEYNİRİ,Hammadde,KİLOGRAM,"0,00","0,00","0,00",ARSLANOĞLU PEYNIR TATLISI,575.0,71,1
ST00352,KURU KAYISI,Hammadde,KİLOGRAM,"0,00","0,00","0,00",KARIŞTIRICI,56.0,54,1
ST00353,KURU İNCİR,Hammadde,KİLOGRAM,"0,00","0,00","0,00",KIL BİBER ACI,230.0,43,1
ST00349,İSOT,Hammadde,KİLOGRAM,"0,00","0,00","0,00",LİMON,120.0,44,1
ST00335,KOKTEYL ZEYTİN,Hammadde,KİLOGRAM,"0,00","0,00","0,00",MİNİ--CEM SİYAH ZEYTİN  PİKNİK VAKUM 20GR 96 LI,445.0,60,1
ST00336,KÜP MOZERELLA,Hammadde,KİLOGRAM,"0,00","0,00","0,00",BAHÇIVAN MOZERELLA PEYNIR,379.0,81,1
ST00337,MİNİ TARTOLET,Hammadde,ADET,"0,00","0,00","0,00",MANTAR,170.0,52,1
ST00295,LABNE,Hammadde,KİLOGRAM,"0,00","0,00","0,00",AYSBERK,90.0,50,1
ST00296,KEDİ DİLİ,Hammadde,KİLOGRAM,"0,00","0,00","0,00",HARUN DILIM KAŞAR  PEYNİRİ,329.0,47,1
ST00297,BEYAZ ÇİKOLATA KUVERTÜR,Hammadde,KİLOGRAM,"0,00","0,00","0,00",MIKROFIBER BEZ,26.0,48,1
ST00303,PİZZA TABANI,Hammadde,ADET,"0,00","0,00","0,00",PATLICAN,100.0,50,1
ST00304,ROKA,Hammadde,ADET,"0,00","0,00","0,00",Kıyma,740.0,44,1
ST00305,DOMATES SOS,Hammadde,KİLOGRAM,"0,00","0,00","0,00",ÇERİ DOMATES,100.0,77,1
ST00307,TAVUK IZGARA ÇİĞ,Hammadde,KİLOGRAM,"0,00","0,00","0,00",KIL BİBER ACI,230.0,48,1
ST00308,SUCUK,Hammadde,KİLOGRAM,"0,00","0,00","0,00",SUCUK BÜFE 900 GR.,699.1,100,0
ST00309,SALAM,Hammadde,KİLOGRAM,"0,00","0,00","0,00",PATLICAN,100.0,46,1
ST00247,BAL,Hammadde,KİLOGRAM,"0,00","0,00","0,00",BAL 120X20 G,5.59,100,0
ST0233,SMARTCHOİCE 10*10 FRİES PATATES,Hammadde,KOLİ,"0,00","0,00","0,00",PATATES,35.0,100,0
ST00289,KURU MAYA,Hammadde,KİLOGRAM,"0,00","0,00","0,00",KAPYA BİBER,130.0,50,1
ST00290,ELMALI KURABİYE HARCI,Hammadde,KİLOGRAM,"0,00","0,00","0,00",HARUN DILIM KAŞAR  PEYNİRİ,329.0,43,1
ST00291,ÇİKOLATA SOS ,Hammadde,ADET,"0,00","0,00","0,00",ÇERİ DOMATES,100.0,50,1
ST00292,PROFİTEROL HAMURU,Hammadde,ADET,"0,00","0,00","0,00",MIKROFIBER BEZ,26.0,45,1
ST00293,PASTACI KREMASI,Hammadde,ADET,"0,00","0,00","0,00",KARIŞTIRICI,56.0,53,1
ST00283,PİLİÇ NUGGET,Hammadde,KİLOGRAM,"0,00","0,00","0,00",PIŞIRME KAĞIDI--YAĞLI KAĞIT,198.0,42,1
ST00252,SUSAM,Hammadde,KİLOGRAM,"0,00","0,00","0,00",SÜT YARIM YAĞLI 1 L,34.41,33,1
ST00258,SAKIZ,Hammadde,GRAM,"0,00","0,00","0,00",Kıyma,740.0,40,1
ST00407,SANDVİÇ EKMEĞİ 100 GR*10,Hammadde,PAKET,"0,00","0,00","0,00",SANDVİÇ EKMEĞİ Büfe Tip 6*65 GR,54.46,58,1
ST00408,BEYAZ DROP DAMLA ÇİKOLATA,Hammadde,KİLOGRAM,"0,00","0,00","0,00",DAMLA PET500 KOYCEGIZ YD20 DYS,90.79,47,1
ST00410,PASTIRMA,Hammadde,KİLOGRAM,"0,00","0,00","0,00",PATLICAN,100.0,62,1
ST00411,TAVUK BUT KEMİKSİZ,Hammadde,KİLOGRAM,"0,00","0,00","0,00",BERRAK KÖZLENMİŞ PATLICAN  3 KG,309.0,41,1
ST00414,SÜTLÜ DROP ÇİKOLATA,Hammadde,KİLOGRAM,"0,00","0,00","0,00",KARTON KUMPİR 100'LÜ,4.29,41,1
ST00401,YUFKA,Hammadde,ADET,"0,00","0,00","0,00",Kıyma,740.0,40,1
ST00387,İRMİK,Hammadde,KİLOGRAM,"0,00","0,00","0,00",PRİL,213.0,44,1
ST00404,TAZE SOĞAN,Hammadde,ADET,"0,00","0,00","0,00",DONUK ARPACIK SOĞAN 15KG,209.0,66,1
ST00405,PANCAR,Hammadde,ADET,"0,00","0,00","0,00",MANTAR,170.0,66,1
ST00413,NESCAFE CLASSİC,İçecek,ADET,"0,00","0,00","0,00",NESCAFE CLASSIC Tin SR 6x1kg,1368.96,100,0
ST328,MEYVE SUYU 1 LT,İçecek,LİTRE,"0,00","0,00","0,00",19 LT DAMACAN SU,118.81,43,1
ST00329,MEYVE SUYU 1 LT PORTAKAL,İçecek,LİTRE,"0,00","0,00","0,00",19 LT DAMACAN SU,118.81,40,1
ST00330,"COCA COLA 2,5 LT",İçecek,ADET,"0,00","0,00","0,00",COCA-COLA KUTU 330ML1X24 FIFA26,643.63,57,1
ST00331,"FANTA 2,5 LT",İçecek,ADET,"0,00","0,00","0,00",AYRAN 200 MLT,184.0,41,1
ST00332,"SPRİTE 2,5 LT ",İçecek,ADET,"0,00","0,00","0,00",SIVI SABUN 5 LT,189.8,57,1
ST00342,YENİ RAKI 1 LT,İçecek,LİTRE,"0,00","0,00","0,00",TRAKYAĞ A.YAĞI 18LT,1630.0,45,1
3500343,İSTANBLUE VODKA 1 LT,İçecek,LİTRE,"0,00","0,00","0,00",SIVI SABUN 5 LT,189.8,42,1
ST00344,KIRMIZI ŞARAP,İçecek,LİTRE,"0,00","0,00","0,00",GÖZE KIRMIZI MERCIMEK YERLI,96.0,70,1
ST00345,BEYAZ ŞARAP,İçecek,LİTRE,"0,00","0,00","0,00",KAPYA BİBER,130.0,45,1
ST00118,LATTE,İçecek,ADET,"75,00","0,00","75,00",PATATES,35.0,66,1
st0000161,BARDAK SU,İçecek,ADET,"0,00","0,00","0,00",7 OZ BARDAK,0.55,80,1
st0000141,AYRAN 300ML BÜYÜK BOY,İçecek,ADET,"0,00","0,00","45,00",AYRAN 300 ML. EDT,13.1,59,1
st0000105,PINAR SÜT 200 ML,İçecek,ADET,"0,00","0,00","0,00",AYRAN 300 ML. EDT,13.1,47,1
st0000106,LIPTON IHLAMUR ÇAY 12 AD,İçecek,ADET,"0,00","0,00","0,00",LİMON LAMAS,110.0,45,1
st0000107,LIPTON NANE-LİMON ÇAY 12 AD,İçecek,ADET,"0,00","0,00","0,00",LİMON,120.0,100,0
st0000101,DİMES MEYVE SUYU 200ML,İçecek,ADET,"0,00","0,00","0,00",SUCUK BÜFE 900 GR.,699.1,31,1
ST00032,AYRAN,İçecek,ADET,"30,00","30,00","45,00",AYRAN 300 ML. EDT,13.1,100,0
st0000003,GAZOZ,İçecek,ADET,"60,00","40,00","0,00",7 OZ BARDAK,0.55,37,1
ST00025,*CAPPUCCİNO,İçecek,ADET,"75,00","0,00","50,00",HAVUÇ,50.0,37,1
st0000277,NESCAFE GOLD 10 100X2G,İçecek,ADET,"0,00","0,00","0,00",NESCAFE CLASSIC Tin SR 6x1kg,1368.96,33,1
st0000278,"NESCAFE 3İN1 72X17,5",İçecek,ADET,"0,00","0,00","0,00",NESCAFE CLASSIC Tin SR 6x1kg,1368.96,51,1
st0000279,NESCAFE 2IN1 12 56X10G,İçecek,ADET,"0,00","0,00","0,00",NESCAFE CLASSIC Tin SR 6x1kg,1368.96,33,1
st0000344,COCA-COLA KUTU,İçecek,ADET,"60,00","0,00","75,00",COCA-COLA KUTU 330ML1X24 FIFA26,643.63,100,0
st0000345,COCA COLA ZERO,İçecek,ADET,"60,00","0,00","75,00",COCA-COLA KUTU 330ML1X24 FIFA26,643.63,78,1
st0000346,FUTEA MAN-ANNS KUTU 330ML,İçecek,ADET,"40,00","50,00","50,00",FT LIMON KUTU 330ML RMX2 DYS,321.82,67,1
st0000347,FUTEA LIMON KUTU 330ML,İçecek,ADET,"40,00","50,00","50,00",LİMON,120.0,100,0
st0000348,FUTEA SEFT.KT 330ML 1X12 ,İçecek,ADET,"40,00","50,00","50,00",FT SEFT.KT330ML 1X12 REMIX2 DYS,321.82,61,1
st0000349,CAPPY 200 ML TETRAPAK,İçecek,ADET,"0,00","0,00","0,00",CAPPY VISNELI TET-200 LEAF VIS,220.91,45,1
st0000351,DAMLA SU PET 500 ML,İçecek,ADET,"10,00","15,00","10,00",19 LT DAMACAN SU,118.81,47,1
st0000353,CAPPY PORTAKAL ,İçecek,ADET,"60,00","0,00","75,00",CAPPY KRSIK SLEEK KUTU330ML VIS,321.82,52,1
st0000354,FAN POR. KUTU 330 ML C+,İçecek,ADET,"40,00","50,00","50,00",FT LIMON KUTU 330ML RMX2 DYS,321.82,61,1
st0000355,FUTEA KARPUZ KUTU 330ML ,İçecek,ADET,"40,00","50,00","50,00",FT KARPUZ KUTU 330ML REMIX DYS,321.82,85,1
st0000356,CAPPY LİMONATA,İçecek,ADET,"60,00","0,00","75,00",LİMON LAMAS,110.0,56,1
st0000357,FUTEA KAVUN ÇİLEK KUTU 330ML,İçecek,KOLİ,"40,00","50,00","50,00",FT KARPUZ KUTU 330ML REMIX DYS,321.82,62,1
st0000358,CAPPY KRSIK SLEEK KUTU 330ML 12'Lİ,İçecek,ADET,"60,00","0,00","75,00",CAPPY KRSIK SLEEK KUTU330ML VIS,321.82,76,1
st0000359,*CAPPY ŞEFTALİ,İçecek,ADET,"60,00","0,00","75,00",PATLICAN,100.0,45,1
st0000360,CAPPY VISNELI,İçecek,ADET,"60,00","0,00","75,00",CAPPY VISNELI TET-200 LEAF VIS,220.91,100,0
st0000441,"SÜT %2,5 YAĞLI 200 ML ",İçecek,LİTRE,"0,00","0,00","0,00",SÜT YARIM YAĞLI 1 L,34.41,51,1
st0000436,AYRAN 200 ML,İçecek,ADET,"30,00","30,00","45,00",AYRAN 200 MLT,184.0,96,0
ST00174,DS NESCAFE 2İN1,İçecek,ADET,"20,00","0,00","0,00",NESCAFE CLASSIC Tin SR 6x1kg,1368.96,63,1
ST00175,DS NESCAFE 3İN1,İçecek,ADET,"20,00","0,00","0,00",NESCAFE CLASSIC Tin SR 6x1kg,1368.96,63,1
ST00158,XOX ENERJİ İÇECEĞİ,İçecek,ADET,"0,00","55,00","0,00",ROLL EKMEĞİ Kepekli 40 GR,4.95,41,1
ST00171,DS COLA,İçecek,ADET,"40,00","0,00","0,00",COCA-COLA KUTU 330ML1X24 FIFA26,643.63,72,1
ST00172,DS CAPPY ŞEFTALİ,İçecek,ADET,"60,00","70,00","75,00",CAPPY VISNELI TET-200 LEAF VIS,220.91,52,1
ST00199,AYRAN 175 ML,İçecek,ADET,"0,00","0,00","0,00",AYRAN 300 ML. EDT,13.1,65,1
ST00193,FUAR COCA COLA,İçecek,ADET,"65,00","0,00","0,00",COCA-COLA KUTU 330ML1X24 FIFA26,643.63,78,1
ST00194,FUAR COCA COLA ZERO,İçecek,ADET,"65,00","0,00","0,00",COCA-COLA KUTU 330ML1X24 FIFA26,643.63,64,1
ST00195,FUAR AYRAN,İçecek,ADET,"35,00","0,00","0,00",AYRAN 300 ML. EDT,13.1,66,1
ST00196,FUAR SU,İçecek,ADET,"15,00","0,00","0,00",19 LT DAMACAN SU,118.81,44,1
st0000352,CAPPY PALPY PORTAKAL PET 330ML,MUTLULUK KAHVESİ İÇECEK,ADET,"60,00","0,00","75,00",CAPPY KRSIK SLEEK KUTU330ML VIS,321.82,49,1
ST00026,COCA COLA,MUTLULUK KAHVESİ İÇECEK,ADET,"60,00","0,00","75,00",COCA-COLA KUTU 330ML1X24 FIFA26,643.63,100,0
ST00027,COLA ZERO,MUTLULUK KAHVESİ İÇECEK,Adet,"60,00","0,00","75,00",COCA-COLA KUTU 330ML1X24 FIFA26,643.63,61,1
ST00028,FANTA 330 ML KUTU,MUTLULUK KAHVESİ İÇECEK,ADET,"60,00","0,00","75,00",AYRAN 300 ML. EDT,13.1,60,1
ST00029,SPRİTE,MUTLULUK KAHVESİ İÇECEK,Adet,"60,00","0,00","75,00",PRİL,213.0,60,1
ST00030,DAMLA SADE SODA,MUTLULUK KAHVESİ İÇECEK,ADET,"30,00","30,00","30,00",DAMLA MN.SADE OWB S200 DYS,172.26,80,1
ST00031,NİĞDE GAZOZ,MUTLULUK KAHVESİ İÇECEK,ADET,"60,00","40,00","0,00",PINAR MAYONEZ 700 GR,66.0,38,1
ST00115,ELMALI SODA,MUTLULUK KAHVESİ İÇECEK,ADET,"35,00","0,00","35,00",LİMON LAMAS,110.0,54,1
ST00116,LİMONLU SODA,MUTLULUK KAHVESİ İÇECEK,ADET,"35,00","0,00","35,00",LİMON,120.0,58,1
ST00117,KARPUZ - ÇİLEKLİ SODA,MUTLULUK KAHVESİ İÇECEK,ADET,"35,00","0,00","35,00",FT KARPUZ KUTU 330ML REMIX DYS,321.82,48,1
ST00033,SU,MUTLULUK KAHVESİ İÇECEK,Adet,"15,00","15,00","15,00",19 LT DAMACAN SU,118.81,100,0
ST00034,MEYVELİ SODA,MUTLULUK KAHVESİ İÇECEK,Adet,"35,00","0,00","35,00",ÇERİ DOMATES,100.0,41,1
ST00119,MOCHA,MUTLULUK KAHVESİ İÇECEK,Adet,"75,00","0,00","75,00",ELMA,120.0,44,1
ST00120,SICAK ÇİKOLATA,MUTLULUK KAHVESİ İÇECEK,Adet,"75,00","0,00","50,00",DERECIK SIRKE 2 LT *9AD,41.0,48,1
ST00121,FUSE TEA ŞEFTALİ,MUTLULUK KAHVESİ İÇECEK,ADET,"60,00","70,00","75,00",SÜT YARIM YAĞLI 1 L,34.41,45,1
ST00122,FUSE TEA LİMON,MUTLULUK KAHVESİ İÇECEK,ADET,"60,00","70,00","75,00",LİMON,120.0,100,0
ST00123,FUSE TEA KARPUZ,MUTLULUK KAHVESİ İÇECEK,Adet,"60,00","70,00","75,00",FT KARPUZ KUTU 330ML REMIX DYS,321.82,57,1
ST00124,FUSE TEA MANGO ANANAS,MUTLULUK KAHVESİ İÇECEK,ADET,"60,00","70,00","75,00",DAMLA MN.SADE OWB S200 DYS,172.26,42,1
ST00125,FUSE TEA KAVUN ÇİLEK,MUTLULUK KAHVESİ İÇECEK,ADET,"60,00","70,00","75,00",TOZ ŞEKER 50  KG,1975.0,40,1
ST00126,CAPPY KARIŞIK,MUTLULUK KAHVESİ İÇECEK,Adet,"60,00","0,00","75,00",CAPPY KRSIK SLEEK KUTU330ML VIS,321.82,55,1
ST00127,CAPPY ŞEFTALİ,MUTLULUK KAHVESİ İÇECEK,Adet,"60,00","0,00","75,00",CAPPY KRSIK SLEEK KUTU330ML VIS,321.82,55,1
ST00128,CAPPY ATOM,MUTLULUK KAHVESİ İÇECEK,Adet,"60,00","0,00","75,00",CAPPY KRSIK SLEEK KUTU330ML VIS,321.82,66,1
ST00129,ANANAS MANGOLU SODA,MUTLULUK KAHVESİ İÇECEK,Adet,"35,00","0,00","35,00",DAMLA MN.SADE OWB S200 DYS,172.26,44,1
ST00130,TÜRK KAHVESİ SADE,MUTLULUK KAHVESİ İÇECEK,Adet,"30,00","40,00","0,00",NESCAFE CLASSIC Tin SR 6x1kg,1368.96,44,1
ST00131,TÜRK KAHVESİ ORTA,MUTLULUK KAHVESİ İÇECEK,Adet,"30,00","40,00","0,00",BAHÇIVAN MOZERELLA PEYNIR,379.0,42,1
ST00132,TÜRK KAHVESİ ŞEKERLİ,MUTLULUK KAHVESİ İÇECEK,Adet,"30,00","40,00","0,00",NAR TEKLI SARMA ŞEKER 4 KG,259.0,52,1
ST00020,ÇAY,MUTLULUK KAHVESİ İÇECEK,Adet,"15,00","15,00","0,00",AYSBERK,90.0,40,1
ST00021,TÜRK KAHVESİ,MUTLULUK KAHVESİ İÇECEK,Adet,"30,00","40,00","0,00",HISAR TÜRK KAH. FOLYO 18X500G,280.88,50,1
ST00022,DUBLE TÜRK KAHVESİ,MUTLULUK KAHVESİ İÇECEK,Adet,"60,00","80,00","0,00",HISAR TÜRK KAH. FOLYO 18X500G,280.88,43,1
ST00023,ESPRESSO,MUTLULUK KAHVESİ İÇECEK,Adet,"60,00","0,00","60,00",LOLOROSSO,90.0,47,1
ST00024,NESCAFE,MUTLULUK KAHVESİ İÇECEK,Adet,"60,00","0,00","60,00",NESCAFE CLASSIC Tin SR 6x1kg,1368.96,100,0
ST00016,KAKOULU CUPCAKE,MUTLULUK KAHVESİ MENÜ,Adet,"45,00","0,00","0,00",KARTON KUMPİR 100'LÜ,4.29,40,1
ST00017,HAVUÇLU CUPCAKE,MUTLULUK KAHVESİ MENÜ,Adet,"45,00","0,00","0,00",HAVUÇ,50.0,50,1
ST00018,KURU PASTA PORSİYON,MUTLULUK KAHVESİ MENÜ,Adet,"60,00","0,00","0,00",HARUN DILIM KAŞAR  PEYNİRİ,329.0,45,1
ST00019,KURU PASTA ADET,MUTLULUK KAHVESİ MENÜ,Adet,"15,00","0,00","0,00",ARBELLA BURGU MAKARNA 5 KG,37.8,43,1
ST00002,KAŞARLI TOST,MUTLULUK KAHVESİ MENÜ,Adet,"60,00","0,00","0,00",KARIŞTIRICI,56.0,52,1
ST00003,KARIŞIK SICAK TABAK,MUTLULUK KAHVESİ MENÜ,ADET,"120,00","0,00","0,00",KARIŞTIRICI,56.0,53,1
ST00004,PATATES KIZARTMASI,MUTLULUK KAHVESİ MENÜ,Adet,"60,00","0,00","0,00",PATATES,35.0,100,0
ST00005,FIRIN MAKARNA,MUTLULUK KAHVESİ MENÜ,Adet,"120,00","0,00","0,00",FILIZ FIYONK 5 KG MAKARNA,48.0,70,1
ST00006,PATSO,MUTLULUK KAHVESİ MENÜ,Adet,"90,00","0,00","0,00",PATATES,35.0,66,1
ST00007,MEVSİM SALATA,MUTLULUK KAHVESİ MENÜ,Adet,"97,50","0,00","0,00",MANTAR,170.0,42,1
ST00008,ÇITIR TAVUKLU SALATA,MUTLULUK KAHVESİ MENÜ,Adet,"142,50","0,00","0,00",BİBER TATLI,160.0,45,1
ST00009,KAŞARLI SOĞUK SANDWİÇ,MUTLULUK KAHVESİ MENÜ,Adet,"105,00","0,00","0,00",SIVI SABUN APARATI,139.0,51,1
ST00010,ÇITIR TAVUKLU SANDWİÇ,MUTLULUK KAHVESİ MENÜ,Adet,"135,00","0,00","140,00",SANDVİÇ EKMEĞİ Büfe Tip 6*65 GR,54.46,42,1
ST00013,ÇİKOLATALI PASTA,MUTLULUK KAHVESİ MENÜ,ADET,"90,00","0,00","0,00",ÇERİ DOMATES,100.0,42,1
ST00014,FRAMBUAZLI PASTA,MUTLULUK KAHVESİ MENÜ,Adet,"90,00","0,00","0,00",BERRAK KÖZLENMİŞ PATLICAN  3 KG,309.0,43,1
ST00133,KAHVALTI TABAĞI,MUTLULUK KAHVESİ MENÜ,Adet,"120,00","0,00","0,00",SIVI SABUN APARATI,139.0,48,1
ST00165,İLAVE ÜRÜN KOKTEYL SOSİS,MUTLULUK KAHVESİ MENÜ,ADET,"30,00","0,00","0,00",DAMLA SU OWB 330ML YENI SIS DYS,132.47,43,1
ST00396,MAGNOLİA*,MUTLULUK KAHVESİ MENÜ,ADET,"120,00","0,00","0,00",MANTAR,170.0,53,1
ST00397,PROFİTEROL,MUTLULUK KAHVESİ MENÜ,ADET,"120,00","0,00","0,00",PRİL,213.0,57,1
ST00398,TİRAMİSU,MUTLULUK KAHVESİ MENÜ,ADET,"120,00","0,00","0,00",BİBER TATLI,160.0,42,1
ST00399,TRİLİÇE*,MUTLULUK KAHVESİ MENÜ,ADET,"120,00","0,00","0,00",PATLICAN,100.0,50,1
ST00284,-ELMALI KURABİYE,MUTLULUK KAHVESİ MENÜ,ADET,"30,00","30,00","30,00",MIKROFIBER BEZ,26.0,48,1
ST00415,BARDAK COOKİE,MUTLULUK KAHVESİ MENÜ,ADET,"35,00","0,00","35,00",7 OZ BARDAK,0.55,70,1
ST00412,KÜLTABLASI,Sarf Malzeme,ADET,"0,00","0,00","0,00",SIVI SABUN 5 LT,189.8,48,1
ST00409,ŞANTİ TORBASI,Sarf Malzeme,ADET,"0,00","0,00","0,00",ÇÖP TORBASI JUMBO 80*110 SİYAH,617.0,70,1
ST00276,LAVABO FIRÇASI,Sarf Malzeme,ADET,"0,00","0,00","0,00",LİMON LAMAS,110.0,40,1
ST00231,TÜLBENT BEZ,Sarf Malzeme,METRE,"0,00","0,00","0,00",MIKROFIBER BEZ,26.0,48,1
ST00250,24*24 PEÇETE,Sarf Malzeme,KOLİ,"0,00","0,00","0,00",24*24 PEÇETE,458.0,100,0
ST00251,ÇÖP TORBASI MİNİ,Sarf Malzeme,ADET,"0,00","0,00","0,00",ÇÖP TORBASI JUMBO 80*110 SİYAH,617.0,81,1
ST00367,ÇEKSİL SAPLI,Sarf Malzeme,ADET,"0,00","0,00","0,00",BİBER TATLI,160.0,43,1
ST00368,CAMÇEK,Sarf Malzeme,ADET,"0,00","0,00","0,00",AYSBERK,90.0,46,1
st0000471,ÇAY BARDAĞI,Sarf Malzeme,ADET,"0,00","0,00","0,00",7 OZ BARDAK,0.55,54,1
st0000472,ÇAY TABAĞI,Sarf Malzeme,ADET,"0,00","0,00","0,00",TRAKYAĞ A.YAĞI 18LT,1630.0,48,1
st0000465,TERMAL POS RULOSU,Sarf Malzeme,ADET,"0,00","0,00","0,00",ARSLANOĞLU PEYNIR TATLISI,575.0,42,1
st0000466,TERMAL RULOSU,Sarf Malzeme,ADET,"0,00","0,00","0,00",KALIN BULGUR,29.8,48,1
ST00201,PİZZA KUTUSU,Sarf Malzeme,ADET,"0,00","0,00","0,00",SIVI SABUN 5 LT,189.8,37,1
ST00210,ÇAKMAK GAZI,Sarf Malzeme,ADET,"0,00","0,00","0,00",LİMON LAMAS,110.0,45,1
ST00214,YAĞLI KAĞIT 25*25,Sarf Malzeme,ADET,"0,00","0,00","0,00",PIŞIRME KAĞIDI--YAĞLI KAĞIT,198.0,78,1
ST00215,YAĞLI KAĞIT 25*35,Sarf Malzeme,ADET,"0,00","0,00","0,00",PIŞIRME KAĞIDI--YAĞLI KAĞIT,198.0,78,1
ST00219,12 KG GAZ,Sarf Malzeme,ADET,"0,00","0,00","0,00",OVA UN 25 KG.,719.0,42,1
ST00220,45 KG GAZ PROPAN,Sarf Malzeme,ADET,"0,00","0,00","0,00",OVA UN 25 KG.,719.0,42,1
ST00223,SELPAK PROFESSİONEL DİSPENSER PEÇETE,Sarf Malzeme,KOLİ,"0,00","0,00","0,00",24*24 PEÇETE,458.0,66,1
st0000266,BULAŞIK TOP TEL,Sarf Malzeme,ADET,"0,00","0,00","0,00",BSZ TOP. FINDIKLI  24X35,9.5,48,1
st0000444,HANTAL BOY ÇÖP TORBASI,Sarf Malzeme,KOLİ,"0,00","0,00","0,00",ÇÖP TORBASI JUMBO 80*110 SİYAH,617.0,66,1
st0000250,MUAYENE ELDİVEN NİTRİL MAVİ/M-L,Sarf Malzeme,ADET,"0,00","0,00","0,00",SİYAH HASPET MUAYENE ELDİVENİ 100 LÜ*20 PK. MİDYUM,146.0,55,1
st0000291,PET KAPSÜL 50*39 50 ADET,Sarf Malzeme,ADET,"0,00","0,00","0,00","SF PATATES KLASİK (9x9) 2,5 KG X 5",95.3,44,1
st0000292,PET KAPSÜL 44*35 50 ADET,Sarf Malzeme,ADET,"0,00","0,00","0,00",BSZ TOP. FINDIKLI  24X35,9.5,47,1
st0000293,PET KAPSÜL 38*30 50 ADET,Sarf Malzeme,ADET,"0,00","0,00","0,00",FT KARPUZ KUTU 330ML REMIX DYS,321.82,48,1
st0000294,MUFFIN PİŞİRME KABI 24LÜ 50X43CM,Sarf Malzeme,ADET,"0,00","0,00","0,00",PIŞIRME KAĞIDI--YAĞLI KAĞIT,198.0,48,1
st0000295,METALİK PET KAPSÜL 50*39 CM 25Lİ,Sarf Malzeme,ADET,"0,00","0,00","0,00","SF PATATES KLASİK (9x9) 2,5 KG X 5",95.3,33,1
st0000296,BENS GOLD KAPSÜL 50X39 25Lİ,Sarf Malzeme,ADET,"0,00","0,00","0,00",SIZDIRMAZ KAP 250 GR,119.0,27,1
st0000297,AMERİKAN 50*35 KAPSÜL 24 ADET,Sarf Malzeme,ADET,"0,00","0,00","0,00",NAR TEKLI SARMA ŞEKER 4 KG,259.0,43,1
st0000298,PET KAPSÜL 62*40 50 ADET,Sarf Malzeme,ADET,"0,00","0,00","0,00",30CM 4 LÜ Sefer Tası PASL.,2600.0,44,1
st0000243,33*33 1/8 KATLAMA BEYAZ PEÇETE,Sarf Malzeme,ADET,"0,00","0,00","0,00",24*24 PEÇETE,458.0,66,1
st0000244,ENDÜSTRİYEL SÜNGER,Sarf Malzeme,ADET,"0,00","0,00","0,00",4'LÜ ENDÜSTRİYEL SÜNGER,39.0,100,0
st0000241,İÇTEN ÇEKMELİ HAVLU 6'LI,Sarf Malzeme,ADET,"0,00","0,00","0,00",SANDVİÇ EKMEĞİ Büfe Tip 6*65 GR,54.46,35,1
st0000247,ÇÖP TORBASI JUMBO DÖKME SİYAH 80*110,Sarf Malzeme,KİLOGRAM,"0,00","0,00","0,00",ÇÖP TORBASI JUMBO 80*110 SİYAH,617.0,100,0
st0000253,TUVALET KAĞIDI 72'Lİ BELLEZA,Sarf Malzeme,ADET,"0,00","0,00","0,00",TUVALET KAĞIDI 72 Lİ,524.0,100,0
st0000237,MİCROFİBER BEZ,Sarf Malzeme,ADET,"0,00","0,00","0,00",MİCROFİBER BEZ,38.4,100,0
st0000209,KAĞITLI PİPET,Sarf Malzeme,ADET,"0,00","0,00","0,00",TUVALET KAĞIDI 72 Lİ,524.0,54,1
st0000233,JAPON KÜRDAN,Sarf Malzeme,ADET,"0,00","0,00","0,00",KARTON KUMPİR 100'LÜ,4.29,43,1
st0000228,L MUAYENE ELDİVENİ BEYAZ,Sarf Malzeme,ADET,"0,00","0,00","0,00",SİYAH HASPET MUAYENE ELDİVENİ 100 LÜ*20 PK. MİDYUM,146.0,80,1
st0000229,FROZEN 95/300 BARDAK,Sarf Malzeme,ADET,"0,00","0,00","0,00",7 OZ BARDAK,0.55,70,1
st0000230,FROZEN ÇAP 99 DELİKLİ KAPAK,Sarf Malzeme,ADET,"0,00","0,00","0,00",FILIZ FIYONK 5 KG MAKARNA,48.0,46,1
st0000211,SIZDIRMAZ KAP 1500 GR,Sarf Malzeme,ADET,"0,00","0,00","0,00",SIZDIRMAZ KAP 250 GR,119.0,77,1
st0000193,PLASTİK ÇATAL 100 LÜ,Sarf Malzeme,PAKET,"0,00","0,00","0,00",KARTON KUMPİR 100'LÜ,4.29,60,1
st0000031,KARIŞTIRICI,Sarf Malzeme,ADET,"0,00","0,00","0,00",KARIŞTIRICI,56.0,100,0
st0000032,SİYAH HASPET MUAYENE ELDİVENİ 100'LÜ,Sarf Malzeme,PKT.,"0,00","0,00","0,00",SİYAH HASPET MUAYENE ELDİVENİ 100 LÜ*20 PK. MİDYUM,146.0,95,0
st0000033,STREÇ FİLM,Sarf Malzeme,ADET,"0,00","0,00","0,00",KARIŞTIRICI,56.0,47,1
st0000034,IKRAM SETİ 5*1 ADET,Sarf Malzeme,PAKET,"0,00","0,00","0,00",PUDRA ŞEKERİ DÖKME 5 KG,63.0,57,1
st0000035,4 OZ BARDAK,Sarf Malzeme,ADET,"0,00","0,00","0,00",7 OZ BARDAK,0.55,90,0
st0000036,"KARTON BARDAK 6,5 OZ KOLİ 3000 ADET",Sarf Malzeme,ADET,"0,00","0,00","0,00",7 OZ BARDAK,0.55,90,0
st0000037,PASTA KUTUSU,Sarf Malzeme,ADET,"0,00","0,00","0,00",PATATES,35.0,42,1
st0000038,KARTON KÜLAH,Sarf Malzeme,ADET,"0,00","0,00","0,00",KARTON KUMPİR 100'LÜ,4.29,66,1
st0000039,SANDIVIÇ KAĞIT HAMUR,Sarf Malzeme,KİLOGRAM,"0,00","0,00","0,00",SIVI SABUN APARATI,139.0,57,1
st0000040,ÇÖP ŞİŞ KÜRDAN 20 CM,Sarf Malzeme,ADET,"0,00","0,00","0,00",NEMLİ MOP 60 CM,148.0,57,1
st0000041,ISLAK KOLONYALI MENDİL KOLİ 1000 ADET,Sarf Malzeme,KOLİ,"0,00","0,00","0,00",BERRAK KÖZLENMİŞ PATLICAN  3 KG,309.0,44,1
st0000042,NAYLON TORBA,Sarf Malzeme,PAKET,"0,00","0,00","0,00",MANTAR,170.0,44,1
st0000043,PİŞİRME KAĞIDI - YAĞLI KAĞIT,Sarf Malzeme,ADET,"0,00","0,00","0,00",PIŞIRME KAĞIDI--YAĞLI KAĞIT,198.0,100,0
st0000044,FROZEN PİPET,Sarf Malzeme,PAKET,"0,00","0,00","0,00",BERRAK KÖZLENMİŞ PATLICAN  3 KG,309.0,38,1
st0000045,SIZDIRMAZ KAP 250 GR,Sarf Malzeme,ADET,"0,00","0,00","0,00",SIZDIRMAZ KAP 250 GR,119.0,100,0
st0000046,8-B KÖPÜK KAP,Sarf Malzeme,ADET,"0,00","0,00","0,00",KARTON KUMPİR 100'LÜ,4.29,42,1
st0000047,KARTON ÇORBA KASE 16 OZ,Sarf Malzeme,KOLİ,"0,00","0,00","0,00",7 OZ KARTON  BARDAK*3000AD,1390.0,62,1
st0000048,7 OZ KARTON BARDAK,Sarf Malzeme,ADET,"0,00","0,00","0,00",7 OZ BARDAK,0.55,100,0
st0000049,SELPAK SENSÖR HAREKETLİ HAVLU 70 MT,Sarf Malzeme,ADET,"0,00","0,00","0,00",VENTURA FRESH M (Genel Temizlik Mad.)20 KG.,598.0,45,1
st0000050,KARTON KUMPİR 100'LÜ PAKET,Sarf Malzeme,ADET,"0,00","0,00","0,00",KARTON KUMPİR 100'LÜ,4.29,100,0
st0000051,8 OZ BARDAK ,Sarf Malzeme,ADET,"0,00","0,00","0,00",7 OZ BARDAK,0.55,90,0
st0000055,ALÜMİNYUM KASE 1500 GR + KAPAK,Sarf Malzeme,PAKET,"0,00","0,00","0,00",5000 GR SÜZME ÇİÇEK BALI KOVA HASKAYMAK,960.0,44,1
st0000066,SIZDIRMAZ 500 GR,Sarf Malzeme,ADET,"0,00","0,00","0,00",SIZDIRMAZ KAP 250 GR,119.0,70,1
st0000067,GARSON KATLAMA PEÇETE 33-31,Sarf Malzeme,ADET,"0,00","0,00","0,00",24*24 PEÇETE,458.0,66,1
st0000064,ALÜMİNYUM 2 GÖZLÜ KASE + KAPAK,Sarf Malzeme,PAKET,"0,00","0,00","0,00",5000 GR SÜZME ÇİÇEK BALI KOVA HASKAYMAK,960.0,32,1
st0000112,SALATA KASESİ KAPAĞI,Sarf Malzeme,ADET,"0,00","0,00","0,00",PIŞIRME KAĞIDI--YAĞLI KAĞIT,198.0,52,1
st0000113,SALATA KASESİ SİYAH,Sarf Malzeme,ADET,"0,00","0,00","0,00",PIŞIRME KAĞIDI--YAĞLI KAĞIT,198.0,48,1
st0000125,JUMBO ÇÖP TORBASI 400 GR,Sarf Malzeme,KOLİ,"0,00","0,00","0,00",ÇÖP TORBASI JUMBO 80*110 SİYAH,617.0,82,1
st0000118,1050 CC LUNCH BOX KRAFT 300 ADET,Sarf Malzeme,ADET,"0,00","0,00","0,00",KARTON KUMPİR 100'LÜ,4.29,50,1
st0000119,33-B KÖPÜK TABAK,Sarf Malzeme,ADET,"0,00","0,00","0,00",FT KARPUZ KUTU 330ML REMIX DYS,321.82,39,1
st0000120,KARTON ÇORBA KASE 16 OZ 25'Lİ,Sarf Malzeme,ADET,"0,00","0,00","0,00",7 OZ KARTON  BARDAK*3000AD,1390.0,55,1
st0000121,İÇTEN ÇEKMELİ HAVLU,Sarf Malzeme,KOLİ,"0,00","0,00","0,00",ÇERİ DOMATES,100.0,45,1
st0000128,KILIÇ KÜRDAN,Sarf Malzeme,ADET,"0,00","0,00","0,00",PATLICAN,100.0,50,1
st0000153,SELPAK DİSPENSIR Z KATLI,Sarf Malzeme,ADET,"0,00","0,00","0,00",ARSLANOĞLU PEYNIR TATLISI,575.0,48,1
st0000115,PLASTİK KAŞIK 100 LÜ,Sarf Malzeme,PAKET,"0,00","0,00","0,00",KARTON KUMPİR 100'LÜ,4.29,60,1
st0000155,DİSPENSER PEÇETE,Sarf Malzeme,ADET,"0,00","0,00","0,00",24*24 PEÇETE,458.0,66,1
st0000206,AYAKLI KRİSTAL KASE+KAPAK 200ML,Sarf Malzeme,ADET,"0,00","0,00","0,00",30CM 4 LÜ Sefer Tası PASL.,2600.0,31,1
st0000186,KORAPLAST JUMBO ÇÖP TORBASI,Sarf Malzeme,ADET,"0,00","0,00","0,00",ÇÖP TORBASI JUMBO 80*110 SİYAH,617.0,77,1
st0000164,SUB KASE,Sarf Malzeme,ADET,"0,00","0,00","0,00",ASPER,80.0,46,1
st0000181,NAYLON TORBA ORTA,Sarf Malzeme,KİLOGRAM,"0,00","0,00","0,00",MANTAR,170.0,43,1
st0000182,NAYLON TORBA BÜYÜK,Sarf Malzeme,KİLOGRAM,"0,00","0,00","0,00",KALIN BULGUR,29.8,46,1
st0000187,KOSTİK 25 KG,Temizlik Ürünü,KİLOGRAM,"0,00","0,00","0,00",OVA UN 25 KG.,719.0,58,1
st0000207,ÇAMAŞIR SUYU,Temizlik Ürünü,KİLOGRAM,"0,00","0,00","0,00",LİMON LAMAS,110.0,43,1
st0000154,GENEL TEMİZLİK 1 KG,Temizlik Ürünü,KİLOGRAM,"0,00","0,00","0,00",VENTURA FRESH M (Genel Temizlik Mad.)20 KG.,598.0,79,1
st0000180,SIVI EL SABUNU 5 LT,Temizlik Ürünü,ADET,"0,00","0,00","0,00",SIVI SABUN 5 LT,189.8,88,1
st0000174,CİF KREM ,Temizlik Ürünü,KİLOGRAM,"0,00","0,00","0,00",500 GR CAM KİRAZ ŞEKERLEME,248.0,41,1
st0000114,OMO MATİK 10 KG,Temizlik Ürünü,KİLOGRAM,"0,00","0,00","0,00",TOZ ŞEKER 50  KG,1975.0,38,1
st0000068,PRİL 4 KG,Temizlik Ürünü,KİLOGRAM,"0,00","0,00","0,00",PRİL,213.0,100,0
st0000069,ÇAMAŞIR SUYU 5 LT,Temizlik Ürünü,LİTRE,"0,00","0,00","0,00",19 LT DAMACAN SU,118.81,45,1
st0000071,MİKROFİBER BEZ,Temizlik Ürünü,ADET,"0,00","0,00","0,00",MIKROFIBER BEZ,26.0,100,0
st0000072,MOP YEDEK,Temizlik Ürünü,ADET,"0,00","0,00","0,00",VİLEDA PASPAS UCU HAVLU MOP,27.5,50,1
st0000075,BREF POWER AKTİF 4'LÜ,Temizlik Ürünü,ADET,"0,00","0,00","0,00",4'LÜ ENDÜSTRİYEL SÜNGER,39.0,50,1
st0000076,PİSUVAR TABLET 100 GR,Temizlik Ürünü,KİLOGRAM,"0,00","0,00","0,00",KARTON KUMPİR 100'LÜ,4.29,38,1
st0000077,ASKILI KOKU GİDERİCİ,Temizlik Ürünü,ADET,"0,00","0,00","0,00",KIL BİBER ACI,230.0,48,1
st0000081,FARAŞLI SÜPÜRGE,Temizlik Ürünü,ADET,"0,00","0,00","0,00",SIVI SABUN APARATI,139.0,42,1
st0000082,MOP YEDEK NEMLİ,Temizlik Ürünü,ADET,"0,00","0,00","0,00",NEMLİ MOP 60 CM,148.0,75,1
st0000219,PRENS GENEL TEMİZLİK 30 LT,Temizlik Ürünü,LİTRE,"0,00","0,00","0,00",VENTURA FRESH M (Genel Temizlik Mad.)20 KG.,598.0,55,1
st0000176,YAĞÇÖZ 5 LT,Temizlik Ürünü,LİTRE,"0,00","0,00","0,00",SIVI SABUN 5 LT,189.8,53,1
st0000238,VENTURA GRİLL FIRIN TEM.MAD. 5 KG,Temizlik Ürünü,ADET,"0,00","0,00","0,00",VENTURA FRESH M (Genel Temizlik Mad.)20 KG.,598.0,54,1
st0000239,VENTURA ULTRA CLOR ÇMŞR. SYU 5 LT,Temizlik Ürünü,ADET,"0,00","0,00","0,00",VENTURA EXTRA ELDE YIK.BUL.DET.20 KG YEŞİL,594.5,30,1
st0000240,BULAŞIK ELDİVENİ,Temizlik Ürünü,ADET,"0,00","0,00","0,00",SİYAH HASPET MUAYENE ELDİVENİ 100 LÜ*20 PK. MİDYUM,146.0,66,1
st0000254,CAMSİL,Temizlik Ürünü,ADET,"0,00","0,00","0,00",LİMON LAMAS,110.0,47,1
st0000255,VENTURA BULAŞIK MAK DTRJAN 20KG,Temizlik Ürünü,ADET,"0,00","0,00","0,00",VENTURA EXTRA ELDE YIK.BUL.DET.20 KG YEŞİL,594.5,57,1
st0000256,VENTURA RİNSE PARLATICI,Temizlik Ürünü,ADET,"0,00","0,00","0,00",SIVI SABUN APARATI,139.0,48,1
st0000257,VENTURA MATİK 25 KG ENDÜSTRİYEL,Temizlik Ürünü,ADET,"0,00","0,00","0,00",VENTURA FRESH M (Genel Temizlik Mad.)20 KG.,598.0,64,1
st0000258,HİDROKLORİK ASİT TUZ RUHU,Temizlik Ürünü,LİTRE,"0,00","0,00","0,00",TBT-JUMBO-DEMLIK 30 GR OF (30ADET),358.0,42,1
st0000259,ARAP SABUNU KATI,Temizlik Ürünü,KİLOGRAM,"0,00","0,00","0,00",SIVI SABUN APARATI,139.0,64,1
st0000261,VENTURA CONTRA KİREÇ ÇÖZ 20 KG,Temizlik Ürünü,ADET,"0,00","0,00","0,00",VENTURA FRESH M (Genel Temizlik Mad.)20 KG.,598.0,60,1
st0000262,FEBREZE AEROSOL ODA PARFÜMÜ,Temizlik Ürünü,ADET,"0,00","0,00","0,00",ARSLANOĞLU PEYNIR TATLISI,575.0,38,1
st0000264,VENTURA SOİL AĞIR YAĞ SÖKÜCÜ,Temizlik Ürünü,ADET,"0,00","0,00","0,00",VERDE SIZMA Z.YAĞI 5KG,1544.0,48,1
st0000265,VENTURA GLASS CAM TEMİZLİK 5 KG,Temizlik Ürünü,ADET,"0,00","0,00","0,00",VENTURA FRESH M (Genel Temizlik Mad.)20 KG.,598.0,61,1
st0000248,VENTURA ELDE YIK.BUL.DET.5KG,Temizlik Ürünü,ADET,"0,00","0,00","0,00",VENTURA EXTRA ELDE YIK.BUL.DET.20 KG YEŞİL,594.5,77,1
st0000249,VENTURA CONTRA 5 KG,Temizlik Ürünü,ADET,"0,00","0,00","0,00",VENTURA FRESH M (Genel Temizlik Mad.)20 KG.,598.0,53,1
st0000242,CİF SPREY KREM TÜM YÜZEYLER,Temizlik Ürünü,LİTRE,"0,00","0,00","0,00",4'LÜ ENDÜSTRİYEL SÜNGER,39.0,44,1
st0000245,KİREÇ ÇÖZÜCÜ 1KG,Temizlik Ürünü,LİTRE,"0,00","0,00","0,00",GÖZE KIRMIZI MERCIMEK YERLI,96.0,41,1
st0000246,VENTURA EXTRA ELDE YIK.BUL.DET.20KG,Temizlik Ürünü,ADET,"0,00","0,00","0,00",VENTURA EXTRA ELDE YIK.BUL.DET.20 KG YEŞİL,594.5,92,0
st0000251,GENEL TEMİZLİK 5 KG,Temizlik Ürünü,LİTRE,"0,00","0,00","0,00",VENTURA FRESH M (Genel Temizlik Mad.)20 KG.,598.0,79,1
st0000252,SIVI SABUN 1 LT,Temizlik Ürünü,LİTRE,"0,00","0,00","0,00",SIVI SABUN 5 LT,189.8,78,1
st0000268,LAVABO AÇICI 1 KG,Temizlik Ürünü,KİLOGRAM,"0,00","0,00","0,00",KIL BİBER ACI,230.0,46,1
st0000269,ODA PARFÜMÜ SPREY KAVUN,Temizlik Ürünü,ADET,"0,00","0,00","0,00",VİLEDA PASPAS UCU HAVLU MOP,27.5,48,1
ST00230,PASPAS KOVA+KEP EKOSET,Temizlik Ürünü,ADET,"0,00","0,00","0,00",VİLEDA PASPAS UCU HAVLU MOP,27.5,48,1
ST00217,VENTURA FRESH M (Genel Temizlik Md.) 20 KG,Temizlik Ürünü,ADET,"0,00","0,00","0,00",VENTURA FRESH M (Genel Temizlik Mad.)20 KG.,598.0,98,0
ST00218,PİSUVAR KOKU GİDERİCİ NANO,Temizlik Ürünü,ADET,"0,00","0,00","0,00",PIŞIRME KAĞIDI--YAĞLI KAĞIT,198.0,46,1
ST00213,SOPALI FIRÇA,Temizlik Ürünü,ADET,"0,00","0,00","0,00",BİBER TATLI,160.0,52,1
st0000271,VENTURA CROM METAL PRLTICI 750 ML,Temizlik Ürünü,ADET,"0,00","0,00","0,00",VENTURA FRESH M (Genel Temizlik Mad.)20 KG.,598.0,39,1
ST00232,ALGİDA VİENETTA STİCK,Yiyecek,ADET,"0,00","0,00","0,00",TUVALET KAĞIDI 72 Lİ,524.0,48,1
ST00233,ALGİDA MİNECRAFT STİCK,Yiyecek,ADET,"0,00","0,00","0,00",NESCAFE CLASSIC Tin SR 6x1kg,1368.96,48,1
ST00260,MİX B 1000 GR EKMEK UNU,Yiyecek,ADET,"0,00","225,00","0,00",SUCUK BÜFE 900 GR.,699.1,55,1
ST00261,MİX C 1000 GR KEK PASTA UNU,Yiyecek,ADET,"0,00","260,00","0,00",PEROS ASPEROX 1000 GR,52.5,54,1
ST00262,PAN BLANCO 250 GR DİLİMLİ EKMEK,Yiyecek,ADET,"0,00","125,00","0,00","TOST PEYNİRİ DİLİMLİ 1,5 KG (K6)",439.09,37,1
ST00263,PAN RUSTİCO 250 GR LİFLİ EKMEK,Yiyecek,ADET,"0,00","155,00","0,00",ROLL EKMEĞİ Kepekli 40 GR,4.95,39,1
ST00264,CIVITA 450 GR FUSILLI MAKARNA,Yiyecek,ADET,"0,00","115,00","0,00",FILIZ FIYONK 5 KG MAKARNA,48.0,47,1
ST00265,CIVITA 450 GR SPAGETTİ MAKARNA,Yiyecek,ADET,"0,00","115,00","0,00",FILIZ FIYONK 5 KG MAKARNA,48.0,39,1
ST00267,CURVİES PAPRİKA 170 GR CİPS,Yiyecek,ADET,"0,00","310,00","0,00",PINAR MAYONEZ 700 GR,66.0,31,1
ST00268,CURVİES ORGİNAL 170 GR CİPS,Yiyecek,ADET,"0,00","310,00","0,00",PINAR MAYONEZ 700 GR,66.0,31,1
ST00269,CHOCOTTİ 70 GR,Yiyecek,ADET,"0,00","85,00","0,00",PINAR MAYONEZ 700 GR,66.0,32,1
ST00270,PAUSA CİOK KAKAO KAPLAMALI KEK 35 GR,Yiyecek,ADET,"0,00","55,00","0,00",5000 GR SÜZME ÇİÇEK BALI KOVA HASKAYMAK,960.0,33,1
ST00271,QUİNOTTİ 40 GR KİNOALI HALKA KRAKER,Yiyecek,ADET,"0,00","65,00","0,00",NAR TEKLI SARMA ŞEKER 4 KG,259.0,34,1
ST00272,SNACK 3*35 GR ÇİKOLATA KAPLI FINDIKLI GOFRET,Yiyecek,ADET,"0,00","205,00","0,00",BSZ TOP. FINDIKLI  24X35,9.5,53,1
ST00273,MİNİ SORİSİNİ 100 GR KAYMAKLI ÇİKOLATALI BİSKÜVİ,Yiyecek,ADET,"0,00","180,00","0,00",5000 GR SÜZME ÇİÇEK BALI KOVA HASKAYMAK,960.0,35,1
ST00274,GLÜTENSİZ ADA TUZLU KRAKER,Yiyecek,ADET,"0,00","135,00","0,00",ARSLANOĞLU PEYNIR TATLISI,575.0,47,1
ST00275,GLÜTENSİZ ADA SUSAMLI ÇUBUK KRAKER,Yiyecek,ADET,"0,00","160,00","0,00",PIŞIRME KAĞIDI--YAĞLI KAĞIT,198.0,46,1
ST00294,PROFİTEROL CUP,Yiyecek,ADET,"120,00","130,00","0,00",MIKROFIBER BEZ,26.0,50,1
ST00278,PİŞİ TABAĞI,Yiyecek,ADET,"90,00","0,00","0,00",BİBER TATLI,160.0,45,1
ST00279,TEKLİ PİŞİ,Yiyecek,ADET,"15,00","0,00","0,00",NAR TEKLI SARMA ŞEKER 4 KG,259.0,66,1
ST00280,ÜÇGEN PEYNİR,Yiyecek,ADET,"20,00","0,00","0,00",BAHÇIVAN MOZERELLA PEYNIR,379.0,66,1
ST00281,PİKNİK ZEYTİN,Yiyecek,ADET,"20,00","0,00","0,00",MİNİ--CEM SİYAH ZEYTİN  PİKNİK VAKUM 20GR 96 LI,445.0,100,0
ST00301,MAGNOLİA,Yiyecek,ADET,"120,00","120,00","0,00",MANTAR,170.0,57,1
ST00298,TİRAMİSU CUP,Yiyecek,ADET,"120,00","130,00","0,00",PATATES,35.0,42,1
ST00406,PEMBE KALPLİ KURABİYE,Yiyecek,ADET,"20,00","20,00","20,00",PIŞIRME KAĞIDI--YAĞLI KAĞIT,198.0,46,1
ST00216,SİYAH ÜZÜM,Yiyecek,KİLOGRAM,"0,00","0,00","0,00",SİYAH HASPET MUAYENE ELDİVENİ 100 LÜ*20 PK. MİDYUM,146.0,66,1
ST00203,CDO PANTHEON KARADUT 5.5LT,Yiyecek,ADET,"0,00","0,00","0,00",KNORR BULYON 5 KG DANA,1840.0,41,1
ST00204,"CDO PANTHEON VANİLYA 5,5 LT",Yiyecek,ADET,"0,00","0,00","0,00",SIVI SABUN 5 LT,189.8,50,1
ST00167,POPKEK LİMONLU,Yiyecek,ADET,"20,00","20,00","20,00",LİMON,120.0,52,1
st0000469,MİSKET MOZARELLA 3KG,Yiyecek,KİLOGRAM,"0,00","0,00","0,00",TOZ ŞEKER 50  KG,1975.0,36,1
st0000470,NAR KESME ŞEKER 750 GR,Yiyecek,ADET,"0,00","0,00","0,00",NAR KESME ŞEKER 750GR*20AD,790.0,87,1
ST00176,ALGİDA GÖKKUŞAĞI,Yiyecek,ADET,"10,00","0,00","0,00",PIŞIRME KAĞIDI--YAĞLI KAĞIT,198.0,47,1
ST00177,MAX TWİSTER COOL,Yiyecek,ADET,"15,00","0,00","0,00",ÇERİ DOMATES,100.0,42,1
ST00178,ALGİDA CLASSİCS ANTEP FISTIĞI,Yiyecek,ADET,"20,00","0,00","0,00",NESCAFE CLASSIC Tin SR 6x1kg,1368.96,49,1
ST00179,ALGİDA VOLKANO,Yiyecek,ADET,"40,00","0,00","0,00",KALIN BULGUR,29.8,46,1
ST00180,ALGİDA MİLKA,Yiyecek,ADET,"40,00","0,00","0,00",TUVALET KAĞIDI 72 Lİ,524.0,43,1
ST00181,ALGİDA CORNETTO KEYİF,Yiyecek,ADET,"20,00","0,00","0,00",BAHÇIVAN MOZERELLA PEYNIR,379.0,47,1
ST00187,FUAR HOTDOG,Yiyecek,ADET,"200,00","0,00","0,00",7 OZ BARDAK,0.55,36,1
ST00188,FUAR PATSO,Yiyecek,ADET,"150,00","0,00","0,00",PATATES,35.0,47,1
ST00189,FUAR PATAT,Yiyecek,ADET,"150,00","0,00","0,00",PATATES,35.0,58,1
ST00190,FUAR ÇITIR TAVUKLU PATAT,Yiyecek,ADET,"200,00","0,00","0,00",NAR TEKLI SARMA ŞEKER 4 KG,259.0,40,1
ST00191,FUAR FRAMBUAZLI PUDİNG,Yiyecek,ADET,"100,00","0,00","0,00",KALIN BULGUR,29.8,47,1
ST00192,FUAR ÇİKOLATALI PUDİNG,Yiyecek,ADET,"100,00","0,00","0,00",SÜT YARIM YAĞLI 1 L,34.41,43,1
st0000270,TUTKU 100GX24 KL,Yiyecek,ADET,"0,00","0,00","0,00",BAL 120X20 G,5.59,35,1
st0000456,ALGİDA KÜLAH 1*960 GR,Yiyecek,KOLİ,"190,00","190,00","0,00",HISAR TÜRK KAH. FOLYO 18X500G,280.88,33,1
st0000457,CDO PANTHEON KAVUN 5.5LT,Yiyecek,ADET,"0,00","0,00","0,00",SIVI SABUN 5 LT,189.8,46,1
st0000458,CDO PANTHEON LİMON 5.5LT,Yiyecek,ADET,"0,00","0,00","0,00",LİMON,120.0,100,0
st0000459,CDO PANTHEON ANTEP 5.5LT,Yiyecek,ADET,"0,00","0,00","0,00","FAN POR. P2,5L 1X6 LYT'25 UTC",384.0,50,1
st0000460,CDO PANTHEON KARAMEL 5.5LT,Yiyecek,ADET,"0,00","0,00","0,00",PUDRA ŞEKERİ DÖKME 5 KG,63.0,44,1
st0000462,CRAX SADE ÇUBUK KRAKER,Yiyecek,ADET,"0,00","0,00","0,00",ARBELLA BURGU MAKARNA 5 KG,37.8,45,1
st0000463,GONG 40GX18 DP,Yiyecek,ADET,"0,00","0,00","0,00",BAL 120X20 G,5.59,23,1
st0000464,TUTKU 100GX24 KL,Yiyecek,ADET,"0,00","0,00","0,00",BAL 120X20 G,5.59,35,1
st0000386,ÇİKOLATALI PASTA,Yiyecek,ADET,"0,00","0,00","0,00",ÇERİ DOMATES,100.0,42,1
st0000387,MEYVELİ PASTA,Yiyecek,ADET,"0,00","0,00","0,00",MANTAR,170.0,42,1
st0000388,DÜĞÜN PASTASI KARE,Yiyecek,ADET,"0,00","0,00","0,00",KALIN BULGUR,29.8,46,1
st0000389,CORNETTO CLASSİC CILEK ,Yiyecek,ADET,"0,00","0,00","0,00",NESCAFE CLASSIC Tin SR 6x1kg,1368.96,52,1
st0000390,CORNETTO CLASSICO KAYMAK,Yiyecek,ADET,"0,00","0,00","0,00",NESCAFE CLASSIC Tin SR 6x1kg,1368.96,42,1
st0000391,CORNETTO CLASSICO CIKOLATA,Yiyecek,ADET,"0,00","0,00","0,00",NESCAFE CLASSIC Tin SR 6x1kg,1368.96,48,1
st0000392,CORNETTO DISC CHOCO-COFFEE,Yiyecek,ADET,"55,00","55,00","55,00",COCA-COLA KUTU330ML 1X24 SAC25,635.14,39,1
st0000393,CORNETTO DISC MAX CIKOLATA,Yiyecek,ADET,"55,00","55,00","55,00",DERECIK SIRKE 2 LT *9AD,41.0,40,1
st0000394,CORNETTO DISC MAX MANGO,Yiyecek,ADET,"55,00","55,00","0,00",FINEFOOD ISPANAK 10 KG,67.5,40,1
st0000395,CORNETTO DISC VANİLYA-KARAMEL ,Yiyecek,ADET,"0,00","0,00","0,00",PIŞIRME KAĞIDI--YAĞLI KAĞIT,198.0,40,1
st0000397,CORNETTO DISC OREO,Yiyecek,ADET,"0,00","0,00","0,00",ÇERİ DOMATES,100.0,40,1
st0000398,CORNETTO KYF CL COKO-VAN 24X110,Yiyecek,ADET,"0,00","0,00","0,00",ÇÖP TORBASI JUMBO 80*110 SİYAH,617.0,42,1
st0000399,CORNETTO KULAH CL MRS US 24X115,Yiyecek,ADET,"0,00","0,00","0,00",KARTON KUMPİR 100'LÜ,4.29,47,1
st0000400,ALGIDA KLASİK STİCK KAKAO,Yiyecek,ADET,"0,00","0,00","0,00","SF PATATES KLASİK (9x9) 2,5 KG X 5",95.3,47,1
st0000401,ALGIDA KLASİK STİCK VANİLYA ,Yiyecek,ADET,"0,00","0,00","0,00",PIŞIRME KAĞIDI--YAĞLI KAĞIT,198.0,52,1
st0000402,ALGIDA KLASİK STİCK FISTIK,Yiyecek,ADET,"0,00","0,00","0,00",PIŞIRME KAĞIDI--YAĞLI KAĞIT,198.0,46,1
st0000403,ALGIDA BOOM BOOM,Yiyecek,ADET,"0,00","0,00","0,00",7 OZ BARDAK,0.55,45,1
st0000404,ALGIDA BOOM BOOM GOLD,Yiyecek,ADET,"35,00","0,00","0,00",PIŞIRME KAĞIDI--YAĞLI KAĞIT,198.0,47,1
st0000405,ALGIDA NOGGER SANDWICH,Yiyecek,ADET,"0,00","0,00","0,00",ARSLANOĞLU PEYNIR TATLISI,575.0,46,1
st0000406,ALGIDA MILKA STICK,Yiyecek,ADET,"40,00","40,00","0,00",PIŞIRME KAĞIDI--YAĞLI KAĞIT,198.0,45,1
st0000407,ALGIDA STİCK FRIGOLA,Yiyecek,ADET,"0,00","0,00","0,00",KARIŞTIRICI,56.0,45,1
st0000408,ALGIDA VOLCANO STICK,Yiyecek,ADET,"0,00","0,00","0,00",TUVALET KAĞIDI 72 Lİ,524.0,45,1
st0000409,MAGNUM BEYAZ,Yiyecek,ADET,"0,00","0,00","0,00",DOMATES BEEF,80.0,41,1
st0000410,MAGNUM BADEM,Yiyecek,ADET,"0,00","0,00","0,00",LİMON LAMAS,110.0,43,1
st0000411,MAGNUM CLASSIC,Yiyecek,ADET,"0,00","0,00","0,00",NESCAFE CLASSIC Tin SR 6x1kg,1368.96,66,1
st0000412,MAGNUM UTOPHIA KARAMEL BADEM,Yiyecek,ADET,"65,00","65,00","0,00",PIŞIRME KAĞIDI--YAĞLI KAĞIT,198.0,44,1
st0000413,MAGNUM UTOPHIA AHUDUDU BÖĞÜRTLEN,Yiyecek,ADET,"65,00","65,00","0,00",BIOGURME / FLENE %20 YAĞLI KREMA 1LT,96.0,43,1
st0000414,MAGNUM DOUBLE KARADUT,Yiyecek,ADET,"0,00","0,00","0,00",AYRAN 300 ML. EDT,13.1,43,1
st0000415,MAGNUM DOUBLE CHOCOLATE,Yiyecek,ADET,"0,00","0,00","0,00",COCA-COLA KUTU330ML 1X24 SAC25,635.14,41,1
st0000416,MAGNUM COOKIE,Yiyecek,ADET,"0,00","0,00","0,00",Kıyma,740.0,44,1
st0000417,MAX GOKKUSAGI PROMO,Yiyecek,ADET,"0,00","0,00","0,00",PIŞIRME KAĞIDI--YAĞLI KAĞIT,198.0,44,1
st0000418,MAX TWISTER COOL PROMO,Yiyecek,ADET,"0,00","0,00","0,00",PUDRA ŞEKERİ DÖKME 5 KG,63.0,40,1
st0000419,MAX TWISTER FOREST,Yiyecek,ADET,"0,00","0,00","0,00",VENTURA FRESH M (Genel Temizlik Mad.)20 KG.,598.0,41,1
st0000420,MAX TWISTER OCEAN,Yiyecek,ADET,"0,00","0,00","0,00",19 LT DAMACAN SU,118.81,48,1
st0000421,CORNETTO DISC ANTEP FISTIK-ÇİKOLATA,Yiyecek,ADET,"0,00","0,00","0,00",CAPPY VISNELI TET-200 LEAF VIS,220.91,46,1
st0000422,CORNETTO DISC MILKA,Yiyecek,ADET,"0,00","0,00","0,00",CAPPY VISNELI TET-200 LEAF VIS,220.91,40,1
st0000423,ALGIDA MARAS CUP,Yiyecek,ADET,"0,00","0,00","0,00",ARBELLA BURGU MAKARNA 5 KG,37.8,47,1
st0000424,MAGNUM DBL CHILL,Yiyecek,ADET,"0,00","0,00","0,00",ÇERİ DOMATES,100.0,42,1
st0000425,MAGNUM EUPHORIA,Yiyecek,ADET,"0,00","0,00","0,00",ÇERİ DOMATES,100.0,44,1
st0000426,CDO PANTHEON KAYMAK 5.5LT,Yiyecek,ADET,"0,00","0,00","0,00",FILIZ FIYONK 5 KG MAKARNA,48.0,48,1
st0000427,CDO PANTHEON CIKOLATA 5.5LT,Yiyecek,ADET,"0,00","0,00","0,00","SF PATATES KLASİK (9x9) 2,5 KG X 5",95.3,42,1
st0000428,CDO PANTHEON CILEK 5.5 LT,Yiyecek,ADET,"0,00","0,00","0,00","TOST PEYNİRİ DİLİMLİ 1,5 KG (K6)",439.09,45,1
st0000299,BURÇAK,Yiyecek,ADET,"0,00","0,00","0,00",7 OZ BARDAK,0.55,47,1
st0000232,FİNEFOOD 9*18 PATATES 15 KG,Yiyecek,KİLOGRAM,"0,00","0,00","0,00",PATATES,35.0,100,0
st0000220,KROKET PATATES,Yiyecek,KİLOGRAM,"0,00","0,00","0,00",PATATES,35.0,100,0
st0000221,TANE MISIR KONS 340 GR,Yiyecek,KİLOGRAM,"0,00","0,00","0,00",BERRAK KÖZLENMİŞ PATLICAN  3 KG,309.0,38,1
st0000212,TUKAŞ KETÇAP BÜFE 650 GR,Yiyecek,ADET,"0,00","0,00","0,00",SUCUK BÜFE 900 GR.,699.1,48,1
st0000213,TUKAŞ MAYONEZ BÜFE 650 GR ,Yiyecek,ADET,"0,00","0,00","0,00",PINAR MAYONEZ 700 GR,66.0,66,1
st0000361,KARAM GURME 50GX18 KL ,Yiyecek,ADET,"0,00","0,00","0,00",NAR KESME ŞEKER 750GR*20AD,790.0,51,1
st0000362,ETİ ÇİKOLATALI GOFRET 34GX42 ,Yiyecek,ADET,"0,00","0,00","0,00",DERECIK SIRKE 2 LT *9AD,41.0,28,1
st0000363,SUSAMLI ÇUBUK 56GX17,Yiyecek,ADET,"0,00","0,00","0,00",SÜT YARIM YAĞLI 1 L,34.41,41,1
st0000364,TOPKEK MEY. BSZ 40GX24 TV,Yiyecek,ADET,"0,00","0,00","0,00",BSZ TOP. FINDIKLI  24X35,9.5,47,1
st0000365,ETI CIK. STICK KARAMELLİ ,Yiyecek,ADET,"0,00","0,00","0,00",KARIŞTIRICI,56.0,47,1
st0000366,BROWNİ INTENSE KAKAOLU,Yiyecek,ADET,"0,00","0,00","0,00",KAPYA BİBER,130.0,42,1
st0000367,TOPKEK KAK. BSZ 35GX24 TV ,Yiyecek,ADET,"0,00","0,00","0,00",BSZ TOP. FINDIKLI  24X35,9.5,52,1
st0000368,ETİ STİCK SÜTLÜ ÇİKOLATA ,Yiyecek,ADET,"0,00","0,00","0,00",DERECIK SIRKE 2 LT *9AD,41.0,42,1
st0000369,POPKEK MUZ 60GX24 KL,Yiyecek,ADET,"20,00","20,00","20,00",NEMLİ MOP 60 CM,148.0,45,1
st0000370,POPKEK KAK. 60GX24 KL,Yiyecek,ADET,"20,00","20,00","20,00",BAL 120X20 G,5.59,28,1
st0000371,KREMALI SADE 61GX24 KL,Yiyecek,ADET,"0,00","0,00","0,00",FT SEFT.KT330ML 1X12 REMIX2 DYS,321.82,37,1
st0000372,TOPKEK CIL. BSZ 40GX24 TV,Yiyecek,ADET,"0,00","0,00","0,00",BSZ TOP. FINDIKLI  24X35,9.5,56,1
st0000373,CANGA,Yiyecek,ADET,"0,00","0,00","0,00",MANTAR,170.0,54,1
st0000374,KARAM STICK %54 210GX10KL ,Yiyecek,ADET,"0,00","0,00","0,00",AYRAN 200 MLT,184.0,33,1
st0000375,BENİMO ÇİKOLATALI,Yiyecek,ADET,"0,00","0,00","0,00",BİBER TATLI,160.0,50,1
st0000376,CRAX PEYNİRLİ,Yiyecek,ADET,"0,00","0,00","0,00",ARSLANOĞLU PEYNIR TATLISI,575.0,57,1
st0000377,BROWNI ÇİKOLATA FINDIK KEK 40 GR,Yiyecek,ADET,"0,00","0,00","0,00",5000 GR SÜZME ÇİÇEK BALI KOVA HASKAYMAK,960.0,32,1
st0000378,GEVREK,Yiyecek,ADET,"0,00","0,00","0,00",AYSBERK,90.0,46,1
st0000379,BOYOZ,Yiyecek,ADET,"0,00","0,00","0,00",7 OZ BARDAK,0.55,37,1
st0000340,"SF PATATES KLASİK 9X9 2,5 KG X 5 EDT",Yiyecek,KOLİ,"0,00","0,00","0,00",PATATES,35.0,100,0
st0000341,"SF PATATES KLASİK 9X18 2,5 KG X 5 EDT",Yiyecek,KİLOGRAM,"0,00","0,00","0,00",PATATES,35.0,100,0
st0000087,TON BALIK 160 GR,Yiyecek,ADET,"0,00","0,00","0,00",BAL 120X20 G,5.59,42,1
st0000006,HEINZ KETÇAP P.P SACHET,Yiyecek,ADET,"0,00","0,00","0,00",HEINZ HARDAL MILD 445 GR,148.0,40,1
st0000007,HEINZ MAYONEZ P.P SACHET,Yiyecek,ADET,"0,00","0,00","0,00",PINAR MAYONEZ 700 GR,66.0,52,1
st0000019,TEKLİ SARMA ŞEKER,Yiyecek,KOLİ,"0,00","0,00","0,00",NAR TEKLI SARMA ŞEKER 4 KG,259.0,100,0
st0000129,TÜRLÜ TURŞU,Yiyecek,KİLOGRAM,"0,00","0,00","0,00",4'LÜ ENDÜSTRİYEL SÜNGER,39.0,41,1
st0000133,REÇEL PİKNİK 20 GR ,Yiyecek,ADET,"0,00","0,00","0,00",SIZDIRMAZ KAP 250 GR,119.0,37,1
st0000134,KOSKA BAL 20 GR,Yiyecek,ADET,"0,00","0,00","0,00",BAL 120X20 G,5.59,59,1
st0000135,TEREYAĞ 10GR PİKNİK,Yiyecek,ADET,"0,00","0,00","0,00",VERDE SIZMA Z.YAĞI 5KG,1544.0,33,1
st0000136,ZEYTİN 30 GR  MİNİ 27 Lİ,Yiyecek,ADET,"0,00","0,00","0,00",MİNİ--CEM SİYAH ZEYTİN  PİKNİK VAKUM 20GR 96 LI,445.0,60,1
st0000137,ÜÇGEN PEYNİR 80 ADET KUTU,Yiyecek,ADET,"0,00","0,00","0,00",KARTON KUMPİR 100'LÜ,4.29,53,1
st0000150,KETÇAP POŞET 10 GR,Yiyecek,ADET,"0,00","0,00","0,00",PEROS ASPEROX 1000 GR,52.5,46,1
st0000151,MAYONEZ POŞET 10 GR,Yiyecek,ADET,"0,00","0,00","0,00",PINAR MAYONEZ 700 GR,66.0,56,1
st0000175,HELLMAN'S PP KETÇAP 616*9 GR,Yiyecek,ADET,"0,00","0,00","0,00","FAN POR. P2,5L 1X6 LYT'25 UTC",384.0,31,1
st0000052,TEK KULLANIMLIK KETÇAP,Yiyecek,ADET,"0,00","0,00","0,00",TUVALET KAĞIDI 72 Lİ,524.0,42,1
st0000053,TEK KULLANIMLIK MAYONEZ,Yiyecek,ADET,"0,00","0,00","0,00",PINAR MAYONEZ 700 GR,66.0,51,1
