Ürün Adı;Şube;Birim Maliyet (TL)
24*24 PEÇETE;SONKURT;4,58
24*24 PEÇETE;ABACI;4,58
33-B KÖPÜK TABAK;SONKURT;0,61
4 OZ BARDAK;ATILLA;0,98
4 OZ BARDAK;TOROS;0,98
4 OZ BARDAK;SONKURT;0,98
4 OZ BARDAK;ADILE;0,98
4 OZ BARDAK;CINARTEPE;0,98
4 OZ BARDAK;GUZELYALI;0,98
4 OZ BARDAK;GUZELYALI;0
4 OZ BARDAK;ABACI;0
7 OZ BARDAK;ATILLA;0
7 OZ BARDAK;TOROS;0
7 OZ BARDAK;SONKURT;0
7 OZ BARDAK;GUZELYALI;0
7 OZ BARDAK;GUZELYALI;0
7 OZ BARDAK;ABACI;0,55
7 OZ BARDAK;CINARTEPE;0,55
8 OZ BARDAK;GUZELYALI;0,94
8 OZ BARDAK;ATILLA;0,94
8 OZ BARDAK;TOROS;0,94
8 OZ BARDAK;SONKURT;0,94
8 OZ BARDAK;ADILE;0,94
8 OZ BARDAK;CINARTEPE;0,94
8 OZ BARDAK;AYAKUSTU;0,94
8 OZ BARDAK;GUZELYALI;0,94
ALBA SADE 10KG;CINARLI;114
ALÜMİNYUM 2 GÖZLÜ KASE + KAPAK;CINARTEPE;596
AMERİKAN 50*35 KAPSÜL 24 ADET;CINARLI;0
ANANAS;CINARLI;150
ARAP SABUNU KATI;CINARTEPE;0
ARPA ŞEHRİYE DÖKME KG;CINARLI;37,8
Arpacık Soğan;CINARLI;0
Asperox Mavi Güç;ABACI;98
Asperox Mavi Güç;SONKURT;98
Asperox Mavi Güç;ADILE;98
Asperox Sarı güç;ABACI;98
Asperox Sarı güç;SONKURT;98
Asperox Sarı güç;ADILE;98
Asperox Sarı güç;AYAKUSTU;98
AŞURELİK BUĞDAY;CINARLI;0
Atlet poşet;GUZELYALI;0
Atlet poşet;ADILE;0
Atlet poşet;AYAKUSTU;0
AYRAN 200 ML;CINARLI;8,86
AYRAN 200 ML;SONKURT;8,86
AYRAN 200 ML HALİL KOYUNCUOĞLU;TOROS;9,2
AYRAN 200 ML HALİL KOYUNCUOĞLU;ATILLA;9,2
AYRAN 200 ML HALİL KOYUNCUOĞLU;ABACI;9,2
BAKLA;CINARLI;0
BAL;CINARLI;192
BAL;CINARTEPE;192
BARDAK COOKİE;SONKURT;0
Bardak kapağı ;ATILLA;0
Bardak kapağı ;SONKURT;0
BARİLLA LAZANYA;CINARLI;0
BERRAK ACI BİBER ;AYAKUSTU;0
BEYAZ ÇİKOLATA KUVERTÜR;CINARLI;0
Bezelenmiş Pizza Hamuru;CINARLI;0
BREF POWER AKTİF 4'LÜ;CINARTEPE;0
Bulaşık makinesi kireç çözücü;GUZELYALI;0
Bulaşık makinesi kireç çözücü;ADILE;0
ENDÜSTRİYEL SÜNGER;TOROS;0
ENDÜSTRİYEL SÜNGER;ABACI;0
ENDÜSTRİYEL SÜNGER;ADILE;0
BULAŞIK TOP TEL;ADILE;48,2
BULAŞIK TOP TEL;CINARTEPE;48,2
BURGER PEYNİRİ 1000 G;CINARLI;408,9
Burpak alüminyum folyo;GUZELYALI;0
BÜYÜK FİNCAN BARDAĞI;ADILE;0
BÜYÜK FİNCAN TABAĞI;ADILE;0
CAJUN BAHARATI 1000 GR;CINARLI;207,5
CAJUN BAHARATI 1000 GR;GUZELYALI;207,5
CAJUN BAHARATI 1000 GR;ABACI;207,5
CAJUN BAHARATI 1000 GR;CINARTEPE;207,5
CAJUN BAHARATI 1000 GR;AYAKUSTU;207,5
CAM KAVANOZ ;CINARLI;0
CAMÇEK;SONKURT;0
Cansın yağçöz;GUZELYALI;0
CAPPY ATOM;ATILLA;0
CAPPY ATOM;CINARTEPE;0
CAPPY KARIŞIK;CINARLI;26,82
CAPPY KARIŞIK;TOROS;26,82
CAPPY KARIŞIK;SONKURT;26,82
CAPPY KARIŞIK;GUZELYALI;26,82
CAPPY KARIŞIK;ABACI;26,82
CAPPY KARIŞIK;CINARTEPE;26,82
CAPPY KRSIK SLEEK KUTU 330ML 12'Lİ;ATILLA;0
Cappy limonata 330 ml;TOROS;0
CAPPY PALPY PORTAKAL PET 330ML;CINARTEPE;24,44
CAPPY PALPY PORTAKAL PET 330ML;TOROS;24,44
CAPPY PORTAKAL;CINARTEPE;26,82
CAPPY ŞEFTALİ;ATILLA;26,82
CAPPY ŞEFTALİ;TOROS;26,82
CAPPY ŞEFTALİ;SONKURT;26,82
CAPPY ŞEFTALİ;GUZELYALI;26,82
CAPPY ŞEFTALİ;ADILE;26,82
CAPPY ŞEFTALİ;CINARTEPE;26,82
CAPPY VISNELI;TOROS;26,82
CAPPY VISNELI;SONKURT;26,82
CAPPY VISNELI;ADILE;26,82
CAPPY VISNELI;ABACI;26,82
CAPPY VISNELI;CINARTEPE;26,82
CAPPY VISNELI;GUZELYALI;0
CEM ZEYTİN;TOROS;0
CEM ZEYTİN;CINARTEPE;0
CİCİ BEBE;CINARLI;58,75
CİF KREM;ADILE;78
CİF KREM;GUZELYALI;0
Cif krem sprey;TOROS;0
COCA-COLA KUTU;CINARLI;26,82
COCA-COLA KUTU;ATILLA;26,82
COCA-COLA KUTU;GUZELYALI;26,82
COCA-COLA KUTU;TOROS;26,82
COCA-COLA KUTU;SONKURT;26,82
COCA-COLA KUTU;ADILE;26,82
COCA-COLA KUTU;ABACI;26,82
COCA-COLA KUTU;CINARTEPE;26,82
COCA-COLA KUTU;AYAKUSTU;26,82
COLA ZERO;CINARLI;26,82
COLA ZERO;GUZELYALI;26,82
COLA ZERO;ATILLA;26,82
COLA ZERO;TOROS;26,82
COLA ZERO;SONKURT;26,82
COLA ZERO;ABACI;26,82
COLA ZERO;CINARTEPE;26,82
COLA ZERO;AYAKUSTU;26,82
Colorado ketçap 9 gr;GUZELYALI;0
ÇAMAŞIR SUYU;CINARTEPE;29,29
Çarliston;CINARLI;0
ÇAY BARDAĞI;ADILE;0
ÇAY TABAĞI;ADILE;0
ÇERY DOMATES;CINARLI;100
ÇITIR TAVUK BONFİLE PARÇALARI ;TOROS;300
ÇITIR TAVUK BONFİLE PARÇALARI ;GUZELYALI;300
ÇITIR TAVUK BONFİLE PARÇALARI ;ATILLA;300
ÇITIR TAVUK BONFİLE PARÇALARI ;SONKURT;300
ÇITIR TAVUK BONFİLE PARÇALARI ;ABACI;300
ÇITIR TAVUK BONFİLE PARÇALARI ;CINARTEPE;300
ÇITIR TAVUK BONFİLE PARÇALARI ;AYAKUSTU;300
TRAKYAĞ SIVIYAĞ LT;TOROS;90,56
ÇÖP ŞİŞ KÜRDAN 20 CM;SONKURT;23
ÇÖP ŞİŞ KÜRDAN 20 CM;AYAKUSTU;23
ÇÖP TORBASI JUMBO DÖKME SİYAH 80*110;TOROS;1648
ÇÖP TORBASI JUMBO DÖKME SİYAH 80*110;SONKURT;1648
ÇÖP TORBASI JUMBO DÖKME SİYAH 80*110;ADILE;1648
ÇÖP TORBASI MİNİ;ADILE;14,75
ÇÖREK OTU;CINARLI;245
Dalan sıvı sabun 3lt;ABACI;0
DAMACANA SU 1 LT;ATILLA;0
DAMACANA SU 1 LT;CINARTEPE;0
DAMACANA SU 1 LT;AYAKUSTU;0
DAMLA DROP BİTTER KİLOLUK;CINARLI;260
DAMLA SADE SODA;ATILLA;7,18
DAMLA SADE SODA;GUZELYALI;7,18
DAMLA SADE SODA;TOROS;7,18
DAMLA SADE SODA;SONKURT;7,18
DAMLA SADE SODA;ADILE;7,18
DAMLA SADE SODA;ABACI;7,18
DAMLA SADE SODA;CINARTEPE;7,18
DAMLA SADE SODA;AYAKUSTU;7,18
DAMLA SU PET 500 ML;GUZELYALI;4,42
DAMLA SU PET 500 ML;ADILE;4,42
DAMLA SU PET 500 ML;ABACI;4,42
Dilim Jambon ;CINARLI;0
DİSPENSER PEÇETE;AYAKUSTU;393,6
DİSPENSER PEÇETE;TOROS;393,6
DİSPENSER PEÇETE;ADILE;393,6
DİSPENSER PEÇETE;CINARTEPE;393,6
DOĞRANMIŞ ANANAS;CINARLI;0
DOĞRANMIŞ DOMATES;CINARLI;58,8
FROZEN PİPET;ABACI;23,8
DOMATES;CINARLI;80
Domestos 3,2 lt;GUZELYALI;0
Domestos 3,2 lt;TOROS;0
Domestos 3,2 lt;ADILE;0
Domestos 3,2 lt;CINARTEPE;0
DONUK BEZELYE;CINARLI;73
DONUK MISIR;CINARLI;35,2
DORİTOS TACO MEGA;CINARLI;0
DÖKME MAKARNA;CINARLI;37,8
DR OETKER VANILYA 1 KG;CINARLI;189
Drop içten çekmeli havlu;GUZELYALI;0
Drop içten çekmeli havlu;CINARTEPE;0
ELMA İTHAL;CINARLI;120
ELMALI KURABİYE;CINARLI;0
ENDÜSTRİYEL SÜNGER;GUZELYALI;39
ENDÜSTRİYEL SÜNGER;SONKURT;39
ERİŞTE;CINARLI;35,9
Eti  kremalı bisküvi;TOROS;0
Eti  kremalı bisküvi;SONKURT;0
ETİ BROWNİ;ATILLA;11,88
ETİ BROWNİ;SONKURT;11,88
ETİ BROWNİ İNTENSE;ATILLA;19,8
ETİ BROWNİ İNTENSE;TOROS;19,8
ETİ BROWNİ İNTENSE;SONKURT;19,8
ETİ BURÇAK;CINARLI;19,8
Eti canga;TOROS;0
ETİ CRAX;ATILLA;4,75
ETİ CRAX;SONKURT;4,75
ETİ CRAX;CINARTEPE;4,75
ETİ ÇİKOLATALI GOFRET;TOROS;11,88
ETİ ÇİKOLATALI GOFRET;ATILLA;11,88
ETİ ÇİKOLATALI GOFRET;SONKURT;11,88
ETİ KARAM;ATILLA;23,76
Eti karam ;TOROS;23,76
ETİ SUSAMLI ÇUBUK;ATILLA;10,69
ETİ SUSAMLI ÇUBUK;SONKURT;10,69
ETİ TOPKEK ÇEŞİTLERİ;ATILLA;0
FAN POR. KUTU 330 ML C+;CINARLI;26,82
FAN POR. KUTU 330 ML C+;GUZELYALI;26,82
FAN POR. KUTU 330 ML C+;ATILLA;26,82
FAN POR. KUTU 330 ML C+;TOROS;26,82
FAN POR. KUTU 330 ML C+;SONKURT;26,82
FAN POR. KUTU 330 ML C+;ABACI;26,82
FAN POR. KUTU 330 ML C+;CINARTEPE;26,82
FAN POR. KUTU 330 ML C+;AYAKUSTU;26,82
FINDIK KIRIK 1 KG;CINARLI;875
FINEFOOD ISPANAK 10 KG;CINARLI;6,75
FIRIN MAKARNA;CINARLI;36,8
FİYONK MAKARNA 5 KG;CINARLI;48
FO ŞURUP NARLI 700 ML;CINARLI;389
FO TOPING FRAMBUAZ;CINARLI;379
FRİTA YAĞI 18 LT;ATILLA;104,77
FRİTA YAĞI 18 LT;CINARLI;104,77
FRİTA YAĞI 18 LT;ABACI;104,77
FRİTA YAĞI 18 LT;AYAKUSTU;104,77
FROZEN PİPET;TOROS;23,8
FROZEN PİPET;SONKURT;23,8
FROZEN PİPET;ADILE;23,8
FROZEN PİPET;CINARTEPE;23,8
FROZEN PİPET;ATILLA;0
FUTEA KARPUZ KUTU 330ML;ATILLA;26,82
FUTEA KARPUZ KUTU 330ML;GUZELYALI;26,82
FUTEA KARPUZ KUTU 330ML;TOROS;26,82
FUTEA KARPUZ KUTU 330ML;CINARTEPE;26,82
FUTEA KARPUZ KUTU 330ML;AYAKUSTU;26,82
FUTEA KAVUN ÇİLEK KUTU 330ML;GUZELYALI;26,82
FUTEA KAVUN ÇİLEK KUTU 330ML;ATILLA;26,82
FUTEA KAVUN ÇİLEK KUTU 330ML;TOROS;26,82
FUTEA KAVUN ÇİLEK KUTU 330ML;SONKURT;26,82
FUTEA KAVUN ÇİLEK KUTU 330ML;ABACI;26,82
FUTEA KAVUN ÇİLEK KUTU 330ML;CINARTEPE;26,82
FUTEA KAVUN ÇİLEK KUTU 330ML;AYAKUSTU;26,82
FUTEA LIMON KUTU 330ML;ATILLA;26,82
FUTEA LIMON KUTU 330ML;TOROS;26,82
FUTEA LIMON KUTU 330ML;SONKURT;26,82
FUTEA LIMON KUTU 330ML;ABACI;26,82
FUTEA LIMON KUTU 330ML;CINARTEPE;26,82
FUTEA LIMON KUTU 330ML;AYAKUSTU;26,82
FUTEA MAN-ANNS KUTU 330ML;ATILLA;26,82
FUTEA MAN-ANNS KUTU 330ML;GUZELYALI;26,82
FUTEA MAN-ANNS KUTU 330ML;TOROS;26,82
FUTEA MAN-ANNS KUTU 330ML;SONKURT;26,82
FUTEA MAN-ANNS KUTU 330ML;ABACI;26,82
FUTEA MAN-ANNS KUTU 330ML;CINARTEPE;26,82
FUTEA MAN-ANNS KUTU 330ML;AYAKUSTU;26,82
FUTEA SEFT.KT 330ML 1X12;CINARLI;26,82
FUTEA SEFT.KT 330ML 1X12;ATILLA;26,82
FUTEA SEFT.KT 330ML 1X12;TOROS;26,82
FUTEA SEFT.KT 330ML 1X12;SONKURT;26,82
FUTEA SEFT.KT 330ML 1X12;ABACI;26,82
FUTEA SEFT.KT 330ML 1X12;CINARTEPE;26,82
FUTEA SEFT.KT 330ML 1X12;AYAKUSTU;26,82
GALETA UNU;CINARLI;36
GARNİTÜR;CINARLI;0
GARSON KATLAMA PEÇETE 33-31;CINARTEPE;544
GDK UZUN SOSİS 1000 GR;CINARTEPE;139
GDK UZUN SOSİS 1000 GR;AYAKUSTU;139
GEDİK PL. KOKT. SOSİS 1KG*8;GUZELYALI;0
GEDİK PL. KOKT. SOSİS 1KG*8;CINARLI;0
GEDİK PL. KOKT. SOSİS 1KG*8;ABACI;0
GEDİK PL. KOKT. SOSİS 1KG*8;TOROS;0
GEDİK PL. KOKT. SOSİS 1KG*8;GUZELYALI;0
GEDİK PL. KOKT. SOSİS 1KG*8;ATILLA;0
GEDİK PL. KOKT. SOSİS 1KG*8;CINARTEPE;0
GEVREK;CINARTEPE;0
Haddog sosis;SONKURT;0
HAMBURGER EKMEĞİ BÜFE TİP 6*85 GR;CINARLI;59,41
Hamburger Köftesi;CINARLI;0
HANTAL BOY ÇÖP TORBASI;ABACI;0
HARUN DİLİM KAŞAR;ATILLA;329
HARUN DİLİM KAŞAR;GUZELYALI;329
HARUN DİLİM KAŞAR;ABACI;329
HARUN DİLİM KAŞAR;CINARTEPE;329
HARUN TAZE YARIM YAĞLI ERİTME PEYNİR;TOROS;0
HAŞHAŞ;CINARLI;248
Hazır Pizza Hamuru;CINARLI;0
HEINZ HARDAL MILD 445 GR;SONKURT;148
HEINZ HARDAL MILD 445 GR;AYAKUSTU;148
HEINZ KETÇAP P.P SACHET;CINARTEPE;1,1
HEINZ MAYONEZ 420 GR;SONKURT;0
Hindi Füme Eti;CINARLI;0
HİNDİSTAN CEVİZİ;CINARLI;0
HİSAR TÜRK KAHVE 500 GR;ATILLA;313,93
HİSAR TÜRK KAHVE 500 GR;TOROS;313,93
HİSAR TÜRK KAHVE 500 GR;GUZELYALI;313,93
HİSAR TÜRK KAHVE 500 GR;SONKURT;313,93
HİSAR TÜRK KAHVE 500 GR;ABACI;313,93
HİSAR TÜRK KAHVE 500 GR;ADILE;313,93
HİSAR TÜRK KAHVE 500 GR;CINARTEPE;313,93
ISLAK KOLONYALI MENDİL KOLİ 1000 ADET;TOROS;430
ISLAK KOLONYALI MENDİL KOLİ 1000 ADET;SONKURT;430
ISLAK KOLONYALI MENDİL KOLİ 1000 ADET;ADILE;430
ISLAK KOLONYALI MENDİL KOLİ 1000 ADET;AYAKUSTU;430
İceberg;CINARLI;0
İÇTEN ÇEKMELİ HAVLU  6 LI;TOROS;498
İÇTEN ÇEKMELİ HAVLU  6 LI;SONKURT;498
İÇTEN ÇEKMELİ HAVLU  6 LI;ABACI;498
İÇTEN ÇEKMELİ HAVLU  6 LI;ADILE;498
İÇTEN ÇEKMELİ HAVLU  6 LI;AYAKUSTU;498
İNCE BULGUR;CINARLI;29,8
İRİ NOHUT MEKSİKA 10 MM;CINARLI;94
İRMİK;CINARLI;0
İzmir su 0.5;TOROS;0
İzmir su 0.5;GUZELYALI;0
İzmir su 0.5;SONKURT;0
İzmir su 0.5;ADILE;0
İzmir su 0.5;ABACI;0
İzmir su 0.5;ATILLA;0
İzmir su 0.5;CINARTEPE;0
İzmir su 0.5;AYAKUSTU;0
İzmir Su Damacan ;GUZELYALI;0
İzmir Su Damacan ;SONKURT;0
JAPON  KÜRDAN;CINARTEPE;29
JUMBO ÇÖP TORBASI 400 GR;CINARTEPE;48,9
KABARTMA TOZU 1 KG;CINARLI;189
KAKAO 1 KG;CINARLI;217
KAKAOLU CUPCAKE;CINARLI;0
KAKAOLU KURABİYE;CINARLI;0
KALIN BULGUR;CINARLI;29,8
KALPLİ BEYAZ KURABİYE;CINARLI;0
KALPLİ ÇİKOLATALI KURABİYE;CINARLI;0
Karabiber ;CINARLI;0
KARABİBER 1000GR;CINARLI;440
KARBONAT;CINARLI;0
KARIŞIK TOST;CINARLI;0
KARIŞTIRICI;ATILLA;56
KARIŞTIRICI;TOROS;56
KARIŞTIRICI;SONKURT;56
KARIŞTIRICI;GUZELYALI;56
KARIŞTIRICI;ABACI;56
KARIŞTIRICI;CINARTEPE;56
KARPUZ - ÇİLEKLİ SODA;ATILLA;9,4
KARPUZ - ÇİLEKLİ SODA;SONKURT;9,4
KARPUZ - ÇİLEKLİ SODA;CINARTEPE;9,4
KARPUZ - ÇİLEKLİ SODA;AYAKUSTU;9,4
KARTON BARDAK 6,5 OZ KOLİ 3000 ADET;ADILE;0,46
KARTON BARDAK 6,5 OZ KOLİ 3000 ADET;ABACI;0,46
KARTON KUMPİR 100'LÜ PAKET;ATILLA;429
KARTON KUMPİR 100'LÜ PAKET;SONKURT;429
KARTON KUMPİR 100'LÜ PAKET;CINARTEPE;429
KARTON KUMPİR 100'LÜ PAKET;AYAKUSTU;429
KAŞARLI TOST;ATILLA;0
KAŞARLI TOST;SONKURT;0
KAŞARLI TOST;ABACI;0
KAYMAKSIZ YOĞURT KOVA KG;CINARLI;44,72
KEKİK 1000 GR;CINARLI;630
Kese kağıdı;GUZELYALI;0
Kese kağıdı;AYAKUSTU;0
KIRIK CEVİZ;CINARLI;0
Kırmızı Kapya Biber;CINARLI;0
KIRMIZI MERCİMEK YERLİ;CINARLI;96
KIYMALI BÖREK;CINARLI;0
KİMYON;CINARLI;239
Kimyon;CINARLI;0
KİREÇ ÇÖZÜCÜ 1KG;CINARTEPE;98
KİREÇ ÇÖZÜCÜ 1KG;AYAKUSTU;98
Kivi;CINARLI;0
Klasik limon kolonyalı mendil;GUZELYALI;0
Klasik limon kolonyalı mendil;ABACI;0
KNORR BULYON 5 KG DANA;CINARLI;368
KNORR BULYON 5 KG TAVUK;CINARLI;368
KOKTEYL ZEYTİN;CINARLI;0
KORAPLAST JUMBO ÇÖP TORBASI;ATILLA;0
KOSTİK KATI;GUZELYALI;0
KOSTİK KATI;ABACI;0
Köri Sos;CINARLI;0
KÖRİ TOZU;CINARLI;0
Közlenmiş Kırmızı Biber;CINARLI;0
KÖZLENMİŞ PATLICAN (ADET SAYILACAK);CINARLI;103
KREMA;CINARLI;96
KURU FASÜLYE;CINARLI;69
KURU MAYA;CINARLI;27,5
KURU MAYA;TOROS;27,5
KURU MAYA;CINARTEPE;27,5
KURU NANE;CINARLI;260
KÜÇÜK FİNCAN BARDAK;ADILE;0
KÜÇÜK FİNCAN TABAĞI;ADILE;0
KÜLTABLASI;SONKURT;0
LABNE;CINARLI;188,2
LAYS KLASİK MEGA;CINARLI;0
Le menta çabuk baharat 650 gr;TOROS;0
Limon;CINARLI;0
LİMON SOSU;CINARLI;29,8
Lolorosso;CINARLI;0
MAGİC SEASONİNG CAJUN BAHARATI 567 GR;CINARLI;0
MAHLEP;CINARLI;990
MAHLEPLİ KURABİYE;CINARLI;0
MANGO ANANAS SODA;CINARTEPE;9,4
MANTAR;CINARLI;170
Mantar Sos;CINARLI;0
MAXIMUS Z DISPENSER PEÇETE ;CINARTEPE;0
MAYDONOZ;CINARLI;8
Maylo rulo kağıt havlu;ATILLA;0
MAYONEZ KİLOLUK;AYAKUSTU;47,38
MISIR UNU 1 KG;CINARLI;28
MİCROFİBER BEZ;SONKURT;26
MİCROFİBER BEZ;ABACI;26
MİKROFİBER BEZ;ADILE;26
MİKROFİBER BEZ;AYAKUSTU;26
MİNİ COOKİE İKRAM;CINARLI;0
MİNİ TARTOLET;CINARLI;0
MOP YEDEK;TOROS;148
MOP YEDEK;CINARTEPE;148
MUAYENE ELDİVEN NİTRİL MAVİ/M-L;ABACI;168
MYS YAVUZ PEYNİR TATLISI 1 KG;CINARLI;575
N73(BÜYÜK) PENNE BARİLLA 2 KG;CINARLI;69,5
NAR EKŞİLİ SOS;CINARLI;54,4
NAR KESME ŞEKER 750 GR;ATILLA;39,5
NAR KESME ŞEKER 750 GR;TOROS;39,5
NAR KESME ŞEKER 750 GR;ADILE;39,5
NAR KESME ŞEKER 750 GR;GUZELYALI;0
NAR KESME ŞEKER 750 GR;SONKURT;0
NAR KESME ŞEKER 750 GR;ABACI;0
NAR KESME ŞEKER 750 GR;ABACI;0
Nar tek sargılı küp şeker;ATILLA;0
Nar tek sargılı küp şeker;TOROS;0
Nar tek sargılı küp şeker;ABACI;0
Nar tek sargılı küp şeker;ADILE;0
NAR TOZ ŞEKER 5 KG;CINARTEPE;0
NAYLON TORBA ORTA;SONKURT;0
NAZO BİBER;CINARLI;0
NESCAFE CAPPUCINO VANL.12x1KG;ABACI;694,51
NESCAFE INTENSE;ATILLA;2055,67
NESCAFE INTENSE;GUZELYALI;2055,67
NESCAFE INTENSE;SONKURT;2055,67
NESCAFE INTENSE;TOROS;2055,67
NESCAFE INTENSE;ADILE;2055,67
NESCAFE INTENSE;ABACI;2055,67
NESCAFE INTENSE;CINARTEPE;2055,67
NESCAFE INTENSE;AYAKUSTU;2055,67
NESCAFE INTENSE;ADILE;2055,67
NESCAFE SÜTLÜ 12x1kg;ATILLA;546,38
NESCAFE SÜTLÜ 12x1kg;GUZELYALI;546,38
NESCAFE SÜTLÜ 12x1kg;SONKURT;54638
NESCAFE SÜTLÜ 12x1kg;TOROS;54638
NESCAFE SÜTLÜ 12x1kg;ADILE;54638
NESCAFE SÜTLÜ 12x1kg;CINARTEPE;54638
NESCAFE SÜTLÜ 12x1kg;AYAKUSTU;54638
NESCAFE SÜTLÜ 12x1kg;GUZELYALI;54638
NESCAFE SÜTLÜ 12x1kg;ADILE;546,38
NESTLE 1927 SÜTLÜ KUVERTÜR 2,5KG;CINARLI;0
NESTLE BİTTER KUVERTÜR 2,5KG;CINARLI;0
NESTLE CAPUCCINOCREAMER 12x1Kg;GUZELYALI;546,85
NESTLE CAPUCCINOCREAMER 12x1Kg;TOROS;54685
NESTLE CAPUCCINOCREAMER 12x1Kg;SONKURT;54685
NESTLE CAPUCCINOCREAMER 12x1Kg;ADILE;54685
NESTLE CAPUCCINOCREAMER 12x1Kg;ABACI;54685
NESTLE CAPUCCINOCREAMER 12x1Kg;CINARTEPE;54685
NESTLE CAPUCCINOCREAMER 12x1Kg;AYAKUSTU;54685
NESTLE CAPUCCINOCREAMER 12x1Kg;ADILE;54685
NESTLE SICAK ÇİKOLATA 12X1KG;ATILLA;456,21
NESTLE SICAK ÇİKOLATA 12X1KG;GUZELYALI;456,21
NESTLE SICAK ÇİKOLATA 12X1KG;SONKURT;456,21
NESTLE SICAK ÇİKOLATA 12X1KG;TOROS;456,21
NESTLE SICAK ÇİKOLATA 12X1KG;ADILE;456,21
NESTLE SICAK ÇİKOLATA 12X1KG;CINARTEPE;456,21
NESTLE SICAK ÇİKOLATA 12X1KG;AYAKUSTU;456,21
NESTLE SICAK ÇİKOLATA 12X1KG;GUZELYALI;456,21
NESTLE SICAK ÇİKOLATA 12X1KG;ADILE;456,21
NİĞDE GAZOZ;ATILLA;17,1
NİĞDE GAZOZ;SONKURT;17,1
NİĞDE GAZOZ;GUZELYALI;17,1
NİĞDE GAZOZ;ABACI;17,1
NİĞDE GAZOZ;CINARTEPE;17,1
Niğde Gazozu 250ml;TOROS;0
Niğde Gazozu 250ml;GUZELYALI;0
NİŞASTA 10 KG;CINARLI;28,8
Nossa lavobo bulaşık fırçası;GUZELYALI;0
ODA PARFÜMÜ SPREY KAVUN;ADILE;138
OVA UN;CINARLI;28,76
OVA UN;TOROS;28,76
OVA UN;CINARTEPE;28,76
ÖNCÜ BİBER SALÇA;CINARLI;128,8
Öncü Közlenmiş Patlıcan;CINARLI;0
ÖNCÜ PUL BİBER 1 KG;CINARLI;209
ÖNCÜ PUL BİBER 1 KG;GUZELYALI;209
PASTA JELİ;CINARLI;0
PASTACI KREMASI;CINARLI;259
PATATESLİ BÖREK;CINARLI;0
PEKMEZCİ SİGARA BÖREĞİ (KALEM);TOROS;11,9
PEKMEZCİ SİGARA BÖREĞİ (KALEM);ATILLA;11,9
PEKMEZCİ SİGARA BÖREĞİ (KALEM);CINARTEPE;11,9
PEKMEZCİ SİGARA BÖREĞİ (KALEM);AYAKUSTU;11,9
PEKMEZCİ SİGARA BÖREĞİ (KALEM);SONKURT;0
PEKMEZCİ SİGARA BÖREĞİ (KALEM);ABACI;0
PEYNİRLİ POĞAÇA;CINARLI;0
PEYNİRLİ TOST;TOROS;0
PEYNİRLİ TOST;CINARLI;0
PINAR KETÇAP SERVİS 800 GR;AYAKUSTU;0
PINAR MAYONEZ SERVİS 700 GR;GUZELYALI;65,88
PINAR MAYONEZ SERVİS 700 GR;AYAKUSTU;65,88
PİKNİK ZEYTİN;CINARLI;0
PİRİNÇ;CINARLI;86
PİŞİRME KAĞIDI - YAĞLI KAĞIT;CINARTEPE;198
PİŞİRME KAĞIDI - YAĞLI KAĞIT;GUZELYALI;0
PİŞİRME KAĞIDI - YAĞLI KAĞIT;ABACI;0
PLASTİK ÇATAL 100 LÜ;GUZELYALI;49
PLASTİK ÇATAL 100 LÜ;TOROS;49
PLASTİK ÇATAL 100 LÜ;SONKURT;49
PLASTİK ÇATAL 100 LÜ;ABACI;49
PLASTİK ÇATAL 100 LÜ;CINARTEPE;49
PLASTİK KAŞIK 100 LÜ;GUZELYALI;0
PLASTİK KAŞIK 100 LÜ;ABACI;0
PLASTİK KAŞIK 100 LÜ;CINARTEPE;0
PLASTİK KAŞIK 100 LÜ;TOROS;59
PLASTİK KAŞIK 100 LÜ;ADILE;59
PLASTİK KAŞIK 100 LÜ;ATILLA;0
PLSTK KVA ÇİÇEK KARIŞIK SEBZE TURŞU;CINARLI;35,78
Poınt yağlı kağıt 50 m. ;TOROS;0
Poınt yağlı kağıt 50 m. ;ATILLA;0
PORTAKALLI KURABİYE;CINARLI;0
PRİL 4 KG;CINARTEPE;42
PUDRA ŞEKERİ DÖKME;CINARLI;63
REÇEL PİKNİK 20 GR;CINARTEPE;0
RENDE MOZARELLA PEYNİR;CINARLI;379
Roka;CINARLI;0
SAF TUZ 750 GR;CINARLI;15,89
SALAM;CINARLI;0
Salatalık;CINARLI;0
Salatalık Turşusu;CINARLI;0
SALATALIK TURŞUSU;AYAKUSTU;0
SALÇA;CINARLI;57,8
Sanek kare tost ekmeği;GUZELYALI;0
Sanek kare tost ekmeği;SONKURT;0
Sanek Sandviç Ekmeği;GUZELYALI;0
Sanek Sandviç Ekmeği;SONKURT;0
SEĞMEN KARADUT 5KG;CINARLI;135,8
SELPAK PROFESSİONEL DİSPENSER PEÇETE;GUZELYALI;36,67
SERVİS TABAĞI;ADILE;0
SF PATATES KLASİK 9X18 2,5 KG X 5 EDT;AYAKUSTU;0
SIVI EL SABUNU 5 LT;GUZELYALI;28,6
SIVI EL SABUNU 5 LT;CINARTEPE;28,6
SIVI SABUN 1 LT;ADILE;28,6
SİNEK İLACI;ADILE;0
SİRKE;CINARLI;20,5
SİYAH HASPET MUAYENE ELDİVENİ 100'LÜ;GUZELYALI;189
SİYAH HASPET MUAYENE ELDİVENİ 100'LÜ;TOROS;189
SİYAH HASPET MUAYENE ELDİVENİ 100'LÜ;ADILE;189
SİYAH HASPET MUAYENE ELDİVENİ 100'LÜ;CINARTEPE;189
SİYAH HASPET MUAYENE ELDİVENİ 100'LÜ;AYAKUSTU;189
SODA ELMA;ATILLA;9,4
SODA ELMA;SONKURT;9,4
SODA ELMA;ADILE;9,4
SODA ELMA;CINARTEPE;9,4
SODA ELMA;AYAKUSTU;9,4
SODA LİMON;ATILLA;9,4
SODA LİMON;SONKURT;9,4
SODA LİMON;ADILE;9,4
SODA LİMON;CINARTEPE;9,4
SODA LİMON;AYAKUSTU;9,4
SOĞAN TUZU;CINARLI;0
Sosis;SONKURT;0
SOYA SOSU;CINARLI;138
Spil Yağda Kuru Domates;CINARLI;0
SPRİTE;GUZELYALI;26,82
SPRİTE;ATILLA;26,82
SPRİTE;SONKURT;26,82
SPRİTE;CINARTEPE;26,82
SPRİTE;AYAKUSTU;26,82
STOTCH BRITE BULAŞIK SÜNGERİ ;CINARTEPE;0
STREÇ FİLM;GUZELYALI;336
STREÇ FİLM;ATILLA;336
STREÇ FİLM;TOROS;336
STREÇ FİLM;SONKURT;336
STREÇ FİLM;ADILE;336
STREÇ FİLM;ABACI;336
SUCUK;CINARLI;0
SUCUKLU KAŞARLI TOST;CINARLI;0
SUMAK ;CINARLI;0
SUPERFRESH 9*9 PATATES (KLASİK);TOROS;0
SUPERFRESH 9*9 PATATES (KLASİK);GUZELYALI;0
SUPERFRESH 9*9 PATATES (KLASİK);ATILLA;0
SUPERFRESH 9*9 PATATES (KLASİK);SONKURT;0
SUPERFRESH 9*9 PATATES (KLASİK);ABACI;0
SUPERFRESH 9*9 PATATES (KLASİK);CINARTEPE;0
SUPERFRESH 9*9 PATATES (KLASİK);CINARLI;0
SUSAM;CINARLI;148
SÜT YARIM YAĞLI 1 LT;CINARLI;40,51
SÜTAŞ TOST PEYNİRİ DİLİMLİ KG;CINARLI;336,9
SÜZME YOĞURT;CINARLI;114
SÜZME YOĞURT;AYAKUSTU;114
ŞANTİ TORBASI;CINARLI;204
Takas kecap 600gr;SONKURT;0
TARÇIN;CINARLI;275
TARHANA ;CINARLI;0
Tavuk Göğsü;CINARLI;0
Tavuk Izgara;CINARLI;0
TAZE FASULYE;CINARLI;0
TBT JUMBO DEMLİK 30 GR OFÇAY ( 30 ADET);GUZELYALI;397,78
TBT JUMBO DEMLİK 30 GR OFÇAY ( 30 ADET);ATILLA;397,78
TBT JUMBO DEMLİK 30 GR OFÇAY ( 30 ADET);SONKURT;397,78
TBT JUMBO DEMLİK 30 GR OFÇAY ( 30 ADET);TOROS;397,78
TBT JUMBO DEMLİK 30 GR OFÇAY ( 30 ADET);ABACI;397,78
TBT JUMBO DEMLİK 30 GR OFÇAY ( 30 ADET);ADILE;397,78
TBT JUMBO DEMLİK 30 GR OFÇAY ( 30 ADET);CINARTEPE;397,78
TEK KULLANIMLIK KETÇAP;CINARTEPE;0,87
TEK KULLANIMLIK KETÇAP;ATILLA;0,87
TEK KULLANIMLIK KETÇAP;TOROS;0,87
TEK KULLANIMLIK KETÇAP;SONKURT;0,87
TEK KULLANIMLIK KETÇAP;ABACI;0,87
TEK KULLANIMLIK KETÇAP;GUZELYALI;0,87
TEK KULLANIMLIK MAYONEZ;GUZELYALI;1,07
TEK KULLANIMLIK MAYONEZ;TOROS;1,07
TEK KULLANIMLIK MAYONEZ;ATILLA;1,07
TEK KULLANIMLIK MAYONEZ;SONKURT;1,07
TEK KULLANIMLIK MAYONEZ;ABACI;1,07
TEK KULLANIMLIK MAYONEZ;CINARTEPE;1,07
TEKLİ SARMA ŞEKER;CINARTEPE;64,75
Teksen Zeytin Ezme;CINARLI;0
TEL ŞEHRİYE DÖKME 5 KG;CINARLI;36,8
TEREYAĞ 10GR PİKNİK;CINARTEPE;0
TEREYAĞI 1 KG;CINARLI;575
TERMAL POS RULOSU;ATILLA;7,4
TERMAL POS RULOSU;TOROS;7,4
TERMAL POS RULOSU;ADILE;7,4
TERMAL POS RULOSU;ABACI;7,4
TERMAL POS RULOSU;CINARTEPE;7,4
TERMAL POS RULOSU;AYAKUSTU;7,4
TERMAL RULOSU;ATILLA;24,4
TERMAL RULOSU;TOROS;24,4
TERMAL RULOSU;ADILE;24,4
TERMAL RULOSU;ABACI;24,4
TERMAL RULOSU;CINARTEPE;24,4
TERMAL RULOSU;AYAKUSTU;24,4
TİTAN KREM TEMİZLEYİCİ ;CINARTEPE;0
TORTİLLA LAVAŞ 12 Lİ;CINARLI;129
TOZ BİBER;CINARLI;220
TOZ ŞEKER 50  KG;CINARLI;39,5
TRAKYAĞ SIVIYAĞ LT;CINARLI;90,56
TROCEAN TABLET MAKİNE TUZU ;CINARTEPE;0
Tulum Peyniri;CINARLI;0
TURYAĞ 18 LT (FRİTÖZ YAĞI);TOROS;101,39
TURYAĞ 18 LT (FRİTÖZ YAĞI);GUZELYALI;101,39
TURYAĞ 18 LT (FRİTÖZ YAĞI);CINARTEPE;101,39
TURYAĞ 18 LT (FRİTÖZ YAĞI);SONKURT;101,39
TUVALET KAĞIDI 72'Lİ BELLEZA;ADILE;7,28
TUVALET KAĞIDI 72'Lİ BELLEZA;CINARTEPE;7,28
UFAK BOY-BERRAK KAPARİ 320 ML;CINARLI;0
ÜÇGEN PEYNİR;TOROS;0
ÜÇGEN PEYNİR;CINARTEPE;0
ÜLKER TEREMYAĞ KG;TOROS;107,6
ÜLKER TEREMYAĞ KG;SONKURT;107,6
ÜLKER TEREMYAĞ KG;ABACI;107,6
ÜLKER TEREMYAĞ KG;CINARTEPE;107,6
ÜZÜMLÜ KURABİYE;CINARLI;0
VENTURA BULAŞIK MAK DTRJAN 20KG;GUZELYALI;0
VENTURA BULAŞIK MAK DTRJAN 20KG;ABACI;0
VENTURA BULAŞIK MAK DTRJAN 20KG;CINARTEPE;0
VENTURA BULAŞIK MAK DTRJAN 20KG;TOROS;0
VENTURA CONTRA 5 KG;TOROS;35,96
VENTURA CONTRA KİREÇ ÇÖZ 20 KG;CINARTEPE;39,05
VENTURA ELDE YIK.BUL.DET.5KG;CINARTEPE;29,73
VENTURA EXTRA ELDE YIK.BUL.DET.20KG;GUZELYALI;29,73
VENTURA EXTRA ELDE YIK.BUL.DET.20KG;ABACI;29,73
VENTURA EXTRA ELDE YIK.BUL.DET.20KG;ADILE;29,73
VENTURA FRESH M (Genel Temizlik Md.) 20 KG;ADILE;29,9
VENTURA FRESH M (Genel Temizlik Md.) 20 KG;GUZELYALI;29,9
VENTURA FRESH M (Genel Temizlik Md.) 20 KG;TOROS;29,9
VENTURA FRESH M (Genel Temizlik Md.) 20 KG;ABACI;29,9
VENTURA GRİLL FIRIN TEM.MAD. 5 KG;CINARTEPE;65,6
VENTURA MATİK 25 KG ENDÜSTRİYEL;CINARTEPE;36,91
VENTURA RİNSE PARLATICI;TOROS;44,21
VENTURA RİNSE PARLATICI;CINARTEPE;44,21
VENTURA RİNSE PARLATICI;GUZELYALI;44,21
VENTURA RİNSE PARLATICI;ABACI;44,21
VENTURA ULTRA CLOR ÇMŞR. SYU 5 LT;CINARTEPE;23
VENÜS BATTAL BOY ÇÖP POŞETİ KOLİ;GUZELYALI;0
VENÜS BATTAL BOY ÇÖP POŞETİ KOLİ;AYAKUSTU;0
VERDE SIZMA Z.YAĞI 5 KG;CINARLI;308,8
Vialli sıvı  sabun dispenseri;GUZELYALI;0
YUMURTA 30 LU;CINARLI;0
ZENCEFİLLİ KURABİYE ;CINARLI;0
ZERDEÇAL TOZ;CINARLI;189
